============================= test session starts ==============================
platform linux -- Python 3.13.3, pytest-9.0.2, pluggy-1.5.0 -- /tmp/gbdraw-s04-cli-venv/bin/python
cachedir: .pytest_cache
rootdir: /tmp/gbdraw-collinear-s04
configfile: pyproject.toml
plugins: anyio-4.9.0, xdist-3.8.0, timeout-2.4.0, cov-7.0.0
timeout: 300.0s
timeout method: signal
timeout func_only: False
collecting ... collected 4322 items / 11 deselected / 4311 selected

tests/test_annotation_planning.py::test_unknown_annotation_set_uses_shared_validation_error PASSED [  0%]
tests/test_annotations.py::test_coordinate_contract_is_one_based_inclusive PASSED [  0%]
tests/test_annotations.py::test_highlight_is_a_supported_region_mark PASSED [  0%]
tests/test_annotations.py::test_highlight_track_flattens_overlaps_and_ignores_explicit_lanes PASSED [  0%]
tests/test_annotations.py::test_annotation_marks_and_spacing_options_change_selected_layout_geometry PASSED [  0%]
tests/test_annotations.py::test_source_coordinates_follow_reverse_coordinate_map PASSED [  0%]
tests/test_annotations.py::test_origin_span_uses_complete_record_topology[circular] PASSED [  0%]
tests/test_annotations.py::test_origin_span_uses_complete_record_topology[linear] PASSED [  0%]
tests/test_annotations.py::test_record_id_must_be_unique_but_index_disambiguates PASSED [  0%]
tests/test_annotations.py::test_feature_target_uses_materialized_features_independent_of_visibility PASSED [  0%]
tests/test_annotations.py::test_table_groups_sets_in_first_appearance_order PASSED [  0%]
tests/test_annotations.py::test_table_rejects_unknown_columns_with_context PASSED [  0%]
tests/test_annotations.py::test_lane_assignment_is_deterministic_and_separates_overlap PASSED [  0%]
tests/test_annotations.py::test_annotation_options_reject_mixed_sources PASSED [  0%]
tests/test_annotations.py::test_annotation_style_has_priority_over_track_override PASSED [  0%]
tests/test_api_library_usage.py::test_documented_gff3_fasta_fixture_preserves_records_and_cds PASSED [  0%]
tests/test_api_library_usage.py::test_api_diagram_options_forward_collinearity_search_scope PASSED [  0%]
tests/test_api_library_usage.py::test_linear_assembler_forwards_normalized_collinearity_anchor_mode[all-all] PASSED [  0%]
tests/test_api_library_usage.py::test_linear_assembler_forwards_normalized_collinearity_anchor_mode[one_to_one-one_to_one] PASSED [  0%]
tests/test_api_library_usage.py::test_linear_assembler_forwards_normalized_collinearity_anchor_mode[top1-one_to_one] PASSED [  0%]
tests/test_api_library_usage.py::test_linear_assembler_forwards_normalized_collinearity_anchor_mode[rbh-rbh] PASSED [  0%]
tests/test_api_library_usage.py::test_each_collinearity_enum_reaches_real_analysis_helper[collinearity_unit_mode-auto-unit_mode] PASSED [  0%]
tests/test_api_library_usage.py::test_each_collinearity_enum_reaches_real_analysis_helper[collinearity_unit_mode-cds-unit_mode] PASSED [  0%]
tests/test_api_library_usage.py::test_each_collinearity_enum_reaches_real_analysis_helper[collinearity_unit_mode-locus-unit_mode] PASSED [  0%]
tests/test_api_library_usage.py::test_each_collinearity_enum_reaches_real_analysis_helper[collinearity_anchor_mode-all-edge_mode] PASSED [  0%]
tests/test_api_library_usage.py::test_each_collinearity_enum_reaches_real_analysis_helper[collinearity_anchor_mode-one_to_one-edge_mode] PASSED [  0%]
tests/test_api_library_usage.py::test_each_collinearity_enum_reaches_real_analysis_helper[collinearity_anchor_mode-rbh-edge_mode] PASSED [  0%]
tests/test_api_library_usage.py::test_each_collinearity_enum_reaches_real_analysis_helper[collinearity_search_scope-adjacent-search_scope] PASSED [  0%]
tests/test_api_library_usage.py::test_each_collinearity_enum_reaches_real_analysis_helper[collinearity_search_scope-all-search_scope] PASSED [  0%]
tests/test_api_library_usage.py::test_each_collinearity_enum_reaches_real_analysis_helper[merge_orientation-strand-params] PASSED [  0%]
tests/test_api_library_usage.py::test_each_collinearity_enum_reaches_real_analysis_helper[merge_orientation-order-params] PASSED [  0%]
tests/test_api_library_usage.py::test_each_collinearity_enum_reaches_real_analysis_helper[merge_orientation-either-params] PASSED [  0%]
tests/test_api_library_usage.py::test_each_collinearity_color_mode_reaches_projection_consumer[average_identity] PASSED [  0%]
tests/test_api_library_usage.py::test_each_collinearity_color_mode_reaches_projection_consumer[orientation] PASSED [  0%]
tests/test_api_library_usage.py::test_each_collinearity_color_mode_reaches_projection_consumer[orientation_identity] PASSED [  0%]
tests/test_api_library_usage.py::test_protein_helpers_have_no_parallel_invocation_builder PASSED [  0%]
tests/test_api_library_usage.py::test_typed_config_override_preserves_label_filtering_dataframes PASSED [  0%]
tests/test_api_library_usage.py::test_diagram_options_attach_explicit_label_tables[circular] PASSED [  0%]
tests/test_api_library_usage.py::test_diagram_options_attach_explicit_label_tables[circular_multi] PASSED [  0%]
tests/test_api_library_usage.py::test_diagram_options_attach_explicit_label_tables[linear] PASSED [  0%]
tests/test_api_library_usage.py::test_diagram_options_attach_explicit_label_files PASSED [  0%]
tests/test_api_library_usage.py::test_diagram_options_reject_label_table_and_file_together[label_whitelist_table-label_whitelist_file] PASSED [  0%]
tests/test_api_library_usage.py::test_diagram_options_reject_label_table_and_file_together[qualifier_priority_table-qualifier_priority_file] PASSED [  0%]
tests/test_api_library_usage.py::test_diagram_options_reject_label_table_and_file_together[label_override_table-label_override_file] PASSED [  1%]
tests/test_api_library_usage.py::test_diagram_options_forward_shared_non_default_values[config-circular] PASSED [  1%]
tests/test_api_library_usage.py::test_diagram_options_forward_shared_non_default_values[config-circular_multi] PASSED [  1%]
tests/test_api_library_usage.py::test_diagram_options_forward_shared_non_default_values[config-linear] PASSED [  1%]
tests/test_api_library_usage.py::test_diagram_options_forward_shared_non_default_values[config_overrides-circular] PASSED [  1%]
tests/test_api_library_usage.py::test_diagram_options_forward_shared_non_default_values[config_overrides-circular_multi] PASSED [  1%]
tests/test_api_library_usage.py::test_diagram_options_forward_shared_non_default_values[config_overrides-linear] PASSED [  1%]
tests/test_api_library_usage.py::test_diagram_options_forward_shared_non_default_values[selected_features_set-circular] PASSED [  1%]
tests/test_api_library_usage.py::test_diagram_options_forward_shared_non_default_values[selected_features_set-circular_multi] PASSED [  1%]
tests/test_api_library_usage.py::test_diagram_options_forward_shared_non_default_values[selected_features_set-linear] PASSED [  1%]
tests/test_api_library_usage.py::test_diagram_options_forward_shared_non_default_values[feature_visibility_table-circular] PASSED [  1%]
tests/test_api_library_usage.py::test_diagram_options_forward_shared_non_default_values[feature_visibility_table-circular_multi] PASSED [  1%]
tests/test_api_library_usage.py::test_diagram_options_forward_shared_non_default_values[feature_visibility_table-linear] PASSED [  1%]
tests/test_api_library_usage.py::test_diagram_options_forward_shared_non_default_values[feature_visibility_table_file-circular] PASSED [  1%]
tests/test_api_library_usage.py::test_diagram_options_forward_shared_non_default_values[feature_visibility_table_file-circular_multi] PASSED [  1%]
tests/test_api_library_usage.py::test_diagram_options_forward_shared_non_default_values[feature_visibility_table_file-linear] PASSED [  1%]
tests/test_api_library_usage.py::test_diagram_options_forward_shared_non_default_values[feature_shapes-circular] PASSED [  1%]
tests/test_api_library_usage.py::test_diagram_options_forward_shared_non_default_values[feature_shapes-circular_multi] PASSED [  1%]
tests/test_api_library_usage.py::test_diagram_options_forward_shared_non_default_values[feature_shapes-linear] PASSED [  1%]
tests/test_api_library_usage.py::test_diagram_options_forward_shared_non_default_values[dinucleotide-circular] PASSED [  1%]
tests/test_api_library_usage.py::test_diagram_options_forward_shared_non_default_values[dinucleotide-circular_multi] PASSED [  1%]
tests/test_api_library_usage.py::test_diagram_options_forward_shared_non_default_values[dinucleotide-linear] PASSED [  1%]
tests/test_api_library_usage.py::test_diagram_options_forward_shared_non_default_values[window-circular] PASSED [  1%]
tests/test_api_library_usage.py::test_diagram_options_forward_shared_non_default_values[window-circular_multi] PASSED [  1%]
tests/test_api_library_usage.py::test_diagram_options_forward_shared_non_default_values[window-linear] PASSED [  1%]
tests/test_api_library_usage.py::test_diagram_options_forward_shared_non_default_values[step-circular] PASSED [  1%]
tests/test_api_library_usage.py::test_diagram_options_forward_shared_non_default_values[step-circular_multi] PASSED [  1%]
tests/test_api_library_usage.py::test_diagram_options_forward_shared_non_default_values[step-linear] PASSED [  1%]
tests/test_api_library_usage.py::test_diagram_options_forward_shared_non_default_values[depth_window-circular] PASSED [  1%]
tests/test_api_library_usage.py::test_diagram_options_forward_shared_non_default_values[depth_window-circular_multi] PASSED [  1%]
tests/test_api_library_usage.py::test_diagram_options_forward_shared_non_default_values[depth_window-linear] PASSED [  1%]
tests/test_api_library_usage.py::test_diagram_options_forward_shared_non_default_values[depth_step-circular] PASSED [  1%]
tests/test_api_library_usage.py::test_diagram_options_forward_shared_non_default_values[depth_step-circular_multi] PASSED [  1%]
tests/test_api_library_usage.py::test_diagram_options_forward_shared_non_default_values[depth_step-linear] PASSED [  1%]
tests/test_api_library_usage.py::test_diagram_options_forward_shared_non_default_values[depth_table-circular] PASSED [  1%]
tests/test_api_library_usage.py::test_diagram_options_forward_shared_non_default_values[depth_table-circular_multi] PASSED [  1%]
tests/test_api_library_usage.py::test_diagram_options_forward_shared_non_default_values[depth_table-linear] PASSED [  1%]
tests/test_api_library_usage.py::test_diagram_options_forward_shared_non_default_values[depth_file-circular] PASSED [  1%]
tests/test_api_library_usage.py::test_diagram_options_forward_shared_non_default_values[depth_file-circular_multi] PASSED [  1%]
tests/test_api_library_usage.py::test_diagram_options_forward_shared_non_default_values[depth_file-linear] PASSED [  1%]
tests/test_api_library_usage.py::test_diagram_options_forward_shared_non_default_values[depth_track_tables-circular] PASSED [  1%]
tests/test_api_library_usage.py::test_diagram_options_forward_shared_non_default_values[depth_track_tables-circular_multi] PASSED [  1%]
tests/test_api_library_usage.py::test_diagram_options_forward_shared_non_default_values[depth_track_tables-linear] PASSED [  1%]
tests/test_api_library_usage.py::test_diagram_options_forward_shared_non_default_values[depth_track_files-circular] PASSED [  2%]
tests/test_api_library_usage.py::test_diagram_options_forward_shared_non_default_values[depth_track_files-circular_multi] PASSED [  2%]
tests/test_api_library_usage.py::test_diagram_options_forward_shared_non_default_values[depth_track_files-linear] PASSED [  2%]
tests/test_api_library_usage.py::test_diagram_options_forward_shared_non_default_values[depth_track_labels-circular] PASSED [  2%]
tests/test_api_library_usage.py::test_diagram_options_forward_shared_non_default_values[depth_track_labels-circular_multi] PASSED [  2%]
tests/test_api_library_usage.py::test_diagram_options_forward_shared_non_default_values[depth_track_labels-linear] PASSED [  2%]
tests/test_api_library_usage.py::test_diagram_options_forward_shared_non_default_values[depth_track_colors-circular] PASSED [  2%]
tests/test_api_library_usage.py::test_diagram_options_forward_shared_non_default_values[depth_track_colors-circular_multi] PASSED [  2%]
tests/test_api_library_usage.py::test_diagram_options_forward_shared_non_default_values[depth_track_colors-linear] PASSED [  2%]
tests/test_api_library_usage.py::test_diagram_options_forward_shared_non_default_values[depth_track_large_tick_intervals-circular] PASSED [  2%]
tests/test_api_library_usage.py::test_diagram_options_forward_shared_non_default_values[depth_track_large_tick_intervals-circular_multi] PASSED [  2%]
tests/test_api_library_usage.py::test_diagram_options_forward_shared_non_default_values[depth_track_large_tick_intervals-linear] PASSED [  2%]
tests/test_api_library_usage.py::test_diagram_options_forward_shared_non_default_values[depth_track_small_tick_intervals-circular] PASSED [  2%]
tests/test_api_library_usage.py::test_diagram_options_forward_shared_non_default_values[depth_track_small_tick_intervals-circular_multi] PASSED [  2%]
tests/test_api_library_usage.py::test_diagram_options_forward_shared_non_default_values[depth_track_small_tick_intervals-linear] PASSED [  2%]
tests/test_api_library_usage.py::test_diagram_options_forward_shared_non_default_values[depth_track_tick_font_sizes-circular] PASSED [  2%]
tests/test_api_library_usage.py::test_diagram_options_forward_shared_non_default_values[depth_track_tick_font_sizes-circular_multi] PASSED [  2%]
tests/test_api_library_usage.py::test_diagram_options_forward_shared_non_default_values[depth_track_tick_font_sizes-linear] PASSED [  2%]
tests/test_api_library_usage.py::test_diagram_options_forward_shared_non_default_values[plot_title-circular] PASSED [  2%]
tests/test_api_library_usage.py::test_diagram_options_forward_shared_non_default_values[plot_title-circular_multi] PASSED [  2%]
tests/test_api_library_usage.py::test_diagram_options_forward_shared_non_default_values[plot_title-linear] PASSED [  2%]
tests/test_api_library_usage.py::test_diagram_options_forward_shared_non_default_values[plot_title_font_size-circular] PASSED [  2%]
tests/test_api_library_usage.py::test_diagram_options_forward_shared_non_default_values[plot_title_font_size-circular_multi] PASSED [  2%]
tests/test_api_library_usage.py::test_diagram_options_forward_shared_non_default_values[plot_title_font_size-linear] PASSED [  2%]
tests/test_api_library_usage.py::test_diagram_options_forward_shared_non_default_values[evalue-circular] PASSED [  2%]
tests/test_api_library_usage.py::test_diagram_options_forward_shared_non_default_values[evalue-circular_multi] PASSED [  2%]
tests/test_api_library_usage.py::test_diagram_options_forward_shared_non_default_values[evalue-linear] PASSED [  2%]
tests/test_api_library_usage.py::test_diagram_options_forward_shared_non_default_values[bitscore-circular] PASSED [  2%]
tests/test_api_library_usage.py::test_diagram_options_forward_shared_non_default_values[bitscore-circular_multi] PASSED [  2%]
tests/test_api_library_usage.py::test_diagram_options_forward_shared_non_default_values[bitscore-linear] PASSED [  2%]
tests/test_api_library_usage.py::test_diagram_options_forward_shared_non_default_values[identity-circular] PASSED [  2%]
tests/test_api_library_usage.py::test_diagram_options_forward_shared_non_default_values[identity-circular_multi] PASSED [  2%]
tests/test_api_library_usage.py::test_diagram_options_forward_shared_non_default_values[identity-linear] PASSED [  2%]
tests/test_api_library_usage.py::test_diagram_options_forward_shared_non_default_values[alignment_length-circular] PASSED [  2%]
tests/test_api_library_usage.py::test_diagram_options_forward_shared_non_default_values[alignment_length-circular_multi] PASSED [  2%]
tests/test_api_library_usage.py::test_diagram_options_forward_shared_non_default_values[alignment_length-linear] PASSED [  2%]
tests/test_api_library_usage.py::test_diagram_option_bundles_forward_non_default_values[circular] PASSED [  2%]
tests/test_api_library_usage.py::test_diagram_option_bundles_forward_non_default_values[circular_multi] PASSED [  2%]
tests/test_api_library_usage.py::test_diagram_option_bundles_forward_non_default_values[linear] PASSED [  2%]
tests/test_api_library_usage.py::test_plural_depth_options_forward_with_mode_specific_shape[depth_tables-value0-depth_tables-expected0-circular] PASSED [  2%]
tests/test_api_library_usage.py::test_plural_depth_options_forward_with_mode_specific_shape[depth_tables-value0-depth_tables-expected0-circular_multi] PASSED [  2%]
tests/test_api_library_usage.py::test_plural_depth_options_forward_with_mode_specific_shape[depth_tables-value0-depth_tables-expected0-linear] PASSED [  2%]
tests/test_api_library_usage.py::test_plural_depth_options_forward_with_mode_specific_shape[depth_files-value1-depth_files-expected1-circular] PASSED [  2%]
tests/test_api_library_usage.py::test_plural_depth_options_forward_with_mode_specific_shape[depth_files-value1-depth_files-expected1-circular_multi] PASSED [  3%]
tests/test_api_library_usage.py::test_plural_depth_options_forward_with_mode_specific_shape[depth_files-value1-depth_files-expected1-linear] PASSED [  3%]
tests/test_api_library_usage.py::test_diagram_options_forward_circular_only_non_default_values[conservation_blast_files-circular] PASSED [  3%]
tests/test_api_library_usage.py::test_diagram_options_forward_circular_only_non_default_values[conservation_blast_files-circular_multi] PASSED [  3%]
tests/test_api_library_usage.py::test_diagram_options_forward_circular_only_non_default_values[conservation_dataframes-circular] PASSED [  3%]
tests/test_api_library_usage.py::test_diagram_options_forward_circular_only_non_default_values[conservation_dataframes-circular_multi] PASSED [  3%]
tests/test_api_library_usage.py::test_diagram_options_forward_circular_only_non_default_values[conservation_reference-circular] PASSED [  3%]
tests/test_api_library_usage.py::test_diagram_options_forward_circular_only_non_default_values[conservation_reference-circular_multi] PASSED [  3%]
tests/test_api_library_usage.py::test_diagram_options_forward_circular_only_non_default_values[conservation_labels-circular] PASSED [  3%]
tests/test_api_library_usage.py::test_diagram_options_forward_circular_only_non_default_values[conservation_labels-circular_multi] PASSED [  3%]
tests/test_api_library_usage.py::test_diagram_options_forward_circular_only_non_default_values[conservation_colors-circular] PASSED [  3%]
tests/test_api_library_usage.py::test_diagram_options_forward_circular_only_non_default_values[conservation_colors-circular_multi] PASSED [  3%]
tests/test_api_library_usage.py::test_diagram_options_forward_circular_only_non_default_values[conservation_ring_width-circular] PASSED [  3%]
tests/test_api_library_usage.py::test_diagram_options_forward_circular_only_non_default_values[conservation_ring_width-circular_multi] PASSED [  3%]
tests/test_api_library_usage.py::test_diagram_options_forward_circular_only_non_default_values[conservation_ring_gap-circular] PASSED [  3%]
tests/test_api_library_usage.py::test_diagram_options_forward_circular_only_non_default_values[conservation_ring_gap-circular_multi] PASSED [  3%]
tests/test_api_library_usage.py::test_diagram_options_forward_circular_only_non_default_values[keep_full_definition_with_plot_title-circular] PASSED [  3%]
tests/test_api_library_usage.py::test_diagram_options_forward_circular_only_non_default_values[keep_full_definition_with_plot_title-circular_multi] PASSED [  3%]
tests/test_api_library_usage.py::test_diagram_options_forward_circular_only_non_default_values[species-circular] PASSED [  3%]
tests/test_api_library_usage.py::test_diagram_options_forward_circular_only_non_default_values[species-circular_multi] PASSED [  3%]
tests/test_api_library_usage.py::test_diagram_options_forward_circular_only_non_default_values[strain-circular] PASSED [  3%]
tests/test_api_library_usage.py::test_diagram_options_forward_circular_only_non_default_values[strain-circular_multi] PASSED [  3%]
tests/test_api_library_usage.py::test_diagram_options_forward_linear_only_non_default_values[depth_track_heights] PASSED [  3%]
tests/test_api_library_usage.py::test_diagram_options_forward_linear_only_non_default_values[blast_files] PASSED [  3%]
tests/test_api_library_usage.py::test_diagram_options_forward_linear_only_non_default_values[protein_comparisons] PASSED [  3%]
tests/test_api_library_usage.py::test_diagram_options_forward_linear_only_non_default_values[orthogroups] PASSED [  3%]
tests/test_api_library_usage.py::test_diagram_options_forward_linear_only_non_default_values[protein_blastp_mode] PASSED [  3%]
tests/test_api_library_usage.py::test_diagram_options_forward_linear_only_non_default_values[pairwise_match_style] PASSED [  3%]
tests/test_api_library_usage.py::test_diagram_options_forward_linear_only_non_default_values[collinearity_blocks] PASSED [  3%]
tests/test_api_library_usage.py::test_diagram_options_forward_linear_only_non_default_values[collinearity_unit_mode] PASSED [  3%]
tests/test_api_library_usage.py::test_diagram_options_forward_linear_only_non_default_values[collinearity_anchor_mode] PASSED [  3%]
tests/test_api_library_usage.py::test_diagram_options_forward_linear_only_non_default_values[collinearity_search_scope] PASSED [  3%]
tests/test_api_library_usage.py::test_diagram_options_forward_linear_only_non_default_values[collinearity_color_mode] PASSED [  3%]
tests/test_api_library_usage.py::test_diagram_options_forward_linear_only_non_default_values[losatp_bin] PASSED [  3%]
tests/test_api_library_usage.py::test_diagram_options_forward_linear_only_non_default_values[ncbi_blastp_bin] PASSED [  3%]
tests/test_api_library_usage.py::test_diagram_options_forward_linear_only_non_default_values[losatp_threads] PASSED [  3%]
tests/test_api_library_usage.py::test_diagram_options_forward_linear_only_non_default_values[protein_blastp_max_hits] PASSED [  3%]
tests/test_api_library_usage.py::test_diagram_options_forward_linear_only_non_default_values[protein_blastp_candidate_limit] PASSED [  3%]
tests/test_api_library_usage.py::test_diagram_options_forward_linear_only_non_default_values[orthogroup_membership_mode] PASSED [  3%]
tests/test_api_library_usage.py::test_diagram_options_forward_linear_only_non_default_values[orthogroup_member_max_hits] PASSED [  3%]
tests/test_api_library_usage.py::test_diagram_options_forward_linear_only_non_default_values[collinear_max_paralog_links_per_orthogroup] PASSED [  3%]
tests/test_api_library_usage.py::test_diagram_options_forward_linear_only_non_default_values[align_orthogroup_feature] PASSED [  3%]
tests/test_api_library_usage.py::test_single_circular_builder_rejects_ambiguous_or_lossy_depth_options[options0-one depth table] PASSED [  3%]
tests/test_api_library_usage.py::test_single_circular_builder_rejects_ambiguous_or_lossy_depth_options[options1-one depth table] PASSED [  4%]
tests/test_api_library_usage.py::test_single_circular_builder_rejects_ambiguous_or_lossy_depth_options[options2-one depth file] PASSED [  4%]
tests/test_api_library_usage.py::test_single_circular_builder_rejects_ambiguous_or_lossy_depth_options[options3-one depth file] PASSED [  4%]
tests/test_api_library_usage.py::test_single_circular_builder_rejects_ambiguous_or_lossy_depth_options[options4-singular.*plural] PASSED [  4%]
tests/test_api_library_usage.py::test_single_circular_builder_rejects_ambiguous_or_lossy_depth_options[options5-singular.*plural] PASSED [  4%]
tests/test_api_library_usage.py::test_single_circular_builder_rejects_ambiguous_or_lossy_depth_options[options6-singular.*plural] PASSED [  4%]
tests/test_api_library_usage.py::test_single_circular_builder_rejects_ambiguous_or_lossy_depth_options[options7-table.*file] PASSED [  4%]
tests/test_api_library_usage.py::test_single_circular_builder_rejects_ambiguous_or_lossy_depth_options[options8-table.*file] PASSED [  4%]
tests/test_api_library_usage.py::test_circular_multi_builder_forwards_layout_options PASSED [  4%]
tests/test_api_library_usage.py::test_api_circular_minimal PASSED        [  4%]
tests/test_api_library_usage.py::test_api_linear_gene_specific_rule_uses_default_fallback_for_legend PASSED [  4%]
tests/test_api_library_usage.py::test_api_linear_minimal PASSED          [  4%]
tests/test_api_request_render.py::test_derived_identity_includes_hidden_reverse_and_self_raw_inputs PASSED [  4%]
tests/test_api_request_render.py::test_derived_identity_changes_with_each_lossless_collinearity_parameter[min-anchors] PASSED [  4%]
tests/test_api_request_render.py::test_derived_identity_changes_with_each_lossless_collinearity_parameter[max-unit-gap] PASSED [  4%]
tests/test_api_request_render.py::test_derived_identity_changes_with_each_lossless_collinearity_parameter[max-diagonal-drift] PASSED [  4%]
tests/test_api_request_render.py::test_derived_identity_changes_with_each_lossless_collinearity_parameter[max-conflicts] PASSED [  4%]
tests/test_api_request_render.py::test_derived_identity_changes_with_each_lossless_collinearity_parameter[merge-orientation] PASSED [  4%]
tests/test_api_request_render.py::test_omitted_and_explicit_collinearity_defaults_share_derived_identity PASSED [  4%]
tests/test_api_request_render.py::test_collinear_derived_identity_changes_with_each_active_option[member-hits] PASSED [  4%]
tests/test_api_request_render.py::test_collinear_derived_identity_changes_with_each_active_option[unit-mode] PASSED [  4%]
tests/test_api_request_render.py::test_collinear_derived_identity_changes_with_each_active_option[anchor-mode] PASSED [  4%]
tests/test_api_request_render.py::test_collinear_derived_identity_changes_with_each_active_option[search-scope] PASSED [  4%]
tests/test_api_request_render.py::test_collinear_derived_identity_changes_with_each_active_option[color-mode] PASSED [  4%]
tests/test_api_request_render.py::test_collinear_derived_identity_changes_with_each_active_option[paralog-links] PASSED [  4%]
tests/test_api_request_render.py::test_collinear_derived_identity_changes_with_each_active_option[inference] PASSED [  4%]
tests/test_api_request_render.py::test_derived_identity_excludes_inactive_and_render_only_options PASSED [  4%]
tests/test_api_request_render.py::test_collinear_derived_provenance_records_requested_and_effective_units PASSED [  4%]
tests/test_api_request_render.py::test_empty_api_derived_result_passes_current_session_validation[orthogroup] PASSED [  4%]
tests/test_api_request_render.py::test_empty_api_derived_result_passes_current_session_validation[collinear] PASSED [  4%]
tests/test_api_request_render.py::test_current_derived_artifacts_require_resolved_manifest_handles PASSED [  4%]
tests/test_api_request_render.py::test_request_render_module_does_not_import_cli_or_session_owners PASSED [  4%]
tests/test_api_request_render.py::test_fresh_request_render_has_no_session_compatibility_path PASSED [  4%]
tests/test_api_request_render.py::test_current_request_artifacts_reject_unsupported_schema PASSED [  4%]
tests/test_api_request_render.py::test_build_request_diagram_rejects_falsey_untyped_artifacts PASSED [  4%]
tests/test_api_request_render.py::test_cli_renderers_do_not_call_assemblers_or_export_directly[circular.py] PASSED [  4%]
tests/test_api_request_render.py::test_cli_renderers_do_not_call_assemblers_or_export_directly[linear.py] PASSED [  4%]
tests/test_api_request_render.py::test_normalize_in_memory_record_applies_region_and_presentation_without_mutation PASSED [  4%]
tests/test_api_request_render.py::test_normalize_in_memory_record_validates_selector PASSED [  4%]
tests/test_api_request_render.py::test_normalize_gff_fasta_source_uses_selector PASSED [  4%]
tests/test_api_request_render.py::test_normalize_single_record_gff_fasta_source_without_selector PASSED [  4%]
tests/test_api_request_render.py::test_linear_record_first_cardinality_is_explicit_with_comparisons PASSED [  4%]
tests/test_api_request_render.py::test_prepared_request_resolves_feature_inputs_once_for_gff_and_metadata PASSED [  4%]
tests/test_api_request_render.py::test_option_resolution_clears_shadowed_file_inputs_without_reading PASSED [  5%]
tests/test_api_request_render.py::test_circular_planner_owns_topology_warnings[circular-None] PASSED [  5%]
tests/test_api_request_render.py::test_circular_planner_owns_topology_warnings[None-None] PASSED [  5%]
tests/test_api_request_render.py::test_circular_planner_owns_topology_warnings[linear-is linear] PASSED [  5%]
tests/test_api_request_render.py::test_circular_planner_owns_topology_warnings[unknown-not available] PASSED [  5%]
tests/test_api_request_render.py::test_mode_planners_return_validated_plan_types PASSED [  5%]
tests/test_api_request_render.py::test_public_plan_values_reject_inconsistent_construction PASSED [  5%]
tests/test_api_request_render.py::test_build_circular_request_derives_row_and_column_order PASSED [  5%]
tests/test_api_request_render.py::test_build_linear_request_uses_typed_result_builder PASSED [  5%]
tests/test_api_request_render.py::test_resolved_plan_can_be_built_without_planning_again PASSED [  5%]
tests/test_api_request_render.py::test_computed_orthogroups_flow_through_typed_metadata_to_interactive_context PASSED [  5%]
tests/test_api_request_render.py::test_circular_batch_items_share_prepared_feature_inputs PASSED [  5%]
tests/test_api_request_render.py::test_render_request_passes_output_policy_and_returns_existing_paths PASSED [  5%]
tests/test_api_request_render.py::test_render_request_plain_svg_retains_catalog_context_only_when_opted_in PASSED [  5%]
tests/test_api_request_render.py::test_render_request_plain_svg_skips_catalog_context_by_default PASSED [  5%]
tests/test_api_request_render.py::test_render_request_fails_when_interactive_metadata_generation_fails PASSED [  5%]
tests/test_api_request_render.py::test_render_request_circular_smoke_creates_svg PASSED [  5%]
tests/test_api_request_render.py::test_render_request_circular_consumes_record_title_presentation PASSED [  5%]
tests/test_api_request_render.py::test_render_request_preserves_dotted_output_prefix PASSED [  5%]
tests/test_api_request_render.py::test_render_request_circular_batch_creates_one_output_per_record PASSED [  5%]
tests/test_api_request_render.py::test_render_request_circular_batch_loads_needed_comparison_fasta_once[formats0-False] PASSED [  5%]
tests/test_api_request_render.py::test_render_request_circular_batch_loads_needed_comparison_fasta_once[formats1-True] PASSED [  5%]
tests/test_api_request_render.py::test_prepared_request_memoizes_comparison_fasta_records PASSED [  5%]
tests/test_api_request_render.py::test_render_request_only_requires_comparison_fasta_for_interactive_output[formats0] PASSED [  5%]
tests/test_api_request_render.py::test_render_request_only_requires_comparison_fasta_for_interactive_output[formats1] PASSED [  5%]
tests/test_api_request_render.py::test_render_request_circular_batch_preflights_existing_outputs PASSED [  5%]
tests/test_api_request_render.py::test_render_request_circular_batch_rejects_aliased_output_paths_before_build PASSED [  5%]
tests/test_api_request_render.py::test_render_request_preflights_resolved_batch_policy_before_build PASSED [  5%]
tests/test_api_request_render.py::test_render_request_rejects_nonreplaceable_batch_target_before_build[directory] PASSED [  5%]
tests/test_api_request_render.py::test_render_request_rejects_nonreplaceable_batch_target_before_build[file-parent] PASSED [  5%]
tests/test_api_request_render.py::test_render_request_rejects_implicit_record_path_through_symlink PASSED [  5%]
tests/test_api_request_render.py::test_render_request_preflights_every_single_request_format_before_build[circular] PASSED [  5%]
tests/test_api_request_render.py::test_render_request_preflights_every_single_request_format_before_build[linear] PASSED [  5%]
tests/test_api_requests.py::test_request_module_does_not_import_cli_or_session_owners PASSED [  5%]
tests/test_api_requests.py::test_record_sources_normalize_materialized_paths PASSED [  5%]
tests/test_api_requests.py::test_record_source_accepts_an_in_memory_seqrecord PASSED [  5%]
tests/test_api_requests.py::test_new_request_fields_preserve_released_positional_arguments PASSED [  5%]
tests/test_api_requests.py::test_in_memory_record_source_rejects_other_objects PASSED [  5%]
tests/test_api_requests.py::test_record_sources_reject_missing_paths[<lambda>0] PASSED [  5%]
tests/test_api_requests.py::test_record_sources_reject_missing_paths[<lambda>1] PASSED [  5%]
tests/test_api_requests.py::test_record_sources_reject_missing_paths[<lambda>2] PASSED [  5%]
tests/test_api_requests.py::test_record_input_rejects_duplicate_selector_owners PASSED [  5%]
tests/test_api_requests.py::test_record_input_rejects_duplicate_reverse_complement PASSED [  5%]
tests/test_api_requests.py::test_record_presentation_accepts_typed_values[presentation0] PASSED [  6%]
tests/test_api_requests.py::test_record_presentation_accepts_typed_values[presentation1] PASSED [  6%]
tests/test_api_requests.py::test_record_presentation_rejects_invalid_values[kwargs0] PASSED [  6%]
tests/test_api_requests.py::test_record_presentation_rejects_invalid_values[kwargs1] PASSED [  6%]
tests/test_api_requests.py::test_record_presentation_rejects_invalid_values[kwargs2] PASSED [  6%]
tests/test_api_requests.py::test_record_presentation_rejects_invalid_values[kwargs3] PASSED [  6%]
tests/test_api_requests.py::test_circular_request_normalizes_records_and_default_multi_layout PASSED [  6%]
tests/test_api_requests.py::test_circular_request_allows_explicit_one_record_grid PASSED [  6%]
tests/test_api_requests.py::test_circular_batch_requires_one_unique_output_per_record PASSED [  6%]
tests/test_api_requests.py::test_circular_request_accepts_unique_record_grid PASSED [  6%]
tests/test_api_requests.py::test_circular_request_rejects_partial_or_duplicate_grid PASSED [  6%]
tests/test_api_requests.py::test_circular_request_rejects_two_placement_sources PASSED [  6%]
tests/test_api_requests.py::test_linear_request_rejects_circular_grid_placement PASSED [  6%]
tests/test_api_requests.py::test_requests_reject_empty_record_sequences PASSED [  6%]
tests/test_api_requests.py::test_requests_require_mode_specific_diagram_options PASSED [  6%]
tests/test_api_requests.py::test_mode_specific_option_fields_do_not_overlap_other_mode_features PASSED [  6%]
tests/test_api_requests.py::test_mode_specific_output_options_reject_other_mode_title_positions PASSED [  6%]
tests/test_api_requests.py::test_mode_specific_options_accept_owned_config_override_paths[CircularDiagramOptions-canvas.circular.track_type-middle] PASSED [  6%]
tests/test_api_requests.py::test_mode_specific_options_accept_owned_config_override_paths[LinearDiagramOptions-canvas.linear.track_layout-above] PASSED [  6%]
tests/test_api_requests.py::test_both_modes_accept_shared_scale_visibility_override[CircularDiagramOptions] PASSED [  6%]
tests/test_api_requests.py::test_both_modes_accept_shared_scale_visibility_override[LinearDiagramOptions] PASSED [  6%]
tests/test_api_requests.py::test_mode_specific_options_reject_other_mode_config_override_paths[CircularDiagramOptions-canvas.linear.track_layout-above-Linear] PASSED [  6%]
tests/test_api_requests.py::test_mode_specific_options_reject_other_mode_config_override_paths[CircularDiagramOptions-objects.axis.linear.stroke_color-black-Linear] PASSED [  6%]
tests/test_api_requests.py::test_mode_specific_options_reject_other_mode_config_override_paths[LinearDiagramOptions-canvas.circular.track_type-middle-Circular] PASSED [  6%]
tests/test_api_requests.py::test_circular_options_reject_invalid_mode_values[kwargs0] PASSED [  6%]
tests/test_api_requests.py::test_circular_options_reject_invalid_mode_values[kwargs1] PASSED [  6%]
tests/test_api_requests.py::test_circular_options_reject_invalid_mode_values[kwargs2] PASSED [  6%]
tests/test_api_requests.py::test_linear_options_reject_invalid_mode_values[kwargs0] PASSED [  6%]
tests/test_api_requests.py::test_linear_options_reject_invalid_mode_values[kwargs1] PASSED [  6%]
tests/test_api_requests.py::test_linear_options_reject_invalid_mode_values[kwargs2] PASSED [  6%]
tests/test_api_requests.py::test_linear_options_reject_invalid_mode_values[kwargs3] PASSED [  6%]
tests/test_api_requests.py::test_linear_options_reject_invalid_mode_values[kwargs4] PASSED [  6%]
tests/test_api_requests.py::test_linear_options_reject_invalid_mode_values[kwargs5] PASSED [  6%]
tests/test_api_requests.py::test_linear_options_reject_invalid_mode_values[kwargs6] PASSED [  6%]
tests/test_api_requests.py::test_linear_options_reject_invalid_mode_values[kwargs7] PASSED [  6%]
tests/test_api_requests.py::test_linear_options_reject_invalid_mode_values[kwargs8] PASSED [  6%]
tests/test_api_requests.py::test_linear_options_normalize_supported_mode_aliases PASSED [  6%]
tests/test_api_requests.py::test_linear_protein_option_defaults_match_explicit_typed_values PASSED [  6%]
tests/test_api_requests.py::test_render_output_request_normalizes_formats_and_paths PASSED [  6%]
tests/test_api_requests.py::test_render_output_request_rejects_invalid_values[kwargs0] PASSED [  6%]
tests/test_api_requests.py::test_render_output_request_rejects_invalid_values[kwargs1] PASSED [  6%]
tests/test_api_requests.py::test_render_output_request_rejects_invalid_values[kwargs2] PASSED [  6%]
tests/test_api_requests.py::test_render_output_request_rejects_invalid_values[kwargs3] PASSED [  6%]
tests/test_api_requests.py::test_render_output_request_rejects_invalid_values[kwargs4] PASSED [  7%]
tests/test_api_requests.py::test_render_output_request_rejects_invalid_values[kwargs5] PASSED [  7%]
tests/test_api_requests.py::test_render_output_request_rejects_invalid_values[kwargs6] PASSED [  7%]
tests/test_api_requests.py::test_render_output_request_rejects_invalid_values[kwargs7] PASSED [  7%]
tests/test_api_requests.py::test_render_output_request_rejects_invalid_values[kwargs8] PASSED [  7%]
tests/test_api_requests.py::test_render_output_request_rejects_invalid_values[kwargs9] PASSED [  7%]
tests/test_api_requests.py::test_render_output_request_rejects_invalid_values[kwargs10] PASSED [  7%]
tests/test_api_requests.py::test_render_output_request_rejects_invalid_values[kwargs11] PASSED [  7%]
tests/test_api_requests.py::test_render_output_request_rejects_invalid_values[kwargs12] PASSED [  7%]
tests/test_api_requests.py::test_render_output_request_rejects_invalid_values[kwargs13] PASSED [  7%]
tests/test_api_requests.py::test_render_output_request_rejects_invalid_values[kwargs14] PASSED [  7%]
tests/test_api_requests.py::test_render_output_request_rejects_invalid_values[kwargs15] PASSED [  7%]
tests/test_api_requests.py::test_circular_batch_output_policy_rejects_control_characters PASSED [  7%]
tests/test_api_session.py::test_session_document_round_trip_owns_resource_lifetime[CircularDiagramRequest-circular] PASSED [  7%]
tests/test_api_session.py::test_session_document_round_trip_owns_resource_lifetime[LinearDiagramRequest-linear] PASSED [  7%]
tests/test_api_session.py::test_session_document_save_load_and_render PASSED [  7%]
tests/test_api_session.py::test_session_document_gzip_save_load PASSED   [  7%]
tests/test_api_session.py::test_session_document_requires_explicit_overwrite PASSED [  7%]
tests/test_api_session.py::test_direct_session_render_ignores_stored_overwrite_permission PASSED [  7%]
tests/test_api_session.py::test_current_document_quarantines_legacy_protein_cache_on_save PASSED [  7%]
tests/test_api_session.py::test_legacy_session_has_no_public_typed_conversion PASSED [  7%]
tests/test_api_session.py::test_duplicate_json_resource_id_is_rejected PASSED [  7%]
tests/test_api_session.py::test_duplicate_sanitized_resource_name_is_rejected PASSED [  7%]
tests/test_api_session.py::test_partial_materialization_failure_cleans_owned_directory PASSED [  7%]
tests/test_api_session.py::test_session_document_returns_detached_payload PASSED [  7%]
tests/test_api_session.py::test_v32_web_slot_specs_drop_only_legacy_feature_geometry PASSED [  7%]
tests/test_api_session.py::test_v32_structured_slots_preserve_non_feature_geometry_and_fields PASSED [  7%]
tests/test_api_session.py::test_current_session_preserves_v2_feature_geometry PASSED [  7%]
tests/test_api_session.py::test_web_writer_payload_decodes_with_python_codec PASSED [  7%]
tests/test_api_session.py::test_web_depth_writer_payload_decodes_with_python_codec PASSED [  7%]
tests/test_api_session.py::test_web_resolved_protein_writer_preserves_alignment_settings PASSED [  7%]
tests/test_api_session.py::test_python_typed_protein_round_trip_with_explicit_adjacent_comparison[result] PASSED [  7%]
tests/test_api_session.py::test_python_typed_protein_round_trip_with_explicit_adjacent_comparison[blocks] PASSED [  7%]
tests/test_api_session.py::test_python_depth_request_projects_in_web PASSED [  7%]
tests/test_api_session.py::test_record_local_collinear_catalog_session_round_trip[adjacent] PASSED [  7%]
tests/test_api_session.py::test_record_local_collinear_catalog_session_round_trip[all] PASSED [  7%]
tests/test_api_session.py::test_composite_document_replays_only_committed_request PASSED [  7%]
tests/test_chloroplast_placement.py::test_chloroplast_placement_preserves_lanes_and_clears_labels_and_legend[False-both-False] PASSED [  7%]
tests/test_chloroplast_placement.py::test_chloroplast_placement_preserves_lanes_and_clears_labels_and_legend[False-both-True] PASSED [  7%]
tests/test_chloroplast_placement.py::test_chloroplast_placement_preserves_lanes_and_clears_labels_and_legend[False-outer-False] PASSED [  7%]
tests/test_chloroplast_placement.py::test_chloroplast_placement_preserves_lanes_and_clears_labels_and_legend[False-outer-True] PASSED [  7%]
tests/test_chloroplast_placement.py::test_chloroplast_placement_preserves_lanes_and_clears_labels_and_legend[True-both-False] PASSED [  7%]
tests/test_chloroplast_placement.py::test_chloroplast_placement_preserves_lanes_and_clears_labels_and_legend[True-both-True] PASSED [  7%]
tests/test_chloroplast_placement.py::test_chloroplast_placement_preserves_lanes_and_clears_labels_and_legend[True-outer-False] PASSED [  8%]
tests/test_chloroplast_placement.py::test_chloroplast_placement_preserves_lanes_and_clears_labels_and_legend[True-outer-True] PASSED [  8%]
tests/test_ci_import_boundaries.py::test_record_display_browser_module_imports_without_playwright PASSED [  8%]
tests/test_circular_annotation_tracks.py::test_circular_annotation_renderer_parses_width PASSED [  8%]
tests/test_circular_annotation_tracks.py::test_circular_annotation_overlay_rejects_unknown_anchor_in_complete_list PASSED [  8%]
tests/test_circular_annotation_tracks.py::test_circular_annotation_overlay_rejects_annotation_anchor PASSED [  8%]
tests/test_circular_annotation_tracks.py::test_circular_annotation_overlay_rejects_spacer_anchor PASSED [  8%]
tests/test_circular_annotation_tracks.py::test_circular_annotation_overlay_allows_split_feature_anchor PASSED [  8%]
tests/test_circular_annotation_tracks.py::test_circular_annotation_cover_anchor_uses_feature_band_width PASSED [  8%]
tests/test_circular_annotation_tracks.py::test_circular_overlay_annotation_can_share_an_on_axis_feature_anchor PASSED [  8%]
tests/test_circular_annotation_tracks.py::test_circular_origin_annotation_renders_two_safe_paths PASSED [  8%]
tests/test_circular_annotation_tracks.py::test_circular_highlight_automatically_renders_behind_features PASSED [  8%]
tests/test_circular_annotation_tracks.py::test_circular_automatic_annotation_slots_respect_hidden_scale PASSED [  8%]
tests/test_circular_annotation_tracks.py::test_circular_multi_record_annotations_bind_by_record_index PASSED [  8%]
tests/test_circular_composition.py::test_circular_composition_uses_exact_dock_gap_and_edge_padding[left] PASSED [  8%]
tests/test_circular_composition.py::test_circular_composition_uses_exact_dock_gap_and_edge_padding[right] PASSED [  8%]
tests/test_circular_composition.py::test_circular_composition_uses_exact_dock_gap_and_edge_padding[top] PASSED [  8%]
tests/test_circular_composition.py::test_circular_composition_uses_exact_dock_gap_and_edge_padding[bottom] PASSED [  8%]
tests/test_circular_composition.py::test_circular_composition_omits_empty_legend_and_places_title_once PASSED [  8%]
tests/test_circular_composition.py::test_circular_overlay_compatibility_offsets_copy_final_plan[upper_left] PASSED [  8%]
tests/test_circular_composition.py::test_circular_overlay_compatibility_offsets_copy_final_plan[upper_right] PASSED [  8%]
tests/test_circular_composition.py::test_circular_overlay_compatibility_offsets_copy_final_plan[lower_left] PASSED [  8%]
tests/test_circular_composition.py::test_circular_overlay_compatibility_offsets_copy_final_plan[lower_right] PASSED [  8%]
tests/test_circular_conservation.py::test_conservation_loader_keeps_logical_source_indexes_after_skip PASSED [  8%]
tests/test_circular_conservation.py::test_conservation_normalization_uses_subject_reverse_coordinates PASSED [  8%]
tests/test_circular_conservation.py::test_conservation_empty_valid_source_keeps_empty_ring PASSED [  8%]
tests/test_circular_conservation.py::test_conservation_empty_file_keeps_empty_ring PASSED [  8%]
tests/test_circular_conservation.py::test_conservation_auto_reference_ambiguity_requires_explicit_side PASSED [  8%]
tests/test_circular_conservation.py::test_sequence_conservation_slot_rejects_overlay_side PASSED [  8%]
tests/test_circular_conservation.py::test_circular_api_renders_conservation_ring_and_gradient_legend PASSED [  8%]
tests/test_circular_conservation.py::test_circular_api_renders_source_colored_conservation_ring PASSED [  8%]
tests/test_circular_conservation.py::test_circular_api_auto_conservation_inserts_at_explicit_axis[axis-zero] PASSED [  8%]
tests/test_circular_conservation.py::test_circular_api_auto_conservation_inserts_at_explicit_axis[axis-middle] PASSED [  8%]
tests/test_circular_conservation.py::test_circular_api_auto_conservation_inserts_at_explicit_axis[axis-end] PASSED [  8%]
tests/test_circular_conservation.py::test_circular_multi_record_auto_conservation_inserts_at_explicit_axis[axis-zero] PASSED [  8%]
tests/test_circular_conservation.py::test_circular_multi_record_auto_conservation_inserts_at_explicit_axis[axis-middle] PASSED [  8%]
tests/test_circular_conservation.py::test_circular_multi_record_auto_conservation_inserts_at_explicit_axis[axis-end] PASSED [  8%]
tests/test_circular_conservation.py::test_circular_multi_conservation_gradient_legend_uses_compact_linear_layout PASSED [  8%]
tests/test_circular_conservation.py::test_circular_vertical_conservation_legend_centers_feature_and_gradient_blocks PASSED [  8%]
tests/test_circular_conservation.py::test_circular_bottom_conservation_legend_centers_feature_and_gradient_blocks_vertically PASSED [  8%]
tests/test_circular_conservation.py::test_circular_bottom_multi_conservation_layout_height_contains_gradient_block PASSED [  8%]
tests/test_circular_conservation.py::test_circular_api_bottom_multi_conservation_legend_fits_viewbox PASSED [  8%]
tests/test_circular_conservation.py::test_circular_api_uses_explicit_conservation_slot_source_indexes PASSED [  8%]
tests/test_circular_conservation.py::test_circular_conservation_auto_slots_do_not_restore_hidden_scale PASSED [  9%]
tests/test_circular_conservation.py::test_circular_multi_record_conservation_auto_slots_do_not_restore_hidden_scale PASSED [  9%]
tests/test_circular_conservation.py::test_circular_api_keeps_axis_derived_side_for_conservation_slot PASSED [  9%]
tests/test_circular_conservation.py::test_disabled_explicit_conservation_slot_suppresses_auto_insert PASSED [  9%]
tests/test_circular_conservation.py::test_circular_diagram_options_forward_conservation_dataframe PASSED [  9%]
tests/test_circular_conservation.py::test_circular_api_rejects_nonpositive_conservation_geometry PASSED [  9%]
tests/test_circular_definition_bounds.py::test_circular_definition_exposes_authoritative_local_bounds PASSED [  9%]
tests/test_circular_definition_bounds.py::test_circular_plot_title_bounds_are_centered_in_local_coordinates PASSED [  9%]
tests/test_circular_definition_bounds.py::test_circular_definition_local_bounds_center_on_record_axis PASSED [  9%]
tests/test_circular_definition_bounds.py::test_circular_record_label_and_subtitle_override_inferred_title_lines PASSED [  9%]
tests/test_circular_definition_bounds.py::test_empty_circular_record_title_values_preserve_inference PASSED [  9%]
tests/test_circular_feature_paths.py::test_origin_spanning_non_directional_two_blocks_are_drawn_as_single_block PASSED [  9%]
tests/test_circular_feature_paths.py::test_origin_spanning_directional_two_blocks_are_drawn_as_single_block PASSED [  9%]
tests/test_circular_feature_paths.py::test_origin_spanning_directional_with_undefined_strand_falls_back_to_rectangle PASSED [  9%]
tests/test_circular_feature_paths.py::test_non_origin_spanning_multipart_keeps_line_segment PASSED [  9%]
tests/test_circular_feature_paths.py::test_middle_resolve_overlaps_displaces_negative_tracks_inward_symmetrically PASSED [  9%]
tests/test_circular_feature_paths.py::test_long_introns_are_split_and_stay_on_track_radius[positive-100-800-1] PASSED [  9%]
tests/test_circular_feature_paths.py::test_long_introns_are_split_and_stay_on_track_radius[negative-100-800-1] PASSED [  9%]
tests/test_circular_feature_paths.py::test_intron_uses_clockwise_short_arc_when_start_exceeds_end[positive-900-100-1] PASSED [  9%]
tests/test_circular_feature_paths.py::test_intron_uses_clockwise_short_arc_when_start_exceeds_end[negative-900-100-1] PASSED [  9%]
tests/test_circular_feature_paths.py::test_origin_spanning_negative_arrow_midpoint_wraps_short_way PASSED [  9%]
tests/test_circular_feature_paths.py::test_narrow_arrow_uses_reduced_shaft_radii[0.25-positive] PASSED [  9%]
tests/test_circular_feature_paths.py::test_narrow_arrow_uses_reduced_shaft_radii[0.25-negative] PASSED [  9%]
tests/test_circular_feature_paths.py::test_narrow_arrow_uses_reduced_shaft_radii[0.5-positive] PASSED [  9%]
tests/test_circular_feature_paths.py::test_narrow_arrow_uses_reduced_shaft_radii[0.5-negative] PASSED [  9%]
tests/test_circular_feature_paths.py::test_narrow_arrow_uses_reduced_shaft_radii[1.0-positive] PASSED [  9%]
tests/test_circular_feature_paths.py::test_narrow_arrow_uses_reduced_shaft_radii[1.0-negative] PASSED [  9%]
tests/test_circular_feature_paths.py::test_factor_based_narrow_arrow_matches_explicit_radii_api[positive] PASSED [  9%]
tests/test_circular_feature_paths.py::test_factor_based_narrow_arrow_matches_explicit_radii_api[negative] PASSED [  9%]
tests/test_circular_feature_paths.py::test_long_factor_based_narrow_arrow_splits_both_shaft_arcs[positive-expected_sweeps0] PASSED [  9%]
tests/test_circular_feature_paths.py::test_long_factor_based_narrow_arrow_splits_both_shaft_arcs[negative-expected_sweeps1] PASSED [  9%]
tests/test_circular_feature_paths.py::test_origin_spanning_narrow_arrow_is_coalesced_with_reduced_shaft[positive-100.0] PASSED [  9%]
tests/test_circular_feature_paths.py::test_origin_spanning_narrow_arrow_is_coalesced_with_reduced_shaft[negative-900.0] PASSED [  9%]
tests/test_circular_feature_paths.py::test_narrow_arrow_without_positive_shaft_is_a_triangle[10.0] PASSED [  9%]
tests/test_circular_feature_paths.py::test_narrow_arrow_without_positive_shaft_is_a_triangle[20.0] PASSED [  9%]
tests/test_circular_feature_paths.py::test_legacy_arrow_keeps_equality_boundary_as_five_vertex_path PASSED [  9%]
tests/test_circular_feature_paths.py::test_full_width_ratio_uses_exact_legacy_circular_arrow_path PASSED [  9%]
tests/test_circular_feature_paths.py::test_multipart_narrow_arrow_uses_shaft_width_before_terminal_head PASSED [  9%]
tests/test_circular_feature_paths.py::test_undefined_strand_narrow_arrow_falls_back_to_rectangle PASSED [  9%]
tests/test_circular_feature_paths.py::test_circular_numeric_head_ratio_is_independent_of_shaft_width PASSED [  9%]
tests/test_circular_feature_paths.py::test_circular_auto_head_length_keeps_legacy_bp_value_exactly PASSED [  9%]
tests/test_circular_feature_paths.py::test_circular_auto_head_length_grows_as_shaft_narrows PASSED [  9%]
tests/test_circular_feature_paths.py::test_intron_one_bp_gap_is_not_rendered_as_near_full_circle[positive-501-500] PASSED [  9%]
tests/test_circular_feature_paths.py::test_intron_one_bp_gap_is_not_rendered_as_near_full_circle[negative-501-500] PASSED [  9%]
tests/test_circular_feature_paths.py::test_short_introns_remain_single_arc_and_track_aligned PASSED [ 10%]
tests/test_circular_feature_paths.py::test_feature_drawer_draws_lines_before_blocks_within_same_feature PASSED [ 10%]
tests/test_circular_feature_width.py::test_feature_width_override_reaches_feature_drawer PASSED [ 10%]
tests/test_circular_feature_width.py::test_default_custom_feature_slot_preserves_separate_strand_feature_width PASSED [ 10%]
tests/test_circular_feature_width.py::test_short_tuckin_separate_strands_default_tracks_do_not_overlap PASSED [ 10%]
tests/test_circular_feature_width.py::test_feature_width_generates_auto_relayout_overrides PASSED [ 10%]
tests/test_circular_feature_width.py::test_explicit_track_placement_beats_auto_relayout PASSED [ 10%]
tests/test_circular_feature_width.py::test_feature_slot_width_ratio_ignores_radius PASSED [ 10%]
tests/test_circular_feature_width.py::test_cli_feature_width_must_be_positive PASSED [ 10%]
tests/test_circular_feature_width.py::test_cli_gc_track_width_radius_must_be_positive[--gc_content_width] PASSED [ 10%]
tests/test_circular_feature_width.py::test_cli_gc_track_width_radius_must_be_positive[--gc_content_radius] PASSED [ 10%]
tests/test_circular_feature_width.py::test_cli_gc_track_width_radius_must_be_positive[--gc_skew_width] PASSED [ 10%]
tests/test_circular_feature_width.py::test_cli_gc_track_width_radius_must_be_positive[--gc_skew_radius] PASSED [ 10%]
tests/test_circular_feature_width.py::test_cli_labels_mode_parsing[labels_args0-none] PASSED [ 10%]
tests/test_circular_feature_width.py::test_cli_labels_mode_parsing[labels_args1-out] PASSED [ 10%]
tests/test_circular_feature_width.py::test_cli_labels_mode_parsing[labels_args2-out] PASSED [ 10%]
tests/test_circular_feature_width.py::test_cli_labels_mode_parsing[labels_args3-both] PASSED [ 10%]
tests/test_circular_feature_width.py::test_cli_labels_mode_parsing[labels_args4-none] PASSED [ 10%]
tests/test_circular_feature_width.py::test_cli_legacy_label_options_are_rejected[--show_labels] PASSED [ 10%]
tests/test_circular_feature_width.py::test_cli_legacy_label_options_are_rejected[--allow_inner_labels] PASSED [ 10%]
tests/test_circular_feature_width.py::test_cli_labels_mode_maps_to_circular_scope[labels_args0-none-True-True-False] PASSED [ 10%]
tests/test_circular_feature_width.py::test_cli_labels_mode_maps_to_circular_scope[labels_args1-outer-True-True-False] PASSED [ 10%]
tests/test_circular_feature_width.py::test_cli_labels_mode_maps_to_circular_scope[labels_args2-outer-True-True-False] PASSED [ 10%]
tests/test_circular_feature_width.py::test_cli_labels_mode_maps_to_circular_scope[labels_args3-both-True-True-False] PASSED [ 10%]
tests/test_circular_feature_width.py::test_cli_fractional_definition_font_size_forwards_derived_interval PASSED [ 10%]
tests/test_circular_feature_width.py::test_cli_feature_width_forwards_internal_feature_track_spec PASSED [ 10%]
tests/test_circular_feature_width.py::test_cli_hidden_scale_geometry_shortcut_omits_implicit_ticks PASSED [ 10%]
tests/test_circular_feature_width.py::test_cli_geometry_shortcuts_reject_explicit_slot_geometry[--feature_width-42] PASSED [ 10%]
tests/test_circular_feature_width.py::test_cli_geometry_shortcuts_reject_explicit_slot_geometry[--depth_width-42] PASSED [ 10%]
tests/test_circular_feature_width.py::test_cli_geometry_shortcuts_reject_explicit_slot_geometry[--gc_content_width-22] PASSED [ 10%]
tests/test_circular_feature_width.py::test_cli_geometry_shortcuts_reject_explicit_slot_geometry[--gc_content_radius-0.74] PASSED [ 10%]
tests/test_circular_feature_width.py::test_cli_geometry_shortcuts_reject_explicit_slot_geometry[--gc_skew_width-18] PASSED [ 10%]
tests/test_circular_feature_width.py::test_cli_geometry_shortcuts_reject_explicit_slot_geometry[--gc_skew_radius-0.68] PASSED [ 10%]
tests/test_circular_feature_width.py::test_cli_gc_track_width_radius_forwards_internal_track_specs PASSED [ 10%]
tests/test_circular_feature_width.py::test_cli_gc_track_width_radius_respects_suppress_flags PASSED [ 10%]
tests/test_circular_feature_width.py::test_feature_width_expand_canvas_when_labels_hidden_with_resolve_overlaps PASSED [ 10%]
tests/test_circular_feature_width.py::test_feature_width_75_keeps_outer_labels_outside_local_feature_tracks PASSED [ 10%]
tests/test_circular_feature_width.py::test_feature_width_75_auto_repositions_ticks_outside_feature_band_when_overlapping PASSED [ 10%]
tests/test_circular_feature_width.py::test_resolve_overlaps_repositions_core_tracks_away_from_all_feature_tracks[tuckin] PASSED [ 10%]
tests/test_circular_feature_width.py::test_resolve_overlaps_repositions_core_tracks_away_from_all_feature_tracks[middle] PASSED [ 10%]
tests/test_circular_feature_width.py::test_resolve_overlaps_repositions_core_tracks_away_from_all_feature_tracks[spreadout] PASSED [ 10%]
tests/test_circular_feature_width.py::test_middle_resolve_overlaps_repositions_gc_and_skew_away_from_tick_label_annulus_on_nc001454 PASSED [ 10%]
tests/test_circular_feature_width.py::test_tuckin_resolve_overlaps_repositions_core_tracks_away_from_feature_band_on_nc001454 PASSED [ 10%]
tests/test_circular_feature_width.py::test_resolve_overlaps_keeps_explicit_core_track_specs PASSED [ 11%]
tests/test_circular_feature_width.py::test_auto_relayout_core_tracks_are_stable_across_show_labels_toggle PASSED [ 11%]
tests/test_circular_feature_width.py::test_feature_width_keeps_axis_concentric_with_rendered_tracks[tuckin] PASSED [ 11%]
tests/test_circular_feature_width.py::test_feature_width_keeps_axis_concentric_with_rendered_tracks[middle] PASSED [ 11%]
tests/test_circular_feature_width.py::test_feature_width_keeps_axis_concentric_with_rendered_tracks[spreadout] PASSED [ 11%]
tests/test_circular_label_identity.py::test_labels_resolve_all_parts_and_disambiguate_equal_source_hashes[False-auto-horizontal] PASSED [ 11%]
tests/test_circular_label_identity.py::test_labels_resolve_all_parts_and_disambiguate_equal_source_hashes[False-auto-radial] PASSED [ 11%]
tests/test_circular_label_identity.py::test_labels_resolve_all_parts_and_disambiguate_equal_source_hashes[False-external_only-horizontal] PASSED [ 11%]
tests/test_circular_label_identity.py::test_labels_resolve_all_parts_and_disambiguate_equal_source_hashes[False-external_only-radial] PASSED [ 11%]
tests/test_circular_label_identity.py::test_labels_resolve_all_parts_and_disambiguate_equal_source_hashes[False-embedded_only-horizontal] PASSED [ 11%]
tests/test_circular_label_identity.py::test_labels_resolve_all_parts_and_disambiguate_equal_source_hashes[False-embedded_only-radial] PASSED [ 11%]
tests/test_circular_label_identity.py::test_labels_resolve_all_parts_and_disambiguate_equal_source_hashes[True-auto-horizontal] PASSED [ 11%]
tests/test_circular_label_identity.py::test_labels_resolve_all_parts_and_disambiguate_equal_source_hashes[True-auto-radial] PASSED [ 11%]
tests/test_circular_label_identity.py::test_labels_resolve_all_parts_and_disambiguate_equal_source_hashes[True-external_only-horizontal] PASSED [ 11%]
tests/test_circular_label_identity.py::test_labels_resolve_all_parts_and_disambiguate_equal_source_hashes[True-external_only-radial] PASSED [ 11%]
tests/test_circular_label_identity.py::test_labels_resolve_all_parts_and_disambiguate_equal_source_hashes[True-embedded_only-horizontal] PASSED [ 11%]
tests/test_circular_label_identity.py::test_labels_resolve_all_parts_and_disambiguate_equal_source_hashes[True-embedded_only-radial] PASSED [ 11%]
tests/test_circular_label_identity.py::test_repeated_render_uses_current_label_table_after_filtering_was_prepared PASSED [ 11%]
tests/test_circular_label_placement.py::test_circular_label_drawer_uses_label_entry_font_size PASSED [ 11%]
tests/test_circular_label_placement.py::test_circular_label_overlap_count_index_matches_full_scan PASSED [ 11%]
tests/test_circular_label_placement.py::test_circular_label_fit_uses_drawer_head_span[1.0-1.0-False] PASSED [ 11%]
tests/test_circular_label_placement.py::test_circular_label_fit_uses_drawer_head_span[2.0-1.0-True] PASSED [ 11%]
tests/test_circular_label_placement.py::test_circular_label_fit_uses_drawer_head_span[auto-0.5-True] PASSED [ 11%]
tests/test_circular_label_placement.py::test_place_labels_stays_near_feature_angle_for_sparse_labels PASSED [ 11%]
tests/test_circular_label_placement.py::test_improved_label_placement_limits_angle_drift_under_density PASSED [ 11%]
tests/test_circular_label_placement.py::test_improved_label_placement_resolves_dense_cluster_overlaps PASSED [ 11%]
tests/test_circular_label_placement.py::test_circular_label_spacing_override_increases_bbox_clearance PASSED [ 11%]
tests/test_circular_label_placement.py::test_circular_inner_label_spacing_override_increases_bbox_clearance PASSED [ 11%]
tests/test_circular_label_placement.py::test_improved_label_placement_preserves_feature_order PASSED [ 11%]
tests/test_circular_label_placement.py::test_improved_label_placement_prefers_same_half_plane_when_overlap_tied PASSED [ 11%]
tests/test_circular_label_placement.py::test_improved_label_placement_prefers_shorter_leaders_when_overlap_tied PASSED [ 11%]
tests/test_circular_label_placement.py::test_rearrange_labels_legacy_prefers_same_half_plane_when_overlap_tied PASSED [ 11%]
tests/test_circular_label_placement.py::test_dense_triplet_keeps_center_label_closest_to_feature PASSED [ 11%]
tests/test_circular_label_placement.py::test_dense_mito_triplet_respects_minimum_bbox_gap PASSED [ 11%]
tests/test_circular_label_placement.py::test_dense_wide_labels_expand_search_beyond_default_shift PASSED [ 11%]
tests/test_circular_label_placement.py::test_dense_chain_cluster_moves_neighbor_labels_together PASSED [ 11%]
tests/test_circular_label_placement.py::test_wraparound_dense_cluster_resolves_after_target_reset_retry PASSED [ 11%]
tests/test_circular_label_placement.py::test_mjenmv_dense_labels_without_blacklist_have_no_outer_overlaps PASSED [ 11%]
tests/test_circular_label_placement.py::test_mjenmv_inner_dense_keeps_y_overlap_calls_under_regression_cap PASSED [ 11%]
tests/test_circular_label_placement.py::test_mjenmv_external_labels_with_inner_are_middle_sorted PASSED [ 11%]
tests/test_circular_label_placement.py::test_mjenmv_inner_dense_wsv209_stays_near_wsv267_after_refine PASSED [ 11%]
tests/test_circular_label_placement.py::test_mjenmv_inner_strict_rebalance_keeps_current_hemisphere_mismatch_cap PASSED [ 11%]
tests/test_circular_label_placement.py::test_mjenmv_inner_strict_rebalance_resolves_wsv192_wsv136_min_gap_overlap PASSED [ 11%]
tests/test_circular_label_placement.py::test_mjenmv_inner_strict_rebalance_keeps_current_inner_order_backtracking PASSED [ 12%]
tests/test_circular_label_placement.py::test_mjenmv_wsv209_hypothetical_leader_lines_keep_current_crossing PASSED [ 12%]
tests/test_circular_label_placement.py::test_mjenmv_wsv209_uses_current_right_hemisphere_position PASSED [ 12%]
tests/test_circular_label_placement.py::test_nc001879_outer_only_dense_skips_improved_solver_and_keeps_plain_overlaps_zero PASSED [ 12%]
tests/test_circular_label_placement.py::test_rearrange_dense_labels_50_to_70_always_compares_legacy_and_current_candidates PASSED [ 12%]
tests/test_circular_label_placement.py::test_rearrange_dense_labels_over_70_reuses_single_legacy_candidate PASSED [ 12%]
tests/test_circular_label_placement.py::test_nc001879_outer_only_dense_keeps_y_overlap_calls_under_regression_cap PASSED [ 12%]
tests/test_circular_label_placement.py::test_nc001879_inner_dense_keeps_y_overlap_calls_under_regression_cap PASSED [ 12%]
tests/test_circular_label_placement.py::test_nc001879_inner_dense_uses_current_solver_path_with_one_leader_collision PASSED [ 12%]
tests/test_circular_label_placement.py::test_nc001879_inner_dense_bottom_cluster_spreads_across_both_halves PASSED [ 12%]
tests/test_circular_label_placement.py::test_inner_labels_on_left_half_use_left_bbox_edge_for_leader_start PASSED [ 12%]
tests/test_circular_label_placement.py::test_effective_outer_middle_anchor_clearance_scales_with_feature_width_and_caps PASSED [ 12%]
tests/test_circular_label_placement.py::test_effective_outer_text_clearance_scales_with_feature_width_and_caps PASSED [ 12%]
tests/test_circular_label_placement.py::test_mjenmv_resolve_overlaps_middle_has_no_outer_overlaps PASSED [ 12%]
tests/test_circular_label_placement.py::test_mjenmv_resolve_overlaps_middle_keeps_current_wsv134_wsv133_radial_gap PASSED [ 12%]
tests/test_circular_label_placement.py::test_mjenmv_resolve_overlaps_middle_keeps_current_top_bottom_leader_anchor_selection PASSED [ 12%]
tests/test_circular_label_placement.py::test_hmmtdna_resolve_overlaps_middle_keeps_trna_lys_text_outside_feature_tracks PASSED [ 12%]
tests/test_circular_label_placement.py::test_hmmtdna_font22_labels_remain_close_without_overlaps PASSED [ 12%]
tests/test_circular_label_placement.py::test_hmmtdna_resolve_overlaps_keeps_outer_labels_outside_feature_tracks PASSED [ 12%]
tests/test_circular_label_placement.py::test_hmmtdna_resolve_overlaps_feature_width_keeps_middle_anchor_outside_feature_tracks PASSED [ 12%]
tests/test_circular_label_placement.py::test_hmmtdna_resolve_overlaps_feature_width_keeps_middle_anchor_outside_local_feature_tracks PASSED [ 12%]
tests/test_circular_label_placement.py::test_hmmtdna_resolve_overlaps_feature_width_font22_keeps_current_bbox_margin_from_local_feature_tracks PASSED [ 12%]
tests/test_circular_label_placement.py::test_hmmtdna_resolve_overlaps_short_directional_features_use_center_anchor PASSED [ 12%]
tests/test_circular_label_placement.py::test_hmmtdna_resolve_overlaps_default_font_keeps_label_bboxes_outside_local_feature_tracks PASSED [ 12%]
tests/test_circular_label_placement.py::test_hmmtdna_resolve_overlaps_middle_has_no_label_leader_line_collisions PASSED [ 12%]
tests/test_circular_label_placement.py::test_resolve_label_leader_line_collisions_reduces_fixture_collisions PASSED [ 12%]
tests/test_circular_label_placement.py::test_leader_start_lies_on_bbox_perimeter_without_corner_snap PASSED [ 12%]
tests/test_circular_label_placement.py::test_hmmtdna_resolve_overlaps_recomputes_leader_start_after_label_shifts PASSED [ 12%]
tests/test_circular_label_placement.py::test_nc001454_longest_coordinate_segment_drives_label_middle_and_embedding PASSED [ 12%]
tests/test_circular_label_placement.py::test_nc001454_tuckin_wraparound_guard_prevents_first_label_overtake PASSED [ 12%]
tests/test_circular_label_placement.py::test_nc001454_tuckin_resolve_overlaps_inner_labels_keep_bbox_inside_local_feature_tracks PASSED [ 12%]
tests/test_circular_label_placement.py::test_nc001454_tuckin_resolve_overlaps_inner_middle_to_label_segments_avoid_feature_annulus PASSED [ 12%]
tests/test_circular_label_placement.py::test_nc001454_tuckin_resolve_overlaps_inner_non_short_directional_labels_use_inward_feature_anchor PASSED [ 12%]
tests/test_circular_label_placement.py::test_circular_assembly_reuses_precalculated_labels_once PASSED [ 12%]
tests/test_circular_label_placement.py::test_overlay_collision_bounds_come_from_composition_plan[upper_left-expected0] PASSED [ 12%]
tests/test_circular_label_placement.py::test_overlay_collision_bounds_come_from_composition_plan[upper_right-expected1] PASSED [ 12%]
tests/test_circular_label_placement.py::test_overlay_collision_bounds_come_from_composition_plan[lower_left-expected2] PASSED [ 12%]
tests/test_circular_label_placement.py::test_overlay_collision_bounds_come_from_composition_plan[lower_right-expected3] PASSED [ 12%]
tests/test_circular_label_placement.py::test_label_legend_collision_prefers_label_shift PASSED [ 12%]
tests/test_circular_label_placement.py::test_docked_legend_collision_does_not_mutate_labels_or_canvas PASSED [ 12%]
tests/test_circular_label_placement.py::test_label_legend_collision_keeps_feature_order_by_moving_neighbor_block PASSED [ 12%]
tests/test_circular_label_placement.py::test_external_label_fitting_returns_paint_bounds_without_mutating_canvas PASSED [ 12%]
tests/test_circular_label_placement.py::test_hmmtdna_label_override_keeps_current_embedded_flags PASSED [ 12%]
tests/test_circular_label_track_policy.py::test_horizontal_inner_labels_suppress_implicit_gc_and_skew_tracks[False] PASSED [ 13%]
tests/test_circular_label_track_policy.py::test_horizontal_inner_labels_suppress_implicit_gc_and_skew_tracks[True] PASSED [ 13%]
tests/test_circular_label_track_policy.py::test_explicit_circular_slots_remain_authoritative_with_horizontal_inner_labels PASSED [ 13%]
tests/test_circular_multi_canvas.py::test_assemble_circular_diagram_from_records_shared_legend_and_unique_ids PASSED [ 13%]
tests/test_circular_multi_canvas.py::test_assemble_circular_diagram_from_records_default_auto_scaling PASSED [ 13%]
tests/test_circular_multi_canvas.py::test_multi_record_mixed_lengths_harmonize_short_feature_axis_style_to_long PASSED [ 13%]
tests/test_circular_multi_canvas.py::test_multi_record_mixed_lengths_unify_feature_label_font_sizes PASSED [ 13%]
tests/test_circular_multi_canvas.py::test_multi_record_all_short_keeps_short_feature_axis_style PASSED [ 13%]
tests/test_circular_multi_canvas.py::test_multi_record_mixed_lengths_force_long_tick_channel_for_short_record PASSED [ 13%]
tests/test_circular_multi_canvas.py::test_circular_tick_label_font_size_reaches_tick_label_generator PASSED [ 13%]
tests/test_circular_multi_canvas.py::test_multi_record_mixed_lengths_keep_gc_window_step_per_record_defaults PASSED [ 13%]
tests/test_circular_multi_canvas.py::test_assemble_circular_diagram_from_records_scaling_mode_selection[auto-0.55-0.8] PASSED [ 13%]
tests/test_circular_multi_canvas.py::test_assemble_circular_diagram_from_records_scaling_mode_selection[linear-0.55-0.64] PASSED [ 13%]
tests/test_circular_multi_canvas.py::test_assemble_circular_diagram_from_records_scaling_mode_selection[equal-0.55-1.0] PASSED [ 13%]
tests/test_circular_multi_canvas.py::test_assemble_circular_diagram_from_records_auto_renormalizes_when_multiple_would_clamp PASSED [ 13%]
tests/test_circular_multi_canvas.py::test_assemble_circular_diagram_from_records_auto_keeps_single_clamp_behavior PASSED [ 13%]
tests/test_circular_multi_canvas.py::test_assemble_circular_diagram_from_records_rejects_removed_sqrt_alias PASSED [ 13%]
tests/test_circular_multi_canvas.py::test_multi_record_variable_grid_width_is_tighter_than_fixed_cell_layout PASSED [ 13%]
tests/test_circular_multi_canvas.py::test_multi_record_default_column_and_row_gap_ratios_are_ten_and_five_percent PASSED [ 13%]
tests/test_circular_multi_canvas.py::test_multi_record_column_gap_ratio_override_controls_horizontal_spacing PASSED [ 13%]
tests/test_circular_multi_canvas.py::test_multi_record_column_gap_ratio_zero_removes_gap_between_records_in_same_row PASSED [ 13%]
tests/test_circular_multi_canvas.py::test_multi_record_row_gap_ratio_override_accepts_legacy_ten_percent PASSED [ 13%]
tests/test_circular_multi_canvas.py::test_multi_record_row_gap_ratio_zero_removes_visible_gap_between_row_content PASSED [ 13%]
tests/test_circular_multi_canvas.py::test_multi_record_row_gap_ratio_adds_visible_gap_between_row_content PASSED [ 13%]
tests/test_circular_multi_canvas.py::test_multi_record_positions_group_rows_and_preserve_within_row_order PASSED [ 13%]
tests/test_circular_multi_canvas.py::test_multi_record_positions_compress_row_gaps PASSED [ 13%]
tests/test_circular_multi_canvas.py::test_multi_record_positions_default_layout_keeps_auto_square_when_unspecified PASSED [ 13%]
tests/test_circular_multi_canvas.py::test_multi_record_positions_accept_record_id_selectors PASSED [ 13%]
tests/test_circular_multi_canvas.py::test_multi_record_rows_center_visible_bounds_for_none_top_bottom[none] PASSED [ 13%]
tests/test_circular_multi_canvas.py::test_multi_record_rows_center_visible_bounds_for_none_top_bottom[top] PASSED [ 13%]
tests/test_circular_multi_canvas.py::test_multi_record_rows_center_visible_bounds_for_none_top_bottom[bottom] PASSED [ 13%]
tests/test_circular_multi_canvas.py::test_multi_record_visible_row_packing_is_independent_of_right_legend PASSED [ 13%]
tests/test_circular_multi_canvas.py::test_circular_cli_multi_record_canvas_opt_in_saves_once PASSED [ 13%]
tests/test_circular_multi_canvas.py::test_circular_cli_one_record_grid_uses_typed_multi_planner PASSED [ 13%]
tests/test_circular_multi_canvas.py::test_circular_cli_one_record_without_grid_uses_typed_batch PASSED [ 13%]
tests/test_circular_multi_canvas.py::test_circular_cli_records_table_regions_follow_sorted_rows PASSED [ 13%]
tests/test_circular_multi_canvas.py::test_circular_cli_rejects_qualified_records_table_region_before_rendering PASSED [ 13%]
tests/test_circular_multi_canvas.py::test_circular_cli_track_table_validates_params_and_forwards_axis PASSED [ 13%]
tests/test_circular_multi_canvas.py::test_circular_cli_multi_record_canvas_passes_size_scaling_options PASSED [ 13%]
tests/test_circular_multi_canvas.py::test_circular_cli_multi_record_canvas_rejects_removed_sqrt_alias PASSED [ 13%]
tests/test_circular_multi_canvas.py::test_circular_cli_multi_record_canvas_passes_positions PASSED [ 13%]
tests/test_circular_multi_canvas.py::test_circular_cli_rejects_invalid_multi_record_position[#1@] PASSED [ 13%]
tests/test_circular_multi_canvas.py::test_circular_cli_rejects_invalid_multi_record_position[@1] PASSED [ 13%]
tests/test_circular_multi_canvas.py::test_circular_cli_rejects_invalid_multi_record_position[#1@0] PASSED [ 14%]
tests/test_circular_multi_canvas.py::test_circular_cli_rejects_invalid_multi_record_position[#1@-1] PASSED [ 14%]
tests/test_circular_multi_canvas.py::test_circular_cli_rejects_invalid_multi_record_position[#1@abc] PASSED [ 14%]
tests/test_circular_multi_canvas.py::test_circular_cli_rejects_invalid_multi_record_position[#0@1] PASSED [ 14%]
tests/test_circular_multi_canvas.py::test_circular_cli_rejects_invalid_multi_record_position[none@1] PASSED [ 14%]
tests/test_circular_multi_canvas.py::test_circular_cli_rejects_invalid_multi_record_position[selector_only] PASSED [ 14%]
tests/test_circular_multi_canvas.py::test_circular_cli_rejects_removed_multi_record_layout_options[--multi_record_row_pattern-2,4] PASSED [ 14%]
tests/test_circular_multi_canvas.py::test_circular_cli_rejects_removed_multi_record_layout_options[--multi_record_order-#2] PASSED [ 14%]
tests/test_circular_multi_canvas.py::test_multi_record_positions_invalid_selector_raises_validation_error PASSED [ 14%]
tests/test_circular_multi_canvas.py::test_multi_record_positions_with_duplicate_selector_raises_validation_error PASSED [ 14%]
tests/test_circular_multi_canvas.py::test_multi_record_positions_with_missing_record_raises_validation_error PASSED [ 14%]
tests/test_circular_multi_canvas.py::test_multi_record_positions_with_non_positive_row_raises_validation_error PASSED [ 14%]
tests/test_circular_multi_canvas.py::test_circular_cli_without_multi_record_canvas_keeps_per_record_saves PASSED [ 14%]
tests/test_circular_multi_canvas.py::test_circular_cli_multi_record_canvas_passes_keep_full_definition_option PASSED [ 14%]
tests/test_circular_multi_canvas.py::test_circular_cli_rejects_invalid_multi_record_min_radius_ratio[0] PASSED [ 14%]
tests/test_circular_multi_canvas.py::test_circular_cli_rejects_invalid_multi_record_min_radius_ratio[-0.1] PASSED [ 14%]
tests/test_circular_multi_canvas.py::test_circular_cli_rejects_invalid_multi_record_min_radius_ratio[1.5] PASSED [ 14%]
tests/test_circular_multi_canvas.py::test_circular_cli_rejects_invalid_multi_record_column_gap_ratio[-0.1] PASSED [ 14%]
tests/test_circular_multi_canvas.py::test_circular_cli_rejects_invalid_multi_record_column_gap_ratio[nan] PASSED [ 14%]
tests/test_circular_multi_canvas.py::test_circular_cli_rejects_invalid_multi_record_column_gap_ratio[inf] PASSED [ 14%]
tests/test_circular_multi_canvas.py::test_circular_cli_rejects_invalid_multi_record_row_gap_ratio[-0.1] PASSED [ 14%]
tests/test_circular_multi_canvas.py::test_circular_cli_rejects_invalid_multi_record_row_gap_ratio[nan] PASSED [ 14%]
tests/test_circular_multi_canvas.py::test_circular_cli_rejects_invalid_multi_record_row_gap_ratio[inf] PASSED [ 14%]
tests/test_circular_multi_canvas.py::test_circular_cli_definition_layout_defaults PASSED [ 14%]
tests/test_circular_multi_canvas.py::test_circular_cli_parses_keep_full_definition_option PASSED [ 14%]
tests/test_circular_multi_canvas.py::test_circular_cli_parses_tick_label_font_size_option PASSED [ 14%]
tests/test_circular_multi_canvas.py::test_circular_cli_rejects_invalid_tick_label_font_size[0] PASSED [ 14%]
tests/test_circular_multi_canvas.py::test_circular_cli_rejects_invalid_tick_label_font_size[-1] PASSED [ 14%]
tests/test_circular_multi_canvas.py::test_circular_cli_rejects_unsupported_definition_layout_options[--plot_title_position-center] PASSED [ 14%]
tests/test_circular_multi_canvas.py::test_circular_cli_rejects_unsupported_definition_layout_options[--plot_title_position-left] PASSED [ 14%]
tests/test_circular_multi_canvas.py::test_circular_cli_rejects_unsupported_definition_layout_options[--definition_position-bottom] PASSED [ 14%]
tests/test_circular_multi_canvas.py::test_circular_cli_rejects_unsupported_definition_layout_options[--multi_record_title_mode-shared] PASSED [ 14%]
tests/test_circular_multi_canvas.py::test_circular_cli_rejects_unsupported_definition_layout_options[--multi_record_definition_mode-shared] PASSED [ 14%]
tests/test_circular_multi_canvas.py::test_circular_cli_rejects_unsupported_definition_layout_options[--shared_definition_position-bottom] PASSED [ 14%]
tests/test_circular_multi_canvas.py::test_circular_cli_rejects_unsupported_definition_layout_options[--shared_definition_font_size-30] PASSED [ 14%]
tests/test_circular_multi_canvas.py::test_multi_record_default_hides_plot_title_and_keeps_record_summary_content PASSED [ 14%]
tests/test_circular_multi_canvas.py::test_multi_record_shared_record_summary_includes_replicon_when_available PASSED [ 14%]
tests/test_circular_multi_canvas.py::test_plot_title_font_size_override_only_changes_plot_title PASSED [ 14%]
tests/test_circular_multi_canvas.py::test_plot_title_single_line_with_missing_species_or_strain[Species only--Species only] PASSED [ 14%]
tests/test_circular_multi_canvas.py::test_plot_title_single_line_with_missing_species_or_strain[-Strain only-Strain only] PASSED [ 14%]
tests/test_circular_multi_canvas.py::test_plot_title_position_moves_shared_group_vertically PASSED [ 14%]
tests/test_circular_multi_canvas.py::test_single_record_bottom_plot_title_uses_summary_center_definition PASSED [ 14%]
tests/test_circular_multi_canvas.py::test_single_record_plot_title_clears_external_labels[top] PASSED [ 14%]
tests/test_circular_multi_canvas.py::test_single_record_plot_title_clears_external_labels[bottom] PASSED [ 15%]
tests/test_circular_multi_canvas.py::test_single_record_plot_title_can_keep_full_center_definition PASSED [ 15%]
tests/test_circular_multi_canvas.py::test_single_record_custom_plot_title_overrides_default_when_visible PASSED [ 15%]
tests/test_circular_multi_canvas.py::test_single_record_plot_title_keeps_plain_text_around_inline_italics PASSED [ 15%]
tests/test_circular_multi_canvas.py::test_single_record_hidden_plot_title_ignores_custom_title_and_keeps_full_definition PASSED [ 15%]
tests/test_circular_multi_canvas.py::test_multi_record_center_definition_aligns_with_record_axis[none-False] PASSED [ 15%]
tests/test_circular_multi_canvas.py::test_multi_record_center_definition_aligns_with_record_axis[top-False] PASSED [ 15%]
tests/test_circular_multi_canvas.py::test_multi_record_center_definition_aligns_with_record_axis[bottom-False] PASSED [ 15%]
tests/test_circular_multi_canvas.py::test_multi_record_center_definition_aligns_with_record_axis[top-True] PASSED [ 15%]
tests/test_circular_multi_canvas.py::test_multi_record_center_definition_aligns_with_record_axis[bottom-True] PASSED [ 15%]
tests/test_circular_multi_canvas.py::test_single_record_legend_top_bottom_positions_expand_and_move PASSED [ 15%]
tests/test_circular_multi_canvas.py::test_single_record_top_bottom_legend_centers_between_edge_and_content[top-False-tuckin] PASSED [ 15%]
tests/test_circular_multi_canvas.py::test_single_record_top_bottom_legend_centers_between_edge_and_content[bottom-False-tuckin] PASSED [ 15%]
tests/test_circular_multi_canvas.py::test_single_record_top_bottom_legend_centers_between_edge_and_content[top-True-spreadout] PASSED [ 15%]
tests/test_circular_multi_canvas.py::test_single_record_top_bottom_legend_centers_between_edge_and_content[bottom-True-spreadout] PASSED [ 15%]
tests/test_circular_multi_canvas.py::test_multi_record_legend_top_bottom_positions_expand_and_move PASSED [ 15%]
tests/test_circular_multi_canvas.py::test_multi_record_top_legend_keeps_minimum_top_padding PASSED [ 15%]
tests/test_circular_multi_canvas.py::test_multi_record_bottom_plot_title_stays_below_legend PASSED [ 15%]
tests/test_circular_multi_canvas.py::test_single_record_bottom_plot_title_stays_below_legend PASSED [ 15%]
tests/test_circular_multi_canvas.py::test_multi_record_custom_plot_title_overrides_default_shared_title PASSED [ 15%]
tests/test_circular_multi_canvas.py::test_multi_record_left_right_plot_title_bottom_keeps_margins[left] PASSED [ 15%]
tests/test_circular_multi_canvas.py::test_multi_record_left_right_plot_title_bottom_keeps_margins[right] PASSED [ 15%]
tests/test_circular_multi_canvas.py::test_single_record_side_legend_matches_upper_corner_edge_margin[left-upper_left] PASSED [ 15%]
tests/test_circular_multi_canvas.py::test_single_record_side_legend_matches_upper_corner_edge_margin[right-upper_right] PASSED [ 15%]
tests/test_circular_multi_canvas.py::test_multi_record_side_legend_matches_upper_corner_edge_margin[left-upper_left] PASSED [ 15%]
tests/test_circular_multi_canvas.py::test_multi_record_side_legend_matches_upper_corner_edge_margin[right-upper_right] PASSED [ 15%]
tests/test_circular_multi_canvas.py::test_circular_top_legend_uses_horizontal_entry_layout PASSED [ 15%]
tests/test_circular_multi_canvas.py::test_single_record_top_bottom_legend_centers_each_wrapped_row[top] PASSED [ 15%]
tests/test_circular_multi_canvas.py::test_single_record_top_bottom_legend_centers_each_wrapped_row[bottom] PASSED [ 15%]
tests/test_circular_multi_canvas.py::test_multi_record_top_bottom_legend_centers_each_wrapped_row[top] PASSED [ 15%]
tests/test_circular_multi_canvas.py::test_multi_record_top_bottom_legend_centers_each_wrapped_row[bottom] PASSED [ 15%]
tests/test_circular_multi_canvas.py::test_multi_record_visible_plot_title_uses_default_shared_title_when_blank PASSED [ 15%]
tests/test_circular_multi_canvas.py::test_multi_record_plot_title_can_keep_full_definitions PASSED [ 15%]
tests/test_circular_multi_canvas.py::test_multi_record_hidden_plot_title_keeps_summary_when_keep_full_enabled PASSED [ 15%]
tests/test_circular_multi_canvas.py::test_build_circular_diagram_passes_plot_title_position_option PASSED [ 15%]
tests/test_circular_multi_canvas.py::test_direct_bounds_grid_packs_unequal_rows_with_exact_visible_gaps PASSED [ 15%]
tests/test_circular_multi_canvas.py::test_direct_bounds_grid_zero_ratios_make_visible_edges_touch PASSED [ 15%]
tests/test_circular_multi_canvas.py::test_one_record_grid_preserves_single_record_local_bounds_and_content PASSED [ 15%]
tests/test_circular_multi_canvas.py::test_multi_record_shared_composer_supports_every_legend_position[none] PASSED [ 15%]
tests/test_circular_multi_canvas.py::test_multi_record_shared_composer_supports_every_legend_position[left] PASSED [ 15%]
tests/test_circular_multi_canvas.py::test_multi_record_shared_composer_supports_every_legend_position[right] PASSED [ 15%]
tests/test_circular_multi_canvas.py::test_multi_record_shared_composer_supports_every_legend_position[top] PASSED [ 15%]
tests/test_circular_multi_canvas.py::test_multi_record_shared_composer_supports_every_legend_position[bottom] PASSED [ 15%]
tests/test_circular_multi_canvas.py::test_multi_record_shared_composer_supports_every_legend_position[upper_left] PASSED [ 16%]
tests/test_circular_multi_canvas.py::test_multi_record_shared_composer_supports_every_legend_position[upper_right] PASSED [ 16%]
tests/test_circular_multi_canvas.py::test_multi_record_shared_composer_supports_every_legend_position[lower_left] PASSED [ 16%]
tests/test_circular_multi_canvas.py::test_multi_record_shared_composer_supports_every_legend_position[lower_right] PASSED [ 16%]
tests/test_circular_multi_canvas.py::test_multi_record_composition_marks_only_global_targets_and_centers_title PASSED [ 16%]
tests/test_circular_multi_canvas.py::test_multi_record_grid_layout_never_serializes_subcanvases PASSED [ 16%]
tests/test_circular_output_naming.py::test_circular_cli_duplicate_record_ids_do_not_overwrite PASSED [ 16%]
tests/test_circular_output_naming.py::test_circular_cli_requires_explicit_output_for_path_like_record_id PASSED [ 16%]
tests/test_circular_output_naming.py::test_circular_cli_batch_splits_dotted_path_prefix PASSED [ 16%]
tests/test_circular_output_naming.py::test_circular_batch_session_writes_all_outputs_and_sidecar PASSED [ 16%]
tests/test_circular_preset_geometry.py::test_circular_preset_geometry_matches_fixed_oracle PASSED [ 16%]
tests/test_circular_radial_labels.py::test_radial_orientation_is_readable_and_stable[False-0.0] PASSED [ 16%]
tests/test_circular_radial_labels.py::test_radial_orientation_is_readable_and_stable[False-90.0] PASSED [ 16%]
tests/test_circular_radial_labels.py::test_radial_orientation_is_readable_and_stable[False-180.0] PASSED [ 16%]
tests/test_circular_radial_labels.py::test_radial_orientation_is_readable_and_stable[False-270.0] PASSED [ 16%]
tests/test_circular_radial_labels.py::test_radial_orientation_is_readable_and_stable[False-359.999999] PASSED [ 16%]
tests/test_circular_radial_labels.py::test_radial_orientation_is_readable_and_stable[True-0.0] PASSED [ 16%]
tests/test_circular_radial_labels.py::test_radial_orientation_is_readable_and_stable[True-90.0] PASSED [ 16%]
tests/test_circular_radial_labels.py::test_radial_orientation_is_readable_and_stable[True-180.0] PASSED [ 16%]
tests/test_circular_radial_labels.py::test_radial_orientation_is_readable_and_stable[True-270.0] PASSED [ 16%]
tests/test_circular_radial_labels.py::test_radial_orientation_is_readable_and_stable[True-359.999999] PASSED [ 16%]
tests/test_circular_radial_labels.py::test_radial_dense_seam_cluster_is_collision_free_and_deterministic PASSED [ 16%]
tests/test_circular_radial_labels.py::test_long_inner_label_reports_required_radius_growth_without_truncation PASSED [ 16%]
tests/test_circular_radial_labels.py::test_mode_label_config_defaults_and_circular_placement_validation PASSED [ 16%]
tests/test_circular_radial_labels.py::test_circular_cli_placement_default_and_radial_parse PASSED [ 16%]
tests/test_circular_radial_labels.py::test_radial_solver_keeps_500_labels_without_collisions_or_cutoffs PASSED [ 16%]
tests/test_circular_radial_labels.py::test_candidate_extraction_runs_once_across_inner_radius_preflight PASSED [ 16%]
tests/test_circular_radial_layout.py::test_radial_contracts_are_owned_by_layout_layer PASSED [ 16%]
tests/test_circular_radial_layout.py::test_feature_stack_metrics_follow_preset_radius_rules[tuckin-93.0-88.0-98.0] PASSED [ 16%]
tests/test_circular_radial_layout.py::test_feature_stack_metrics_follow_preset_radius_rules[middle-100.0-95.0-105.0] PASSED [ 16%]
tests/test_circular_radial_layout.py::test_feature_stack_metrics_follow_preset_radius_rules[spreadout-107.0-102.0-112.0] PASSED [ 16%]
tests/test_circular_radial_layout.py::test_stranded_feature_stack_lane_order_is_preset_deterministic PASSED [ 16%]
tests/test_circular_radial_layout.py::test_stranded_feature_position_factors_keep_positive_strand_outermost[tuckin] PASSED [ 16%]
tests/test_circular_radial_layout.py::test_stranded_feature_position_factors_keep_positive_strand_outermost[middle] PASSED [ 16%]
tests/test_circular_radial_layout.py::test_stranded_feature_position_factors_keep_positive_strand_outermost[spreadout] PASSED [ 16%]
tests/test_circular_radial_layout.py::test_middle_combined_feature_center_is_axis_radius PASSED [ 16%]
tests/test_circular_radial_layout.py::test_spreadout_and_tuckin_feature_lanes_stay_on_expected_side PASSED [ 16%]
tests/test_circular_radial_layout.py::test_tuckin_combined_feature_lane_sits_close_to_axis PASSED [ 16%]
tests/test_circular_radial_layout.py::test_tuckin_combined_feature_position_factors_sit_close_to_axis PASSED [ 16%]
tests/test_circular_radial_layout.py::test_tuckin_combined_overlap_position_factors_still_move_inward PASSED [ 16%]
tests/test_circular_radial_layout.py::test_custom_core_slot_order_moves_feature_inward_when_ticks_are_axis_side PASSED [ 16%]
tests/test_circular_radial_layout.py::test_custom_core_slot_order_keeps_default_feature_then_ticks_order PASSED [ 16%]
tests/test_circular_radial_layout.py::test_pinned_inside_slots_are_reserved_before_auto_feature_slots PASSED [ 16%]
tests/test_circular_radial_layout.py::test_auto_conservation_stack_compresses_ring_width_and_gap_when_tight PASSED [ 17%]
tests/test_circular_radial_layout.py::test_outside_physical_gap_uses_facing_radial_sides PASSED [ 17%]
tests/test_circular_radial_layout.py::test_inside_physical_gap_uses_facing_radial_sides PASSED [ 17%]
tests/test_circular_radial_layout.py::test_explicit_inside_gaps_are_not_auto_compressed_when_widths_are PASSED [ 17%]
tests/test_circular_radial_layout.py::test_explicit_conservation_ring_width_is_not_auto_compressed PASSED [ 17%]
tests/test_circular_radial_layout.py::test_radial_numeric_stack_places_default_inside_tracks_when_space_allows PASSED [ 17%]
tests/test_circular_radial_layout.py::test_radial_numeric_stack_compresses_group_no_lower_than_readable_minimum PASSED [ 17%]
tests/test_circular_radial_layout.py::test_radial_numeric_stack_raises_when_readable_minimum_cannot_fit PASSED [ 17%]
tests/test_circular_radial_layout.py::test_outside_auto_numeric_width_is_independent_from_inside_compression PASSED [ 17%]
tests/test_circular_radial_layout.py::test_outside_auto_stack_order_is_outermost_first PASSED [ 17%]
tests/test_circular_radial_layout.py::test_user_preset_generated_private_param_is_rejected PASSED [ 17%]
tests/test_circular_radial_layout.py::test_depth_reserved_band_includes_axis_radial_footprint_without_depth_df PASSED [ 17%]
tests/test_circular_render_context.py::test_circular_record_render_context_is_frozen_and_owns_feature_layout PASSED [ 17%]
tests/test_circular_render_context.py::test_circular_record_render_context_deep_freezes_layout_collections PASSED [ 17%]
tests/test_circular_render_context.py::test_circular_record_render_groups_require_explicit_context[SeqRecordGroup] PASSED [ 17%]
tests/test_circular_render_context.py::test_circular_record_render_groups_require_explicit_context[LabelsGroup] PASSED [ 17%]
tests/test_circular_svg_id_integrity.py::test_conservation_group_ids_distinguish_lossy_labels_and_fixed_groups PASSED [ 17%]
tests/test_circular_svg_id_integrity.py::test_circular_multi_merge_preserves_and_namespaces_defs_references PASSED [ 17%]
tests/test_circular_ticks.py::test_circular_tick_label_anchor_stays_middle_and_baseline_uses_edge_values_by_angle PASSED [ 17%]
tests/test_circular_ticks.py::test_circular_tick_label_geometry_uses_middle_anchor PASSED [ 17%]
tests/test_circular_ticks.py::test_circular_tick_label_outside_uses_margin_from_tick_band PASSED [ 17%]
tests/test_circular_ticks.py::test_circular_tick_label_inside_uses_legacy_center_offset_clearance PASSED [ 17%]
tests/test_circular_ticks.py::test_circular_tick_label_textpath_uses_middle_anchor PASSED [ 17%]
tests/test_circular_track_slots.py::test_circular_track_slot_geometry_metadata_preserves_factor_width_and_gaps PASSED [ 17%]
tests/test_circular_track_slots.py::test_circular_spacer_reserves_resolved_geometry_without_rendering_a_group PASSED [ 17%]
tests/test_circular_track_slots.py::test_parse_circular_track_slot_with_duplicate_renderer_params PASSED [ 17%]
tests/test_circular_track_slots.py::test_normalize_circular_depth_track_index_rejects_non_integer_identity[True] PASSED [ 17%]
tests/test_circular_track_slots.py::test_normalize_circular_depth_track_index_rejects_non_integer_identity[1.9_0] PASSED [ 17%]
tests/test_circular_track_slots.py::test_normalize_circular_depth_track_index_rejects_non_integer_identity[-0.2] PASSED [ 17%]
tests/test_circular_track_slots.py::test_normalize_circular_depth_track_index_rejects_non_integer_identity[1.9_1] PASSED [ 17%]
tests/test_circular_track_slots.py::test_normalize_circular_depth_track_index_rejects_non_integer_identity[not-an-integer] PASSED [ 17%]
tests/test_circular_track_slots.py::test_normalize_circular_depth_track_index_accepts_integer_identity[2_0] PASSED [ 17%]
tests/test_circular_track_slots.py::test_normalize_circular_depth_track_index_accepts_integer_identity[2_1] PASSED [ 17%]
tests/test_circular_track_slots.py::test_normalize_circular_depth_track_index_accepts_integer_identity[track_index2] PASSED [ 17%]
tests/test_circular_track_slots.py::test_parse_circular_track_slot_canonicalizes_skew_color_aliases PASSED [ 17%]
tests/test_circular_track_slots.py::test_parse_circular_track_slots_rejects_duplicate_ids_and_unknown_renderer PASSED [ 17%]
tests/test_circular_track_slots.py::test_parse_circular_track_slots_normalizes_object_renderer_aliases PASSED [ 17%]
tests/test_circular_track_slots.py::test_parse_circular_track_slot_accepts_physical_gap_fields PASSED [ 17%]
tests/test_circular_track_slots.py::test_parse_circular_track_slot_rejects_removed_spacing_field PASSED [ 17%]
tests/test_circular_track_slots.py::test_circular_cli_rejects_removed_layout_syntax[option_args0] PASSED [ 17%]
tests/test_circular_track_slots.py::test_circular_cli_rejects_removed_layout_syntax[option_args1] PASSED [ 17%]
tests/test_circular_track_slots.py::test_circular_cli_rejects_removed_layout_syntax[option_args2] PASSED [ 17%]
tests/test_circular_track_slots.py::test_circular_cli_rejects_removed_layout_syntax[option_args3] PASSED [ 17%]
tests/test_circular_track_slots.py::test_circular_cli_rejects_removed_layout_syntax[option_args4] PASSED [ 18%]
tests/test_circular_track_slots.py::test_circular_cli_rejects_removed_layout_syntax[option_args5] PASSED [ 18%]
tests/test_circular_track_slots.py::test_default_circular_track_slots_do_not_include_tick_axis_param PASSED [ 18%]
tests/test_circular_track_slots.py::test_parse_circular_tick_slot_rejects_axis_param PASSED [ 18%]
tests/test_circular_track_slots.py::test_circular_track_slot_shortcuts_are_rejected[axis] PASSED [ 18%]
tests/test_circular_track_slots.py::test_circular_track_slot_shortcuts_are_rejected[axis@r=0.80] PASSED [ 18%]
tests/test_circular_track_slots.py::test_circular_track_slot_shortcuts_are_rejected[gc_skew@w=5px] PASSED [ 18%]
tests/test_circular_track_slots.py::test_circular_track_slot_rejects_obsolete_geometry_keys[features:features@ri=0.75] PASSED [ 18%]
tests/test_circular_track_slots.py::test_circular_track_slot_rejects_obsolete_geometry_keys[features:features@ro=0.82] PASSED [ 18%]
tests/test_circular_track_slots.py::test_circular_track_slot_rejects_obsolete_geometry_keys[features:features@innerRadius=0.75] PASSED [ 18%]
tests/test_circular_track_slots.py::test_circular_track_slot_rejects_obsolete_geometry_keys[features:features@outerRadius=0.82] PASSED [ 18%]
tests/test_circular_track_slots.py::test_circular_track_slot_rejects_obsolete_geometry_keys[gc_skew:dinucleotide_skew@gap=4px] PASSED [ 18%]
tests/test_circular_track_slots.py::test_circular_track_slot_rejects_obsolete_geometry_keys[gc_skew:dinucleotide_skew@gap_after=4px] PASSED [ 18%]
tests/test_circular_track_slots.py::test_circular_track_slot_rejects_obsolete_geometry_keys[gc_skew:dinucleotide_skew@gapAfter=4px] PASSED [ 18%]
tests/test_circular_track_slots.py::test_normalize_circular_track_slots_rejects_generic_layout_keys_in_params[side] PASSED [ 18%]
tests/test_circular_track_slots.py::test_normalize_circular_track_slots_rejects_generic_layout_keys_in_params[radius] PASSED [ 18%]
tests/test_circular_track_slots.py::test_normalize_circular_track_slots_rejects_generic_layout_keys_in_params[width] PASSED [ 18%]
tests/test_circular_track_slots.py::test_normalize_circular_track_slots_rejects_generic_layout_keys_in_params[spacing] PASSED [ 18%]
tests/test_circular_track_slots.py::test_normalize_circular_track_slots_rejects_generic_layout_keys_in_params[inner_gap_px] PASSED [ 18%]
tests/test_circular_track_slots.py::test_normalize_circular_track_slots_rejects_generic_layout_keys_in_params[outer_gap_px] PASSED [ 18%]
tests/test_circular_track_slots.py::test_normalize_circular_track_slots_rejects_generic_layout_keys_in_params[gap_after] PASSED [ 18%]
tests/test_circular_track_slots.py::test_normalize_circular_track_slots_rejects_generic_layout_keys_in_params[inner_radius] PASSED [ 18%]
tests/test_circular_track_slots.py::test_custom_slots_ignore_track_type_for_explicit_geometry PASSED [ 18%]
tests/test_circular_track_slots.py::test_default_custom_slots_auto_place_near_preset_without_radius_inheritance[tuckin] PASSED [ 18%]
tests/test_circular_track_slots.py::test_default_custom_slots_auto_place_near_preset_without_radius_inheritance[middle] PASSED [ 18%]
tests/test_circular_track_slots.py::test_default_custom_slots_auto_place_near_preset_without_radius_inheritance[spreadout] PASSED [ 18%]
tests/test_circular_track_slots.py::test_custom_slot_order_places_ticks_axis_side_of_features_when_ordered_before_features PASSED [ 18%]
tests/test_circular_track_slots.py::test_parse_circular_track_slot_rejects_retired_layout_flags[strict=true] PASSED [ 18%]
tests/test_circular_track_slots.py::test_parse_circular_track_slot_rejects_retired_layout_flags[compress=true] PASSED [ 18%]
tests/test_circular_track_slots.py::test_parse_circular_track_slot_rejects_retired_layout_flags[reserve=true] PASSED [ 18%]
tests/test_circular_track_slots.py::test_normalize_circular_track_slots_derives_feature_side_from_lane_direction PASSED [ 18%]
tests/test_circular_track_slots.py::test_normalize_circular_track_slots_with_axis_derives_sides_and_feature_lane PASSED [ 18%]
tests/test_circular_track_slots.py::test_normalize_circular_track_slots_with_axis_rejects_conflicting_side PASSED [ 18%]
tests/test_circular_track_slots.py::test_normalize_circular_track_slots_with_axis_ignores_disabled_conflicts[side] PASSED [ 18%]
tests/test_circular_track_slots.py::test_normalize_circular_track_slots_with_axis_ignores_disabled_conflicts[feature-lane] PASSED [ 18%]
tests/test_circular_track_slots.py::test_normalize_circular_track_slots_with_axis_keeps_split_feature_overlay PASSED [ 18%]
tests/test_circular_track_slots.py::test_normalize_circular_track_slots_allows_tick_overlay_defaults_and_axis_index PASSED [ 18%]
tests/test_circular_track_slots.py::test_tick_overlay_layout_places_anchor_on_axis_and_supports_inverted_sides PASSED [ 18%]
tests/test_circular_track_slots.py::test_circular_preset_slots_do_not_emit_origin_metadata PASSED [ 18%]
tests/test_circular_track_slots.py::test_blank_builtin_numeric_slots_reflow_as_movable_stack_without_explicit_radius PASSED [ 18%]
tests/test_circular_track_slots.py::test_custom_conservation_slot_keeps_auto_width_for_compression PASSED [ 18%]
tests/test_circular_track_slots.py::test_default_preset_tick_draw_uses_resolved_tick_options PASSED [ 18%]
tests/test_circular_track_slots.py::test_default_preset_slots_compress_to_clear_center_definition PASSED [ 18%]
tests/test_circular_track_slots.py::test_default_custom_slots_tuckin_inherit_preset_when_inside_numeric_tracks_are_tight PASSED [ 18%]
tests/test_circular_track_slots.py::test_explicit_pure_auto_slots_tuckin_raise_when_inside_numeric_tracks_cannot_fit PASSED [ 19%]
tests/test_circular_track_slots.py::test_default_custom_slots_use_ordered_legacy_numeric_lanes[tuckin] PASSED [ 19%]
tests/test_circular_track_slots.py::test_default_custom_slots_use_ordered_legacy_numeric_lanes[middle] PASSED [ 19%]
tests/test_circular_track_slots.py::test_default_custom_slots_use_ordered_legacy_numeric_lanes[spreadout] PASSED [ 19%]
tests/test_circular_track_slots.py::test_reordered_builtin_numeric_slots_follow_slot_order PASSED [ 19%]
tests/test_circular_track_slots.py::test_edl933_ticks_before_features_use_measured_tick_footprint PASSED [ 19%]
tests/test_circular_track_slots.py::test_inside_order_places_axis_side_tracks_before_features PASSED [ 19%]
tests/test_circular_track_slots.py::test_order_only_gc_content_moves_feature_inward_instead_of_falling_back_outside PASSED [ 19%]
tests/test_circular_track_slots.py::test_order_only_numeric_before_ticks_reserves_inner_numeric_space PASSED [ 19%]
tests/test_circular_track_slots.py::test_inside_auto_stack_compresses_numeric_tracks_to_preserve_ticks PASSED [ 19%]
tests/test_circular_track_slots.py::test_inside_movable_stack_reflows_preferred_numeric_tracks_after_features PASSED [ 19%]
tests/test_circular_track_slots.py::test_default_custom_slots_with_depth_use_outer_to_inner_numeric_lanes PASSED [ 19%]
tests/test_circular_track_slots.py::test_custom_duplicate_skew_with_depth_tuckin_avoids_definition PASSED [ 19%]
tests/test_circular_track_slots.py::test_api_circular_track_slots_render_duplicate_dinucleotide_skew_slots PASSED [ 19%]
tests/test_circular_track_slots.py::test_api_circular_dinucleotide_skew_slot_uses_custom_colors_and_legend PASSED [ 19%]
tests/test_circular_track_slots.py::test_api_circular_dinucleotide_skew_slot_rejects_invalid_custom_color PASSED [ 19%]
tests/test_circular_track_slots.py::test_api_circular_track_slots_distribute_extra_dinucleotide_slots_evenly PASSED [ 19%]
tests/test_circular_track_slots.py::test_api_explicit_inside_duplicate_dinucleotide_skew_places_when_space_is_reserved PASSED [ 19%]
tests/test_circular_track_slots.py::test_api_circular_track_slots_distribute_repeated_depth_slots_evenly PASSED [ 19%]
tests/test_circular_track_slots.py::test_slot_mode_draws_axis_when_ticks_are_disabled PASSED [ 19%]
tests/test_circular_track_slots.py::test_hidden_implicit_scale_omits_tick_slot_but_keeps_axis_and_numeric_tracks PASSED [ 19%]
tests/test_circular_track_slots.py::test_hidden_scale_defers_to_explicit_tick_slots[slots0-True] PASSED [ 19%]
tests/test_circular_track_slots.py::test_hidden_scale_defers_to_explicit_tick_slots[slots1-False] PASSED [ 19%]
tests/test_circular_track_slots.py::test_hidden_scale_defers_to_explicit_tick_slots[slots2-False] PASSED [ 19%]
tests/test_circular_track_slots.py::test_slot_mode_tick_radius_does_not_move_axis PASSED [ 19%]
tests/test_circular_track_slots.py::test_cli_circular_track_order_forwards_slots PASSED [ 19%]
tests/test_circular_track_slots.py::test_cli_hidden_scale_preserves_explicit_tick_slot_authority[track_args0-True-True] PASSED [ 19%]
tests/test_circular_track_slots.py::test_cli_hidden_scale_preserves_explicit_tick_slot_authority[track_args1-False-False] PASSED [ 19%]
tests/test_circular_track_slots.py::test_cli_hidden_scale_preserves_explicit_tick_slot_authority[track_args2-False-False] PASSED [ 19%]
tests/test_circular_track_slots.py::test_cli_circular_track_slot_forwards_typed_slots PASSED [ 19%]
tests/test_circular_track_slots.py::test_cli_circular_track_axis_index_forwards_value PASSED [ 19%]
tests/test_circular_track_slots.py::test_center_reserved_radius_overrides_radial_definition_band PASSED [ 19%]
tests/test_circular_track_slots.py::test_cli_center_reserved_radius_forwards_value PASSED [ 19%]
tests/test_cli_comparison_how_to_recipe_contracts.py::test_comparison_evidence_manifest_entries_are_complete PASSED [ 19%]
tests/test_cli_comparison_how_to_recipe_contracts.py::test_precomputed_recipe_uses_linear_phages_and_circular_complete_mtdna PASSED [ 19%]
tests/test_cli_comparison_how_to_recipe_contracts.py::test_losatp_recipes_use_five_whole_records_and_distinct_modes PASSED [ 19%]
tests/test_cli_comparison_how_to_recipe_contracts.py::test_technical_documentation_distinguishes_pairwise_and_similarity_groups PASSED [ 19%]
tests/test_cli_comparison_how_to_recipe_contracts.py::test_published_pairwise_raw_evidence_is_hydrated_and_complete PASSED [ 19%]
tests/test_cli_comparison_how_to_recipe_contracts.py::test_comparison_evidence_regenerates_from_a_clean_external_directory[H-CLI-05] PASSED [ 19%]
tests/test_cli_comparison_how_to_recipe_contracts.py::test_comparison_evidence_regenerates_from_a_clean_external_directory[H-CLI-06] PASSED [ 19%]
tests/test_cli_comparison_how_to_recipe_contracts.py::test_comparison_evidence_regenerates_from_a_clean_external_directory[H-CLI-07] PASSED [ 19%]
tests/test_cli_comparison_how_to_recipe_contracts.py::test_comparison_evidence_regenerates_from_a_clean_external_directory[H-CLI-08] PASSED [ 19%]
tests/test_cli_how_to_recipe_contracts.py::test_input_evidence_uses_whole_lambda_records_on_both_input_paths PASSED [ 19%]
tests/test_cli_how_to_recipe_contracts.py::test_input_evidence_fixtures_are_complete_and_sequence_identical PASSED [ 20%]
tests/test_cli_how_to_recipe_contracts.py::test_input_evidence_regenerates_from_a_clean_external_directory PASSED [ 20%]
tests/test_cli_how_to_recipe_contracts.py::test_multi_record_layout_uses_four_complete_circular_mitochondria PASSED [ 20%]
tests/test_cli_how_to_recipe_contracts.py::test_multi_record_layout_regenerates_from_a_clean_external_directory PASSED [ 20%]
tests/test_cli_how_to_recipe_contracts.py::test_multi_record_layout_accepts_visible_bounds_origin_compensation PASSED [ 20%]
tests/test_cli_how_to_recipe_contracts.py::test_linear_layout_evidence_uses_complete_sources_and_explicit_positions PASSED [ 20%]
tests/test_cli_how_to_recipe_contracts.py::test_linear_layout_sources_match_canonical_fixture_records PASSED [ 20%]
tests/test_cli_how_to_recipe_contracts.py::test_linear_layout_regenerates_from_a_clean_external_directory PASSED [ 20%]
tests/test_cli_how_to_recipe_contracts.py::test_linear_layout_svg_keeps_rulers_ascending_and_reverses_features PASSED [ 20%]
tests/test_cli_overwrite.py::test_cli_overwrite_flag_is_explicit[_get_args0] PASSED [ 20%]
tests/test_cli_overwrite.py::test_cli_overwrite_flag_is_explicit[_get_args1] PASSED [ 20%]
tests/test_cli_overwrite.py::test_cli_refuses_existing_output_without_overwrite[circular_main] PASSED [ 20%]
tests/test_cli_overwrite.py::test_cli_refuses_existing_output_without_overwrite[linear_main] PASSED [ 20%]
tests/test_cli_overwrite.py::test_cli_overwrite_replaces_existing_output[circular_main] PASSED [ 20%]
tests/test_cli_overwrite.py::test_cli_overwrite_replaces_existing_output[linear_main] PASSED [ 20%]
tests/test_cli_overwrite.py::test_cli_rejects_existing_session_sidecar_before_rendering[circular_main] PASSED [ 20%]
tests/test_cli_overwrite.py::test_cli_rejects_existing_session_sidecar_before_rendering[linear_main] PASSED [ 20%]
tests/test_cli_overwrite.py::test_plain_cli_rejects_diagram_and_sidecar_path_collision_before_rendering[False-circular_main] PASSED [ 20%]
tests/test_cli_overwrite.py::test_plain_cli_rejects_diagram_and_sidecar_path_collision_before_rendering[False-linear_main] PASSED [ 20%]
tests/test_cli_overwrite.py::test_plain_cli_rejects_diagram_and_sidecar_path_collision_before_rendering[True-circular_main] PASSED [ 20%]
tests/test_cli_overwrite.py::test_plain_cli_rejects_diagram_and_sidecar_path_collision_before_rendering[True-linear_main] PASSED [ 20%]
tests/test_cli_overwrite.py::test_circular_sidecar_collision_is_rejected_before_diagram_build PASSED [ 20%]
tests/test_cli_overwrite.py::test_circular_batch_output_collision_with_sidecar_is_rejected_before_build PASSED [ 20%]
tests/test_cli_overwrite.py::test_canonical_replay_rejects_existing_sidecar_before_rendering[circular_main-CircularDiagramRequest] PASSED [ 20%]
tests/test_cli_overwrite.py::test_canonical_replay_rejects_existing_sidecar_before_rendering[linear_main-LinearDiagramRequest] PASSED [ 20%]
tests/test_cli_overwrite.py::test_canonical_replay_rejects_diagram_and_sidecar_path_collision[False-circular_main-CircularDiagramRequest] PASSED [ 20%]
tests/test_cli_overwrite.py::test_canonical_replay_rejects_diagram_and_sidecar_path_collision[False-linear_main-LinearDiagramRequest] PASSED [ 20%]
tests/test_cli_overwrite.py::test_canonical_replay_rejects_diagram_and_sidecar_path_collision[True-circular_main-CircularDiagramRequest] PASSED [ 20%]
tests/test_cli_overwrite.py::test_canonical_replay_rejects_diagram_and_sidecar_path_collision[True-linear_main-LinearDiagramRequest] PASSED [ 20%]
tests/test_cli_overwrite.py::test_canonical_circular_batch_rejects_sidecar_collision_with_any_item[False] PASSED [ 20%]
tests/test_cli_overwrite.py::test_canonical_circular_batch_rejects_sidecar_collision_with_any_item[True] PASSED [ 20%]
tests/test_cli_overwrite.py::test_circular_implicit_sidecar_collision_is_rejected_before_rendering PASSED [ 20%]
tests/test_cli_overwrite.py::test_circular_explicit_output_implicit_sidecar_preflights_actual_path PASSED [ 20%]
tests/test_cli_overwrite.py::test_circular_rejects_unwritable_sidecar_target_before_diagram_build[directory] PASSED [ 20%]
tests/test_cli_overwrite.py::test_circular_rejects_unwritable_sidecar_target_before_diagram_build[fifo] PASSED [ 20%]
tests/test_cli_overwrite.py::test_circular_rejects_unwritable_sidecar_target_before_diagram_build[file-parent] PASSED [ 20%]
tests/test_cli_overwrite.py::test_circular_rejects_unwritable_sidecar_target_before_diagram_build[dangling-symlink] PASSED [ 20%]
tests/test_cli_overwrite.py::test_save_session_document_refuses_dangling_symlink_without_overwrite PASSED [ 20%]
tests/test_cli_overwrite.py::test_save_session_document_rejects_nonreplaceable_target_with_overwrite[directory] PASSED [ 20%]
tests/test_cli_overwrite.py::test_save_session_document_rejects_nonreplaceable_target_with_overwrite[fifo] PASSED [ 20%]
tests/test_cli_overwrite.py::test_save_session_document_rejects_nonreplaceable_target_with_overwrite[dangling-symlink] PASSED [ 20%]
tests/test_cli_overwrite.py::test_session_sidecar_rejects_control_characters[side\ncar.json] PASSED [ 20%]
tests/test_cli_overwrite.py::test_session_sidecar_rejects_control_characters[side\x00car.json] PASSED [ 20%]
tests/test_cli_overwrite.py::test_session_replay_requires_current_overwrite_permission[circular] PASSED [ 21%]
tests/test_cli_overwrite.py::test_session_replay_requires_current_overwrite_permission[linear] PASSED [ 21%]
tests/test_cli_overwrite.py::test_session_output_override_can_disable_stored_overwrite PASSED [ 21%]
tests/test_cli_overwrite.py::test_canonical_session_replay_uses_current_overwrite_permission[False] PASSED [ 21%]
tests/test_cli_overwrite.py::test_canonical_session_replay_uses_current_overwrite_permission[True] PASSED [ 21%]
tests/test_cli_overwrite.py::test_legacy_canonical_sidecar_saves_rendered_request_and_migrated_adjunct PASSED [ 21%]
tests/test_cli_overwrite.py::test_linear_cli_sidecar_reuses_the_render_request_plan PASSED [ 21%]
tests/test_cli_overwrite.py::test_saved_cli_invocation_does_not_persist_overwrite_permission PASSED [ 21%]
tests/test_cli_overwrite.py::test_web_render_isolates_ephemeral_outputs_without_overwrite_permission PASSED [ 21%]
tests/test_cli_reference.py::test_cli_reference_generated_help_option_sets_match_live_help[circular] PASSED [ 21%]
tests/test_cli_reference.py::test_cli_reference_generated_help_option_sets_match_live_help[linear] PASSED [ 21%]
tests/test_cli_tables.py::test_public_table_readers_share_cli_models_and_validation PASSED [ 21%]
tests/test_cli_tables.py::test_public_label_table_readers PASSED         [ 21%]
tests/test_cli_tables.py::test_conservation_table_resolves_relative_paths PASSED [ 21%]
tests/test_cli_tables.py::test_conservation_table_rejects_unknown_columns PASSED [ 21%]
tests/test_cli_tables.py::test_cli_tables_accept_utf8_bom[records.tsv-gbk\na.gbk\n-read_records_table] PASSED [ 21%]
tests/test_cli_tables.py::test_cli_tables_accept_utf8_bom[conservation.tsv-blast\na.tsv\n-read_conservation_table] PASSED [ 21%]
tests/test_cli_tables.py::test_cli_tables_accept_utf8_bom[tracks.tsv-id\trenderer\nfeatures\tfeatures\n-read_circular_track_table] PASSED [ 21%]
tests/test_cli_tables.py::test_circular_track_table_defaults_first_features_row_to_axis PASSED [ 21%]
tests/test_cli_tables.py::test_circular_track_table_rejects_duplicate_axis_rows PASSED [ 21%]
tests/test_cli_tables.py::test_circular_track_table_rejects_non_feature_axis_row PASSED [ 21%]
tests/test_cli_tables.py::test_circular_track_table_rejects_removed_spacing_column PASSED [ 21%]
tests/test_cli_tables.py::test_fresh_circular_track_table_rejects_private_transport[__gbdraw_legacy_spacing=4px] PASSED [ 21%]
tests/test_cli_tables.py::test_fresh_circular_track_table_rejects_private_transport[_auto_compress=false] PASSED [ 21%]
tests/test_cli_tables.py::test_circular_track_table_rejects_structural_params[id] PASSED [ 21%]
tests/test_cli_tables.py::test_circular_track_table_rejects_structural_params[renderer] PASSED [ 21%]
tests/test_cli_tables.py::test_circular_track_table_rejects_structural_params[type] PASSED [ 21%]
tests/test_cli_tables.py::test_circular_track_table_rejects_structural_params[side] PASSED [ 21%]
tests/test_cli_tables.py::test_circular_track_table_rejects_structural_params[r] PASSED [ 21%]
tests/test_cli_tables.py::test_circular_track_table_rejects_structural_params[radius] PASSED [ 21%]
tests/test_cli_tables.py::test_circular_track_table_rejects_structural_params[w] PASSED [ 21%]
tests/test_cli_tables.py::test_circular_track_table_rejects_structural_params[width] PASSED [ 21%]
tests/test_cli_tables.py::test_circular_track_table_rejects_structural_params[spacing] PASSED [ 21%]
tests/test_cli_tables.py::test_circular_track_table_rejects_structural_params[inner_gap_px] PASSED [ 21%]
tests/test_cli_tables.py::test_circular_track_table_rejects_structural_params[outer_gap_px] PASSED [ 21%]
tests/test_cli_tables.py::test_circular_track_table_rejects_structural_params[z] PASSED [ 21%]
tests/test_cli_tables.py::test_circular_track_table_rejects_structural_params[z_index] PASSED [ 21%]
tests/test_cli_tables.py::test_circular_track_table_rejects_structural_params[zindex] PASSED [ 21%]
tests/test_cli_tables.py::test_circular_track_table_rejects_structural_params[enabled] PASSED [ 21%]
tests/test_cli_tables.py::test_circular_track_table_rejects_structural_params[show] PASSED [ 21%]
tests/test_cli_tables.py::test_circular_track_table_rejects_structural_params[visible] PASSED [ 21%]
tests/test_cli_tables.py::test_circular_track_table_rejects_structural_params[strict] PASSED [ 21%]
tests/test_cli_tables.py::test_circular_track_table_rejects_structural_params[compress] PASSED [ 21%]
tests/test_cli_tables.py::test_circular_track_table_rejects_structural_params[reserve] PASSED [ 22%]
tests/test_cli_tables.py::test_circular_track_table_rejects_feature_lane_params[lane_direction] PASSED [ 22%]
tests/test_cli_tables.py::test_circular_track_table_rejects_feature_lane_params[lanes] PASSED [ 22%]
tests/test_cli_tables.py::test_circular_track_table_accepts_renderer_specific_params PASSED [ 22%]
tests/test_cli_tables.py::test_circular_track_table_runs_axis_aware_normalization PASSED [ 22%]
tests/test_cli_tables.py::test_records_table_sorts_by_order_and_generates_positions PASSED [ 22%]
tests/test_cli_tables.py::test_records_table_rejects_invalid_boolean PASSED [ 22%]
tests/test_cli_tables.py::test_records_table_rejects_mixed_input_kinds PASSED [ 22%]
tests/test_cli_tables.py::test_records_table_rejects_duplicate_grid_cells PASSED [ 22%]
tests/test_cli_tables.py::test_records_table_rejects_qualified_regions[#2:1-10] PASSED [ 22%]
tests/test_cli_tables.py::test_records_table_rejects_qualified_regions[record_b:1-10] PASSED [ 22%]
tests/test_cli_tables.py::test_records_table_rejects_qualified_regions[b.gbk:#1:1-10] PASSED [ 22%]
tests/test_cli_tables.py::test_records_table_qualifies_regions_after_order_sorting PASSED [ 22%]
tests/test_cli_tables.py::test_records_table_explicit_large_order_sorts_before_missing PASSED [ 22%]
tests/test_cli_tables.py::test_records_table_order_sort_is_stable_for_equal_and_missing_values PASSED [ 22%]
tests/test_cli_tables_tracks_sessions_exports_recipe_contracts.py::test_evidence_manifest_entries_are_complete PASSED [ 22%]
tests/test_cli_tables_tracks_sessions_exports_recipe_contracts.py::test_input_tables_use_whole_sources_and_exact_table_kinds PASSED [ 22%]
tests/test_cli_tables_tracks_sessions_exports_recipe_contracts.py::test_quantitative_and_annotation_recipes_pin_track_semantics PASSED [ 22%]
tests/test_cli_tables_tracks_sessions_exports_recipe_contracts.py::test_presentation_recipe_uses_one_complete_mitochondrion PASSED [ 22%]
tests/test_cli_tables_tracks_sessions_exports_recipe_contracts.py::test_session_and_export_recipes_make_overwrite_and_formats_explicit PASSED [ 22%]
tests/test_cli_tables_tracks_sessions_exports_recipe_contracts.py::test_hcli13_fontconfig_uses_default_rules_then_only_bundled_fonts PASSED [ 22%]
tests/test_cli_tables_tracks_sessions_exports_recipe_contracts.py::test_hcli13_fontconfig_resolves_only_bundled_fonts PASSED [ 22%]
tests/test_cli_tables_tracks_sessions_exports_recipe_contracts.py::test_hcli13_font_environment_leaves_non_linux_unchanged PASSED [ 22%]
tests/test_cli_tables_tracks_sessions_exports_recipe_contracts.py::test_hcli13_font_probe_rejects_an_unbundled_resolution PASSED [ 22%]
tests/test_cli_tables_tracks_sessions_exports_recipe_contracts.py::test_export_png_comparison_tolerates_edge_noise_but_rejects_large_drift PASSED [ 22%]
tests/test_cli_tables_tracks_sessions_exports_recipe_contracts.py::test_assert_png_export_requires_decode_dimensions_mode_and_alpha PASSED [ 22%]
tests/test_cli_tables_tracks_sessions_exports_recipe_contracts.py::test_export_renderer_metadata_is_normalized_but_content_is_not PASSED [ 22%]
tests/test_cli_tables_tracks_sessions_exports_recipe_contracts.py::test_export_pdf_normalization_respects_declared_stream_length PASSED [ 22%]
tests/test_cli_tables_tracks_sessions_exports_recipe_contracts.py::test_recipe_regenerates_from_a_clean_external_directory[H-CLI-02] PASSED [ 22%]
tests/test_cli_tables_tracks_sessions_exports_recipe_contracts.py::test_recipe_regenerates_from_a_clean_external_directory[H-CLI-09] PASSED [ 22%]
tests/test_cli_tables_tracks_sessions_exports_recipe_contracts.py::test_recipe_regenerates_from_a_clean_external_directory[H-CLI-10] PASSED [ 22%]
tests/test_cli_tables_tracks_sessions_exports_recipe_contracts.py::test_recipe_regenerates_from_a_clean_external_directory[H-CLI-11] PASSED [ 22%]
tests/test_cli_tables_tracks_sessions_exports_recipe_contracts.py::test_recipe_regenerates_from_a_clean_external_directory[H-CLI-12] PASSED [ 22%]
tests/test_cli_tables_tracks_sessions_exports_recipe_contracts.py::test_recipe_regenerates_from_a_clean_external_directory[H-CLI-13] PASSED [ 22%]
tests/test_collinearity.py::test_collinear_record_local_mixed_fixture[rbh-adjacent] PASSED [ 22%]
tests/test_collinearity.py::test_collinear_record_local_mixed_fixture[rbh-all] PASSED [ 22%]
tests/test_collinearity.py::test_collinear_record_local_mixed_fixture[one_to_one-adjacent] PASSED [ 22%]
tests/test_collinearity.py::test_collinear_record_local_mixed_fixture[one_to_one-all] PASSED [ 22%]
tests/test_collinearity.py::test_collinear_record_local_mixed_fixture[all_hits-adjacent] PASSED [ 22%]
tests/test_collinearity.py::test_collinear_record_local_mixed_fixture[all_hits-all] PASSED [ 22%]
tests/test_collinearity.py::test_collinear_scope_partitions_table_identity[one_to_one-adjacent] PASSED [ 22%]
tests/test_collinearity.py::test_collinear_scope_partitions_table_identity[one_to_one-all] PASSED [ 22%]
tests/test_collinearity.py::test_collinear_scope_partitions_table_identity[all_hits-adjacent] PASSED [ 22%]
tests/test_collinearity.py::test_collinear_scope_partitions_table_identity[all_hits-all] PASSED [ 23%]
tests/test_collinearity.py::test_lossless_collinearity_parameters_validate_domains PASSED [ 23%]
tests/test_collinearity.py::test_collinearity_blocks_are_called_with_lossless_parameters PASSED [ 23%]
tests/test_collinearity.py::test_collinearity_block_evalue_uses_genomic_coordinates_not_unit_order PASSED [ 23%]
tests/test_collinearity.py::test_pairwise_singleton_anchor_is_emitted_by_default PASSED [ 23%]
tests/test_collinearity.py::test_min_anchors_drops_singleton_blocks PASSED [ 23%]
tests/test_collinearity.py::test_native_block_caller_detects_plus_and_minus_orientation PASSED [ 23%]
tests/test_collinearity.py::test_single_anchor_block_orientation_uses_feature_strands PASSED [ 23%]
tests/test_collinearity.py::test_collinearity_color_mode_defaults_to_orientation_and_aliases_identity PASSED [ 23%]
tests/test_collinearity.py::test_collinearity_anchor_mode_defaults_to_rbh_and_aliases_top1 PASSED [ 23%]
tests/test_collinearity.py::test_collinearity_search_scope_defaults_to_adjacent PASSED [ 23%]
tests/test_collinearity.py::test_iter_collinearity_search_pairs_adjacent_returns_neighboring_pairs PASSED [ 23%]
tests/test_collinearity.py::test_iter_collinearity_search_pairs_all_returns_every_unordered_pair PASSED [ 23%]
tests/test_collinearity.py::test_build_blocks_from_hits_one_to_one_removes_query_to_many_noise PASSED [ 23%]
tests/test_collinearity.py::test_build_blocks_from_hits_rbh_uses_reverse_best_hits PASSED [ 23%]
tests/test_collinearity.py::test_lossless_collinearity_preserves_every_adjacent_orthogroup_edge PASSED [ 23%]
tests/test_collinearity.py::test_lossless_max_conflicts_threshold_controls[zero-interior-conflicts] PASSED [ 23%]
tests/test_collinearity.py::test_lossless_max_conflicts_threshold_controls[one-interior-conflict] PASSED [ 23%]
tests/test_collinearity.py::test_lossless_max_conflicts_threshold_controls[two-interior-conflicts] PASSED [ 23%]
tests/test_collinearity.py::test_typed_request_max_conflicts_reaches_real_collinearity_consumer[auto-locus] PASSED [ 23%]
tests/test_collinearity.py::test_typed_request_max_conflicts_reaches_real_collinearity_consumer[cds-cds] PASSED [ 23%]
tests/test_collinearity.py::test_typed_request_max_conflicts_reaches_real_collinearity_consumer[locus-locus] PASSED [ 23%]
tests/test_collinearity.py::test_lossless_min_anchors_filters_blocks_after_clustering PASSED [ 23%]
tests/test_collinearity.py::test_build_blocks_from_hits_maps_proteins_to_units PASSED [ 23%]
tests/test_collinearity.py::test_true_global_singleton_orthogroup_does_not_create_link PASSED [ 23%]
tests/test_collinearity.py::test_anchor_core_membership_adds_strong_non_rbh_member_without_new_anchor PASSED [ 23%]
tests/test_collinearity.py::test_anchor_core_unions_connected_near_reciprocal_groups PASSED [ 23%]
tests/test_collinearity.py::test_orthogroup_display_edges_skip_cross_group_related_hits PASSED [ 23%]
tests/test_collinearity.py::test_anchor_core_same_record_hits_do_not_merge_distinct_cross_record_cores PASSED [ 23%]
tests/test_collinearity.py::test_anchor_core_same_record_hits_assign_inparalogs_to_existing_core PASSED [ 23%]
tests/test_collinearity.py::test_anchor_core_record_local_paralog_cluster_forms_species_specific_orthogroup PASSED [ 23%]
tests/test_collinearity.py::test_anchor_core_record_local_singleton_remains_unassigned_with_singletons_requested PASSED [ 23%]
tests/test_collinearity.py::test_anchor_core_record_local_ignores_already_assigned_members PASSED [ 23%]
tests/test_collinearity.py::test_anchor_core_record_local_rejects_domain_only_component PASSED [ 23%]
tests/test_collinearity.py::test_anchor_core_record_local_ids_are_deterministic_after_cross_record_groups PASSED [ 23%]
tests/test_collinearity.py::test_anchor_core_record_local_membership_survives_when_hits_fit_limit PASSED [ 23%]
tests/test_collinearity.py::test_anchor_core_record_local_membership_edge_not_duplicated_as_related PASSED [ 23%]
tests/test_collinearity.py::test_anchor_core_record_local_edges_do_not_create_collinearity_anchors PASSED [ 23%]
tests/test_collinearity.py::test_anchor_core_membership_survives_reciprocal_candidates_within_limit PASSED [ 23%]
tests/test_collinearity.py::test_anchor_core_records_ambiguous_paralog_without_assigning_member PASSED [ 23%]
tests/test_collinearity.py::test_shared_node_paths_are_serialized_without_collapsing_to_one_to_one PASSED [ 23%]
tests/test_collinearity.py::test_build_blocks_from_hits_adjacent_scope_ignores_non_adjacent_tables PASSED [ 23%]
tests/test_collinearity.py::test_build_blocks_from_hits_adjacent_scope_uses_explicit_adjacent_row_pairs PASSED [ 23%]
tests/test_collinearity.py::test_build_blocks_from_hits_all_scope_uses_non_adjacent_connectivity_only_as_evidence PASSED [ 24%]
tests/test_collinearity.py::test_build_blocks_from_hits_can_render_selected_non_adjacent_pairs PASSED [ 24%]
tests/test_collinearity.py::test_orthogroup_collinearity_rbh_search_defaults_to_uncapped_candidates PASSED [ 24%]
tests/test_collinearity.py::test_orthogroup_collinearity_member_hit_depth_is_post_search PASSED [ 24%]
tests/test_collinearity.py::test_orthogroup_collinearity_all_hits_keeps_uncapped_search PASSED [ 24%]
tests/test_collinearity.py::test_orthogroup_collinearity_all_scope_rbh_searches_every_direction PASSED [ 24%]
tests/test_collinearity.py::test_linear_cli_forwards_collinearity_options PASSED [ 24%]
tests/test_collinearity.py::test_linear_cli_help_omits_removed_collinearity_options PASSED [ 24%]
tests/test_collinearity.py::test_linear_cli_help_uses_underscore_option_aliases PASSED [ 24%]
tests/test_collinearity.py::test_linear_cli_rejects_removed_hidden_aliases[option_args0] PASSED [ 24%]
tests/test_collinearity.py::test_linear_cli_rejects_removed_hidden_aliases[option_args1] PASSED [ 24%]
tests/test_collinearity.py::test_linear_cli_rejects_removed_hidden_aliases[option_args2] PASSED [ 24%]
tests/test_collinearity.py::test_linear_cli_rejects_removed_hidden_aliases[option_args3] PASSED [ 24%]
tests/test_collinearity.py::test_linear_cli_rejects_removed_hidden_aliases[option_args4] PASSED [ 24%]
tests/test_collinearity.py::test_linear_cli_rejects_removed_hidden_aliases[option_args5] PASSED [ 24%]
tests/test_collinearity.py::test_linear_cli_rejects_removed_hidden_aliases[option_args6] PASSED [ 24%]
tests/test_collinearity.py::test_linear_cli_rejects_removed_hidden_aliases[option_args7] PASSED [ 24%]
tests/test_collinearity.py::test_linear_cli_rejects_removed_hidden_aliases[option_args8] PASSED [ 24%]
tests/test_collinearity.py::test_linear_cli_rejects_removed_hidden_aliases[option_args9] PASSED [ 24%]
tests/test_collinearity.py::test_linear_cli_rejects_removed_hidden_aliases[option_args10] PASSED [ 24%]
tests/test_collinearity.py::test_linear_cli_rejects_removed_collinear_block_options[--collinear_blocks] PASSED [ 24%]
tests/test_collinearity.py::test_linear_cli_rejects_removed_collinear_block_options[--save_collinear_blocks] PASSED [ 24%]
tests/test_collinearity.py::test_linear_cli_rejects_removed_collinear_block_options[--collinear-blocks] PASSED [ 24%]
tests/test_collinearity.py::test_linear_cli_rejects_removed_collinear_block_options[--save-collinear-blocks] PASSED [ 24%]
tests/test_collinearity.py::test_linear_cli_rejects_removed_collinear_block_options[--collinear_block_merge_gap] PASSED [ 24%]
tests/test_collinearity.py::test_linear_cli_rejects_removed_collinear_block_options[--collinear_singleton_merge_gap] PASSED [ 24%]
tests/test_collinearity.py::test_linear_cli_rejects_removed_collinear_block_options[--collinear_gap_penalty] PASSED [ 24%]
tests/test_collinearity.py::test_linear_cli_rejects_removed_collinear_block_options[--collinear_nearby_duplicate_window] PASSED [ 24%]
tests/test_collinearity.py::test_linear_cli_rejects_removed_collinear_block_options[--collinear_score_mode] PASSED [ 24%]
tests/test_collinearity.py::test_linear_cli_rejects_removed_collinear_block_options[--collinear_constant_anchor_score] PASSED [ 24%]
tests/test_collinearity.py::test_linear_cli_rejects_removed_collinear_block_options[--collinear_min_block_score] PASSED [ 24%]
tests/test_collinearity.py::test_linear_cli_rejects_removed_collinear_block_options[--collinear_block_evalue] PASSED [ 24%]
tests/test_collinearity.py::test_linear_cli_rejects_removed_collinear_block_options[--collinear-block-merge-gap] PASSED [ 24%]
tests/test_collinearity.py::test_linear_cli_rejects_removed_collinear_block_options[--collinear-singleton-merge-gap] PASSED [ 24%]
tests/test_collinearity.py::test_linear_cli_rejects_removed_collinear_block_options[--collinear-gap-penalty] PASSED [ 24%]
tests/test_collinearity.py::test_linear_cli_rejects_removed_collinear_block_options[--collinear-nearby-duplicate-window] PASSED [ 24%]
tests/test_collinearity.py::test_linear_cli_rejects_removed_collinear_block_options[--collinear-score-mode] PASSED [ 24%]
tests/test_collinearity.py::test_linear_cli_rejects_removed_collinear_block_options[--collinear-constant-anchor-score] PASSED [ 24%]
tests/test_collinearity.py::test_linear_cli_rejects_removed_collinear_block_options[--collinear-min-block-score] PASSED [ 24%]
tests/test_collinearity.py::test_linear_cli_rejects_removed_collinear_block_options[--collinear-block-evalue] PASSED [ 24%]
tests/test_collinearity.py::test_linear_cli_accepts_orientation_identity_collinear_color_mode PASSED [ 24%]
tests/test_collinearity.py::test_linear_cli_parses_collinear_min_anchors PASSED [ 24%]
tests/test_collinearity.py::test_linear_cli_rejects_nonpositive_collinear_min_anchors PASSED [ 24%]
tests/test_collinearity.py::test_web_losatp_blastp_payload_helper_returns_collinear_rows PASSED [ 25%]
tests/test_collinearity.py::test_web_losatp_blastp_payload_helper_uses_collinear_option_domains[all-strand-2] PASSED [ 25%]
tests/test_collinearity.py::test_web_losatp_blastp_payload_helper_uses_collinear_option_domains[one_to_one-order-2] PASSED [ 25%]
tests/test_collinearity.py::test_web_losatp_blastp_payload_helper_uses_collinear_option_domains[rbh-either-1] PASSED [ 25%]
tests/test_collinearity.py::test_web_losatp_blastp_payload_helper_applies_collinear_search_scope PASSED [ 25%]
tests/test_collinearity.py::test_collinearity_comparison_rows_use_block_spans PASSED [ 25%]
tests/test_collinearity.py::test_collinearity_match_path_with_metadata_serializes PASSED [ 25%]
tests/test_collinearity.py::test_pairwise_match_path_emits_plain_required_metadata PASSED [ 25%]
tests/test_collinearity.py::test_pairwise_match_path_marks_orthogroup_kind PASSED [ 25%]
tests/test_collinearity.py::test_blast_configurator_reads_collinearity_colors_from_default_colors PASSED [ 25%]
tests/test_collinearity.py::test_blast_configurator_accepts_plus_max_collinearity_color_alias PASSED [ 25%]
tests/test_collinearity.py::test_orientation_collinearity_suppresses_pairwise_identity_legend PASSED [ 25%]
tests/test_collinearity.py::test_average_identity_collinearity_legend_uses_average_identity_label PASSED [ 25%]
tests/test_collinearity.py::test_orientation_identity_collinearity_legend_uses_two_orientation_gradients PASSED [ 25%]
tests/test_collinearity.py::test_orientation_identity_pairwise_legend_renders_collinear_above_inverted PASSED [ 25%]
tests/test_collinearity.py::test_vertical_linear_pairwise_legend_aligns_to_feature_color_left_edge PASSED [ 25%]
tests/test_collinearity.py::test_vertical_linear_pairwise_legend_centers_when_wider_than_features PASSED [ 25%]
tests/test_collinearity.py::test_blast_file_collinearity_metadata_drives_orientation_identity_legend PASSED [ 25%]
tests/test_collinearity.py::test_collinearity_orientation_colors_use_default_color_overrides PASSED [ 25%]
tests/test_collinearity.py::test_orientation_identity_collinearity_uses_orientation_specific_identity_ramp PASSED [ 25%]
tests/test_collinearity.py::test_orientation_identity_collinearity_low_identity_is_paler_than_high_identity PASSED [ 25%]
tests/test_collinearity.py::test_orientation_identity_collinearity_uses_two_orientation_gradients PASSED [ 25%]
tests/test_collinearity.py::test_average_identity_collinearity_ignores_orientation_colors PASSED [ 25%]
tests/test_collinearity.py::test_non_collinearity_match_path_does_not_add_metadata_attributes PASSED [ 25%]
tests/test_collinearity.py::test_collinearity_match_group_draws_inversions_above_plus_blocks PASSED [ 25%]
tests/test_collinearity.py::test_collinear_without_orthogroups_skips_self_search_and_inference[rbh-adjacent-4] PASSED [ 25%]
tests/test_collinearity.py::test_collinear_without_orthogroups_skips_self_search_and_inference[rbh-all-6] PASSED [ 25%]
tests/test_collinearity.py::test_collinear_without_orthogroups_skips_self_search_and_inference[one_to_one-adjacent-4] PASSED [ 25%]
tests/test_collinearity.py::test_collinear_without_orthogroups_skips_self_search_and_inference[one_to_one-all-6] PASSED [ 25%]
tests/test_collinearity.py::test_collinear_without_orthogroups_skips_self_search_and_inference[all-adjacent-4] PASSED [ 25%]
tests/test_collinearity.py::test_collinear_without_orthogroups_skips_self_search_and_inference[all-all-6] PASSED [ 25%]
tests/test_collinearity.py::test_collinear_without_inference_applies_member_limit_after_raw_filters PASSED [ 25%]
tests/test_collinearity_units.py::test_auto_unit_mode_collapses_strong_locus_ids PASSED [ 25%]
tests/test_collinearity_units.py::test_gene_labels_do_not_drive_unit_collapse PASSED [ 25%]
tests/test_collinearity_units.py::test_locus_unit_mode_rejects_product_only_cds PASSED [ 25%]
tests/test_collinearity_units.py::test_cds_unit_mode_never_collapses_same_locus PASSED [ 25%]
tests/test_color_table_parsing.py::test_read_color_table_accepts_four_column_rows PASSED [ 25%]
tests/test_color_table_parsing.py::test_read_color_table_normalizes_empty_caption_column PASSED [ 25%]
tests/test_color_table_parsing.py::test_read_color_table_rejects_missing_required_columns PASSED [ 25%]
tests/test_color_table_parsing.py::test_circular_cli_accepts_existing_four_column_color_table PASSED [ 25%]
tests/test_comparisons.py::test_blast_match_config_defaults_pairwise_style_for_legacy_config PASSED [ 25%]
tests/test_comparisons.py::test_blast_match_config_rejects_invalid_pairwise_style PASSED [ 25%]
tests/test_comparisons.py::test_blast_match_config_rejects_invalid_curve_tension PASSED [ 25%]
tests/test_comparisons.py::test_modify_config_dict_maps_pairwise_match_style PASSED [ 26%]
tests/test_comparisons.py::test_load_comparisons_filters_hits_below_alignment_length PASSED [ 26%]
tests/test_comparisons.py::test_load_comparisons_applies_alignment_length_with_other_thresholds PASSED [ 26%]
tests/test_comparisons.py::test_linear_cli_alignment_length_is_forwarded PASSED [ 26%]
tests/test_comparisons.py::test_linear_cli_rejects_invalid_pairwise_match_style PASSED [ 26%]
tests/test_comparisons.py::test_linear_cli_rejects_invalid_comparison_height[0] PASSED [ 26%]
tests/test_comparisons.py::test_linear_cli_rejects_invalid_comparison_height[-2] PASSED [ 26%]
tests/test_comparisons.py::test_linear_cli_rejects_invalid_comparison_height[nan] PASSED [ 26%]
tests/test_comparisons.py::test_linear_cli_rejects_invalid_comparison_height[inf] PASSED [ 26%]
tests/test_comparisons.py::test_linear_cli_rejects_invalid_comparison_height[-inf] PASSED [ 26%]
tests/test_comparisons.py::test_linear_cli_accepts_positive_comparison_height PASSED [ 26%]
tests/test_comparisons.py::test_linear_canvas_config_rejects_invalid_comparison_height[0] PASSED [ 26%]
tests/test_comparisons.py::test_linear_canvas_config_rejects_invalid_comparison_height[-2] PASSED [ 26%]
tests/test_comparisons.py::test_linear_canvas_config_rejects_invalid_comparison_height[nan] PASSED [ 26%]
tests/test_comparisons.py::test_linear_canvas_config_rejects_invalid_comparison_height[inf] PASSED [ 26%]
tests/test_comparisons.py::test_linear_canvas_config_rejects_invalid_comparison_height[True] PASSED [ 26%]
tests/test_comparisons.py::test_linear_canvas_config_rejects_invalid_comparison_height[value5] PASSED [ 26%]
tests/test_comparisons.py::test_linear_canvas_config_rejects_invalid_comparison_height[value6] PASSED [ 26%]
tests/test_comparisons.py::test_optional_positive_number_shared_contract PASSED [ 26%]
tests/test_comparisons.py::test_build_linear_diagram_forwards_alignment_length PASSED [ 26%]
tests/test_comparisons.py::test_assemble_linear_diagram_rejects_negative_alignment_length PASSED [ 26%]
tests/test_comparisons.py::test_assemble_linear_diagram_rejects_invalid_pairwise_match_style PASSED [ 26%]
tests/test_comparisons.py::test_pairwise_match_ribbon_path_uses_straight_segments PASSED [ 26%]
tests/test_comparisons.py::test_pairwise_match_identity_100_uses_the_maximum_color PASSED [ 26%]
tests/test_comparisons.py::test_circular_conservation_identity_100_uses_the_maximum_color PASSED [ 26%]
tests/test_comparisons.py::test_identity_100_legend_is_a_safe_zero_span_at_the_maximum_color PASSED [ 26%]
tests/test_comparisons.py::test_pairwise_match_path_serializes_orthogroup_metadata_without_collinearity_block PASSED [ 26%]
tests/test_comparisons.py::test_pairwise_match_resolves_duplicate_view_ids_by_source_feature_index PASSED [ 26%]
tests/test_comparisons.py::test_linear_feature_dom_index_rejects_repeated_source_feature_index PASSED [ 26%]
tests/test_comparisons.py::test_pairwise_match_curve_path_preserves_endpoint_spans PASSED [ 26%]
tests/test_comparisons.py::test_pairwise_match_group_draws_smaller_high_identity_hits_above_broad_hits PASSED [ 26%]
tests/test_composition_layout.py::test_aabb_pure_operations_and_empty_union PASSED [ 26%]
tests/test_composition_layout.py::test_aabb_intersection_allows_edge_contact_and_exact_clearance PASSED [ 26%]
tests/test_composition_layout.py::test_aabb_operations_validate_inputs[<lambda>-translation] PASSED [ 26%]
tests/test_composition_layout.py::test_aabb_operations_validate_inputs[<lambda>-non-negative0] PASSED [ 26%]
tests/test_composition_layout.py::test_aabb_operations_validate_inputs[<lambda>-non-negative1] PASSED [ 26%]
tests/test_composition_layout.py::test_aabb_operations_validate_inputs[<lambda>-Aabb] PASSED [ 26%]
tests/test_composition_layout.py::test_shared_spacing_defaults_are_frozen PASSED [ 26%]
tests/test_composition_layout.py::test_exact_dock_gap_and_outer_padding[right-expected_primary0-expected_legend0-expected_canvas0] PASSED [ 26%]
tests/test_composition_layout.py::test_exact_dock_gap_and_outer_padding[left-expected_primary1-expected_legend1-expected_canvas1] PASSED [ 26%]
tests/test_composition_layout.py::test_exact_dock_gap_and_outer_padding[top-expected_primary2-expected_legend2-expected_canvas2] PASSED [ 26%]
tests/test_composition_layout.py::test_exact_dock_gap_and_outer_padding[bottom-expected_primary3-expected_legend3-expected_canvas3] PASSED [ 26%]
tests/test_composition_layout.py::test_title_is_centered_on_primary_content[top-expected_primary0-expected_title0-expected_canvas0] PASSED [ 26%]
tests/test_composition_layout.py::test_title_is_centered_on_primary_content[bottom-expected_primary1-expected_title1-expected_canvas1] PASSED [ 27%]
tests/test_composition_layout.py::test_title_is_centered_on_primary_content[center-expected_primary2-expected_title2-expected_canvas2] PASSED [ 27%]
tests/test_composition_layout.py::test_same_side_title_is_outer_of_legend[top-top-expected_primary0-expected_legend0-expected_title0] PASSED [ 27%]
tests/test_composition_layout.py::test_same_side_title_is_outer_of_legend[bottom-bottom-expected_primary1-expected_legend1-expected_title1] PASSED [ 27%]
tests/test_composition_layout.py::test_long_top_title_moves_outward_from_tall_side_legend PASSED [ 27%]
tests/test_composition_layout.py::test_tall_and_wide_decorations_drive_the_union[legend_bounds0-right-expected_canvas0-expected_primary0-expected_legend0] PASSED [ 27%]
tests/test_composition_layout.py::test_tall_and_wide_decorations_drive_the_union[legend_bounds1-top-expected_canvas1-expected_primary1-expected_legend1] PASSED [ 27%]
tests/test_composition_layout.py::test_docked_placements_are_mirror_symmetric PASSED [ 27%]
tests/test_composition_layout.py::test_negative_primary_and_decoration_coordinates_do_not_change_layout PASSED [ 27%]
tests/test_composition_layout.py::test_empty_or_absent_decorations_reserve_no_space[changes0] PASSED [ 27%]
tests/test_composition_layout.py::test_empty_or_absent_decorations_reserve_no_space[changes1] PASSED [ 27%]
tests/test_composition_layout.py::test_empty_or_absent_decorations_reserve_no_space[changes2] PASSED [ 27%]
tests/test_composition_layout.py::test_empty_or_absent_decorations_reserve_no_space[changes3] PASSED [ 27%]
tests/test_composition_layout.py::test_empty_or_absent_decorations_reserve_no_space[changes4] PASSED [ 27%]
tests/test_composition_layout.py::test_overlay_legends_anchor_to_requested_primary_corner[upper_left-expected0] PASSED [ 27%]
tests/test_composition_layout.py::test_overlay_legends_anchor_to_requested_primary_corner[upper_right-expected1] PASSED [ 27%]
tests/test_composition_layout.py::test_overlay_legends_anchor_to_requested_primary_corner[lower_left-expected2] PASSED [ 27%]
tests/test_composition_layout.py::test_overlay_legends_anchor_to_requested_primary_corner[lower_right-expected3] PASSED [ 27%]
tests/test_composition_layout.py::test_overlay_reports_initial_conflicts_then_moves_within_quadrant PASSED [ 27%]
tests/test_composition_layout.py::test_overlay_canvas_growth_fallback_is_exact_and_deterministic PASSED [ 27%]
tests/test_composition_layout.py::test_request_freezes_obstacles_and_planning_does_not_mutate_inputs PASSED [ 27%]
tests/test_composition_layout.py::test_spacing_rejects_negative_or_nonfinite_values[-1.0-edge_padding_px] PASSED [ 27%]
tests/test_composition_layout.py::test_spacing_rejects_negative_or_nonfinite_values[-1.0-dock_gap_px] PASSED [ 27%]
tests/test_composition_layout.py::test_spacing_rejects_negative_or_nonfinite_values[-1.0-title_gap_px] PASSED [ 27%]
tests/test_composition_layout.py::test_spacing_rejects_negative_or_nonfinite_values[-1.0-stack_gap_px] PASSED [ 27%]
tests/test_composition_layout.py::test_spacing_rejects_negative_or_nonfinite_values[-1.0-overlay_clearance_px] PASSED [ 27%]
tests/test_composition_layout.py::test_spacing_rejects_negative_or_nonfinite_values[nan-edge_padding_px] PASSED [ 27%]
tests/test_composition_layout.py::test_spacing_rejects_negative_or_nonfinite_values[nan-dock_gap_px] PASSED [ 27%]
tests/test_composition_layout.py::test_spacing_rejects_negative_or_nonfinite_values[nan-title_gap_px] PASSED [ 27%]
tests/test_composition_layout.py::test_spacing_rejects_negative_or_nonfinite_values[nan-stack_gap_px] PASSED [ 27%]
tests/test_composition_layout.py::test_spacing_rejects_negative_or_nonfinite_values[nan-overlay_clearance_px] PASSED [ 27%]
tests/test_composition_layout.py::test_spacing_rejects_negative_or_nonfinite_values[inf-edge_padding_px] PASSED [ 27%]
tests/test_composition_layout.py::test_spacing_rejects_negative_or_nonfinite_values[inf-dock_gap_px] PASSED [ 27%]
tests/test_composition_layout.py::test_spacing_rejects_negative_or_nonfinite_values[inf-title_gap_px] PASSED [ 27%]
tests/test_composition_layout.py::test_spacing_rejects_negative_or_nonfinite_values[inf-stack_gap_px] PASSED [ 27%]
tests/test_composition_layout.py::test_spacing_rejects_negative_or_nonfinite_values[inf-overlay_clearance_px] PASSED [ 27%]
tests/test_composition_layout.py::test_request_validation_is_explicit[changes0-primary] PASSED [ 27%]
tests/test_composition_layout.py::test_request_validation_is_explicit[changes1-positive] PASSED [ 27%]
tests/test_composition_layout.py::test_request_validation_is_explicit[changes2-unknown legend] PASSED [ 27%]
tests/test_composition_layout.py::test_request_validation_is_explicit[changes3-unknown title] PASSED [ 27%]
tests/test_composition_layout.py::test_request_validation_is_explicit[changes4-Aabb] PASSED [ 27%]
tests/test_composition_layout.py::test_request_validation_is_explicit[changes5-unique] PASSED [ 27%]
tests/test_composition_layout.py::test_unknown_placements_fail_even_when_decorations_are_absent PASSED [ 27%]
tests/test_composition_surface_contracts.py::test_circular_legend_values_cross_schema_7_and_reach_composition[left] PASSED [ 27%]
tests/test_composition_surface_contracts.py::test_circular_legend_values_cross_schema_7_and_reach_composition[right] PASSED [ 28%]
tests/test_composition_surface_contracts.py::test_circular_legend_values_cross_schema_7_and_reach_composition[top] PASSED [ 28%]
tests/test_composition_surface_contracts.py::test_circular_legend_values_cross_schema_7_and_reach_composition[bottom] PASSED [ 28%]
tests/test_composition_surface_contracts.py::test_circular_legend_values_cross_schema_7_and_reach_composition[upper_left] PASSED [ 28%]
tests/test_composition_surface_contracts.py::test_circular_legend_values_cross_schema_7_and_reach_composition[upper_right] PASSED [ 28%]
tests/test_composition_surface_contracts.py::test_circular_legend_values_cross_schema_7_and_reach_composition[lower_left] PASSED [ 28%]
tests/test_composition_surface_contracts.py::test_circular_legend_values_cross_schema_7_and_reach_composition[lower_right] PASSED [ 28%]
tests/test_composition_surface_contracts.py::test_circular_legend_values_cross_schema_7_and_reach_composition[none] PASSED [ 28%]
tests/test_composition_surface_contracts.py::test_linear_legend_values_cross_schema_7_and_reach_composition[left] PASSED [ 28%]
tests/test_composition_surface_contracts.py::test_linear_legend_values_cross_schema_7_and_reach_composition[right] PASSED [ 28%]
tests/test_composition_surface_contracts.py::test_linear_legend_values_cross_schema_7_and_reach_composition[top] PASSED [ 28%]
tests/test_composition_surface_contracts.py::test_linear_legend_values_cross_schema_7_and_reach_composition[bottom] PASSED [ 28%]
tests/test_composition_surface_contracts.py::test_linear_legend_values_cross_schema_7_and_reach_composition[none] PASSED [ 28%]
tests/test_composition_surface_contracts.py::test_circular_title_values_cross_schema_5_and_reach_composition[none] PASSED [ 28%]
tests/test_composition_surface_contracts.py::test_circular_title_values_cross_schema_5_and_reach_composition[top] PASSED [ 28%]
tests/test_composition_surface_contracts.py::test_circular_title_values_cross_schema_5_and_reach_composition[bottom] PASSED [ 28%]
tests/test_composition_surface_contracts.py::test_linear_title_values_cross_schema_5_and_reach_composition[center] PASSED [ 28%]
tests/test_composition_surface_contracts.py::test_linear_title_values_cross_schema_5_and_reach_composition[top] PASSED [ 28%]
tests/test_composition_surface_contracts.py::test_linear_title_values_cross_schema_5_and_reach_composition[bottom] PASSED [ 28%]
tests/test_composition_surface_contracts.py::test_output_option_defaults_remain_mode_specific_after_schema_5_replay[circular-none-False] PASSED [ 28%]
tests/test_composition_surface_contracts.py::test_output_option_defaults_remain_mode_specific_after_schema_5_replay[linear-bottom-True] PASSED [ 28%]
tests/test_composition_surface_contracts.py::test_fresh_and_schema_5_replay_have_identical_automatic_composition[circular-lower_right-bottom] PASSED [ 28%]
tests/test_composition_surface_contracts.py::test_fresh_and_schema_5_replay_have_identical_automatic_composition[linear-top-center] PASSED [ 28%]
tests/test_composition_surface_contracts.py::test_output_options_reject_legend_values_outside_the_mode_contract[CircularOutputOptions-center] PASSED [ 28%]
tests/test_composition_surface_contracts.py::test_output_options_reject_legend_values_outside_the_mode_contract[CircularOutputOptions- upper_left] PASSED [ 28%]
tests/test_composition_surface_contracts.py::test_output_options_reject_legend_values_outside_the_mode_contract[CircularOutputOptions-UPPER_LEFT] PASSED [ 28%]
tests/test_composition_surface_contracts.py::test_output_options_reject_legend_values_outside_the_mode_contract[CircularOutputOptions-None] PASSED [ 28%]
tests/test_composition_surface_contracts.py::test_output_options_reject_legend_values_outside_the_mode_contract[LinearOutputOptions-upper_left] PASSED [ 28%]
tests/test_composition_surface_contracts.py::test_output_options_reject_legend_values_outside_the_mode_contract[LinearOutputOptions-lower_right] PASSED [ 28%]
tests/test_composition_surface_contracts.py::test_output_options_reject_legend_values_outside_the_mode_contract[LinearOutputOptions-center] PASSED [ 28%]
tests/test_composition_surface_contracts.py::test_output_options_reject_legend_values_outside_the_mode_contract[LinearOutputOptions-] PASSED [ 28%]
tests/test_composition_surface_contracts.py::test_linear_cli_rejects_circular_corner_legend_before_rendering PASSED [ 28%]
tests/test_composition_surface_contracts.py::test_current_request_schema_and_session_envelope_versions PASSED [ 28%]
tests/test_composition_surface_contracts.py::test_real_exports_use_the_composed_svg_viewbox[circular] PASSED [ 28%]
tests/test_composition_surface_contracts.py::test_real_exports_use_the_composed_svg_viewbox[linear] PASSED [ 28%]
tests/test_composition_surface_contracts.py::test_interactive_svg_preserves_original_viewbox_and_composition_schema[circular] PASSED [ 28%]
tests/test_composition_surface_contracts.py::test_interactive_svg_preserves_original_viewbox_and_composition_schema[linear] PASSED [ 28%]
tests/test_config_override_paths.py::test_override_paths_are_canonical_dataclass_leaves PASSED [ 28%]
tests/test_config_override_paths.py::test_unknown_override_path_is_rejected[show_gc] PASSED [ 28%]
tests/test_config_override_paths.py::test_unknown_override_path_is_rejected[canvas.show_labels] PASSED [ 28%]
tests/test_config_override_paths.py::test_unknown_override_path_is_rejected[canvas.circular.show_labels] PASSED [ 28%]
tests/test_config_override_paths.py::test_unknown_override_path_is_rejected[canvas.linear.show_labels] PASSED [ 28%]
tests/test_config_override_paths.py::test_unknown_override_path_is_rejected[canvas.unknown] PASSED [ 28%]
tests/test_config_override_paths.py::test_non_leaf_override_path_is_rejected[canvas] PASSED [ 29%]
tests/test_config_override_paths.py::test_non_leaf_override_path_is_rejected[objects.axis.linear] PASSED [ 29%]
tests/test_config_override_paths.py::test_canonical_override_preserves_unmodeled_raw_metadata PASSED [ 29%]
tests/test_config_override_paths.py::test_literal_domains_reject_reader_only_values[canvas.linear.track_layout-spreadout] PASSED [ 29%]
tests/test_config_override_paths.py::test_literal_domains_reject_reader_only_values[labels.linear.placement-on_feature] PASSED [ 29%]
tests/test_config_override_paths.py::test_literal_domains_reject_reader_only_values[labels.circular.scope-first] PASSED [ 29%]
tests/test_config_override_paths.py::test_literal_domains_reject_reader_only_values[labels.linear.scope-outer] PASSED [ 29%]
tests/test_config_override_paths.py::test_typed_override_preserves_filtering_extensions_and_dataframes PASSED [ 29%]
tests/test_config_override_paths.py::test_filtering_raw_override_is_applied_before_typed_siblings PASSED [ 29%]
tests/test_config_override_paths.py::test_default_override_resolution_parses_typed_config_once PASSED [ 29%]
tests/test_config_override_paths.py::test_typed_options_reject_flat_override_aliases_eagerly PASSED [ 29%]
tests/test_config_override_paths.py::test_scale_visibility_defaults_visible_and_normalizes_raw_config_values PASSED [ 29%]
tests/test_config_override_paths.py::test_scale_visibility_is_a_shared_strict_boolean_override[CircularDiagramOptions] PASSED [ 29%]
tests/test_config_override_paths.py::test_scale_visibility_is_a_shared_strict_boolean_override[LinearDiagramOptions] PASSED [ 29%]
tests/test_config_override_paths.py::test_scale_style_rejects_unknown_raw_and_override_values PASSED [ 29%]
tests/test_config_override_paths.py::test_arrow_geometry_defaults_and_missing_block_compatibility PASSED [ 29%]
tests/test_config_override_paths.py::test_arrow_geometry_dotted_overrides[objects.features.arrow_geometry.head_length_ratio-auto-auto] PASSED [ 29%]
tests/test_config_override_paths.py::test_arrow_geometry_dotted_overrides[objects.features.arrow_geometry.head_length_ratio-1-1.0] PASSED [ 29%]
tests/test_config_override_paths.py::test_arrow_geometry_dotted_overrides[objects.features.arrow_geometry.head_length_ratio-1.25-1.25] PASSED [ 29%]
tests/test_config_override_paths.py::test_arrow_geometry_dotted_overrides[objects.features.arrow_geometry.shaft_width_ratio-0.25-0.25] PASSED [ 29%]
tests/test_config_override_paths.py::test_arrow_geometry_dotted_overrides[objects.features.arrow_geometry.shaft_width_ratio-1-1.0] PASSED [ 29%]
tests/test_config_override_paths.py::test_arrow_geometry_rejects_invalid_overrides[objects.features.arrow_geometry.head_length_ratio-True] PASSED [ 29%]
tests/test_config_override_paths.py::test_arrow_geometry_rejects_invalid_overrides[objects.features.arrow_geometry.head_length_ratio-0] PASSED [ 29%]
tests/test_config_override_paths.py::test_arrow_geometry_rejects_invalid_overrides[objects.features.arrow_geometry.head_length_ratio--0.5] PASSED [ 29%]
tests/test_config_override_paths.py::test_arrow_geometry_rejects_invalid_overrides[objects.features.arrow_geometry.head_length_ratio-nan] PASSED [ 29%]
tests/test_config_override_paths.py::test_arrow_geometry_rejects_invalid_overrides[objects.features.arrow_geometry.head_length_ratio-inf] PASSED [ 29%]
tests/test_config_override_paths.py::test_arrow_geometry_rejects_invalid_overrides[objects.features.arrow_geometry.shaft_width_ratio-True] PASSED [ 29%]
tests/test_config_override_paths.py::test_arrow_geometry_rejects_invalid_overrides[objects.features.arrow_geometry.shaft_width_ratio-0] PASSED [ 29%]
tests/test_config_override_paths.py::test_arrow_geometry_rejects_invalid_overrides[objects.features.arrow_geometry.shaft_width_ratio--0.5] PASSED [ 29%]
tests/test_config_override_paths.py::test_arrow_geometry_rejects_invalid_overrides[objects.features.arrow_geometry.shaft_width_ratio-1.01] PASSED [ 29%]
tests/test_config_override_paths.py::test_arrow_geometry_rejects_invalid_overrides[objects.features.arrow_geometry.shaft_width_ratio-nan] PASSED [ 29%]
tests/test_config_override_paths.py::test_arrow_geometry_rejects_invalid_overrides[objects.features.arrow_geometry.shaft_width_ratio-inf] PASSED [ 29%]
tests/test_config_override_paths.py::test_feature_overlap_tolerance_rejects_invalid_values_on_config_and_copy[True] PASSED [ 29%]
tests/test_config_override_paths.py::test_feature_overlap_tolerance_rejects_invalid_values_on_config_and_copy[False] PASSED [ 29%]
tests/test_config_override_paths.py::test_feature_overlap_tolerance_rejects_invalid_values_on_config_and_copy[-1] PASSED [ 29%]
tests/test_config_override_paths.py::test_feature_overlap_tolerance_rejects_invalid_values_on_config_and_copy[1.5] PASSED [ 29%]
tests/test_config_override_paths.py::test_feature_overlap_tolerance_rejects_invalid_values_on_config_and_copy[2] PASSED [ 29%]
tests/test_config_override_paths.py::test_feature_overlap_tolerance_rejects_invalid_values_on_config_and_copy[None] PASSED [ 29%]
tests/test_config_override_paths.py::test_feature_overlap_tolerance_is_one_canvas_owner_and_survives_copy PASSED [ 29%]
tests/test_core_text.py::test_parse_mixed_content_text_preserves_leading_plain_text_and_order PASSED [ 29%]
tests/test_core_text.py::test_parse_mixed_content_text_preserves_multiple_inline_segments PASSED [ 29%]
tests/test_dead_api_cleanup.py::test_unused_cli_helper_exports_are_removed[add_output_args] PASSED [ 29%]
tests/test_dead_api_cleanup.py::test_unused_cli_helper_exports_are_removed[add_stroke_args] PASSED [ 29%]
tests/test_dead_api_cleanup.py::test_unused_cli_helper_exports_are_removed[add_legend_args] PASSED [ 30%]
tests/test_dead_api_cleanup.py::test_obsolete_circular_component_shim_is_removed PASSED [ 30%]
tests/test_dead_api_cleanup.py::test_obsolete_label_placement_facade_is_removed PASSED [ 30%]
tests/test_dead_api_cleanup.py::test_noop_horizontal_label_compatibility_adapter_is_removed PASSED [ 30%]
tests/test_dead_api_cleanup.py::test_unused_native_collinearity_wrapper_is_removed PASSED [ 30%]
tests/test_dead_api_cleanup.py::test_test_only_collinearity_and_legacy_membership_surfaces_are_removed PASSED [ 30%]
tests/test_dead_api_cleanup.py::test_unused_session_compatibility_wrapper_is_removed PASSED [ 30%]
tests/test_dead_api_cleanup.py::test_unused_diagram_save_wrappers_are_removed PASSED [ 30%]
tests/test_dead_api_cleanup.py::test_internal_render_aliases_and_availability_proxy_are_removed PASSED [ 30%]
tests/test_dead_api_cleanup.py::test_internal_save_figure_warns_before_compatibility_export PASSED [ 30%]
tests/test_dead_api_cleanup.py::test_dead_web_style_module_and_color_dialog_aliases_are_removed PASSED [ 30%]
tests/test_dead_api_cleanup.py::test_dead_flat_config_overrides_are_removed PASSED [ 30%]
tests/test_dead_api_cleanup.py::test_depth_tick_interval_is_reader_only PASSED [ 30%]
tests/test_dead_api_cleanup.py::test_feature_table_aliases_are_removed_from_fresh_python_api PASSED [ 30%]
tests/test_dead_api_cleanup.py::test_fresh_config_overrides_reject_removed_linear_values[kwargs0-labels.linear.placement] PASSED [ 30%]
tests/test_dead_api_cleanup.py::test_fresh_config_overrides_reject_removed_linear_values[kwargs1-canvas.linear.track_layout] PASSED [ 30%]
tests/test_dead_api_cleanup.py::test_fresh_config_overrides_reject_removed_linear_values[kwargs2-canvas.linear.track_layout] PASSED [ 30%]
tests/test_dead_api_cleanup.py::test_removed_default_keys_remain_tolerated_in_legacy_config PASSED [ 30%]
tests/test_definition_line_styles.py::test_parse_definition_line_style_overrides_valid_and_last_wins PASSED [ 30%]
tests/test_definition_line_styles.py::test_parse_definition_line_style_duplicate_properties_are_last_wins PASSED [ 30%]
tests/test_definition_line_styles.py::test_parse_definition_line_style_invalid[name] PASSED [ 30%]
tests/test_definition_line_styles.py::test_parse_definition_line_style_invalid[unknown:weight=bold] PASSED [ 30%]
tests/test_definition_line_styles.py::test_parse_definition_line_style_invalid[name:unknown=bold] PASSED [ 30%]
tests/test_definition_line_styles.py::test_parse_definition_line_style_invalid[name:weight=] PASSED [ 30%]
tests/test_definition_line_styles.py::test_parse_definition_line_style_invalid[name:size=0] PASSED [ 30%]
tests/test_definition_line_styles.py::test_parse_definition_line_style_invalid[name:size=nan] PASSED [ 30%]
tests/test_definition_line_styles.py::test_parse_definition_line_style_invalid[name:weight=950] PASSED [ 30%]
tests/test_definition_line_styles.py::test_parse_definition_line_style_invalid[name:color=red,] PASSED [ 30%]
tests/test_definition_line_styles.py::test_linear_cli_definition_line_style_validation[cmd_args0] PASSED [ 30%]
tests/test_definition_line_styles.py::test_linear_cli_definition_line_style_validation[cmd_args1] PASSED [ 30%]
tests/test_definition_line_styles.py::test_linear_cli_definition_line_style_validation[cmd_args2] PASSED [ 30%]
tests/test_definition_line_styles.py::test_linear_cli_definition_line_style_forwards PASSED [ 30%]
tests/test_definition_line_styles.py::test_definition_line_style_config_defaults_and_legacy_inheritance PASSED [ 30%]
tests/test_definition_line_styles.py::test_definition_line_style_config_validation PASSED [ 30%]
tests/test_definition_line_styles.py::test_modify_config_dict_updates_nested_definition_line_styles PASSED [ 30%]
tests/test_definition_line_styles.py::test_session_io_definition_line_styles_emit_gui_args PASSED [ 30%]
tests/test_definition_line_styles.py::test_create_text_element_defaults_and_custom_attrs PASSED [ 30%]
tests/test_definition_line_styles.py::test_definition_group_emits_line_specific_styles_and_data_attrs PASSED [ 30%]
tests/test_definition_line_styles.py::test_definition_line_specific_font_size_affects_layout PASSED [ 30%]
tests/test_depth_track.py::test_sparse_depth_normalization_preserves_logical_indices_count_and_heights PASSED [ 30%]
tests/test_depth_track.py::test_depth_track_row_rejects_invalid_logical_indices[track_indices0-negative track_index=-1] PASSED [ 30%]
tests/test_depth_track.py::test_depth_track_row_rejects_invalid_logical_indices[track_indices1-duplicate track_index=0] PASSED [ 30%]
tests/test_depth_track.py::test_sparse_depth_shared_axis_and_representatives_are_per_logical_track PASSED [ 30%]
tests/test_depth_track.py::test_depth_normalization_rejects_globally_empty_logical_column PASSED [ 31%]
tests/test_depth_track.py::test_canonical_depth_track_normalizes_one_shared_source PASSED [ 31%]
tests/test_depth_track.py::test_canonical_depth_tracks_support_mixed_and_sparse_per_record_sources PASSED [ 31%]
tests/test_depth_track.py::test_canonical_depth_tracks_reject_wrong_per_record_cardinality PASSED [ 31%]
tests/test_depth_track.py::test_typed_options_reject_canonical_and_compatibility_depth_inputs PASSED [ 31%]
tests/test_depth_track.py::test_circular_typed_options_reject_linear_depth_height PASSED [ 31%]
tests/test_depth_track.py::test_typed_linear_builder_accepts_canonical_depth_tracks PASSED [ 31%]
tests/test_depth_track.py::test_read_depth_tsv_headerless_and_headered PASSED [ 31%]
tests/test_depth_track.py::test_read_depth_tsv_uses_cache_until_file_changes PASSED [ 31%]
tests/test_depth_track.py::test_depth_df_matching_fallback_and_mismatch PASSED [ 31%]
tests/test_depth_track.py::test_depth_df_missing_positions_clipping_and_normalization PASSED [ 31%]
tests/test_depth_track.py::test_depth_df_log_scale_makes_ten_x_twice_one_x PASSED [ 31%]
tests/test_depth_track.py::test_depth_config_defaults_to_linear_scale PASSED [ 31%]
tests/test_depth_track.py::test_linear_depth_gc_track_offsets_reserve_visual_gap PASSED [ 31%]
tests/test_depth_track.py::test_circular_depth_track_is_optional PASSED  [ 31%]
tests/test_depth_track.py::test_circular_depth_origin_label_requires_explicit_min PASSED [ 31%]
tests/test_depth_track.py::test_circular_depth_axis_can_be_hidden_without_hiding_depth_track PASSED [ 31%]
tests/test_depth_track.py::test_circular_depth_compresses_gc_skew_to_preserve_definition_space PASSED [ 31%]
tests/test_depth_track.py::test_circular_depth_preserves_explicit_gc_skew_track_specs PASSED [ 31%]
tests/test_depth_track.py::test_circular_depth_axis_uses_record_start_and_tick_options PASSED [ 31%]
tests/test_depth_track.py::test_circular_depth_ticks_use_right_side_and_small_ticks_are_unlabeled PASSED [ 31%]
tests/test_depth_track.py::test_depth_ticks_can_be_hidden_without_hiding_axes PASSED [ 31%]
tests/test_depth_track.py::test_depth_axis_can_be_hidden_without_hiding_depth_track PASSED [ 31%]
tests/test_depth_track.py::test_linear_shared_depth_axis_uses_common_auto_max PASSED [ 31%]
tests/test_depth_track.py::test_circular_multi_record_shared_depth_axis_uses_common_auto_max PASSED [ 31%]
tests/test_depth_track.py::test_linear_depth_track_is_optional PASSED    [ 31%]
tests/test_depth_track.py::test_linear_multiple_depth_tracks_have_unique_ids PASSED [ 31%]
tests/test_depth_track.py::test_linear_multiple_depth_track_heights_are_per_track PASSED [ 31%]
tests/test_depth_track.py::test_linear_custom_depth_slot_uses_track_height_when_slot_height_is_auto PASSED [ 31%]
tests/test_depth_track.py::test_linear_depth_track_tick_options_are_per_track PASSED [ 31%]
tests/test_depth_track.py::test_circular_multiple_depth_tracks_render_distinct_rings PASSED [ 31%]
tests/test_depth_track.py::test_circular_multiple_depth_auto_slots_do_not_restore_hidden_scale PASSED [ 31%]
tests/test_depth_track.py::test_circular_custom_depth_slot_selects_track_index PASSED [ 31%]
tests/test_depth_track.py::test_depth_share_axis_is_per_logical_track PASSED [ 31%]
tests/test_depth_track.py::test_linear_depth_track_partial_record_rows_are_not_shared PASSED [ 31%]
tests/test_depth_track.py::test_linear_custom_depth_slot_skips_leading_or_trailing_missing_record[0-above-below] PASSED [ 31%]
tests/test_depth_track.py::test_linear_custom_depth_slot_skips_leading_or_trailing_missing_record[1-below-above] PASSED [ 31%]
tests/test_depth_track.py::test_sparse_depth_does_not_separate_pairwise_match_from_missing_record_features PASSED [ 31%]
tests/test_depth_track.py::test_linear_diagonal_sparse_depth_binding_survives_slot_order_reversal PASSED [ 31%]
tests/test_depth_track.py::test_linear_custom_slot_can_select_only_second_logical_depth_track PASSED [ 31%]
tests/test_depth_track.py::test_linear_custom_depth_slot_legend_uses_only_selected_sparse_logical_track PASSED [ 31%]
tests/test_depth_track.py::test_linear_depth_slot_rejects_globally_out_of_range_logical_index PASSED [ 31%]
tests/test_depth_track.py::test_circular_multi_record_partial_depth_skips_paint_but_reserves_slot[0] PASSED [ 31%]
tests/test_depth_track.py::test_circular_multi_record_partial_depth_skips_paint_but_reserves_slot[1] PASSED [ 32%]
tests/test_depth_track.py::test_circular_multi_record_diagonal_sparse_depth_uses_logical_binding PASSED [ 32%]
tests/test_depth_track.py::test_circular_multi_record_depth_auto_slots_do_not_restore_hidden_scale PASSED [ 32%]
tests/test_depth_track.py::test_linear_depth_origin_label_requires_explicit_min PASSED [ 32%]
tests/test_depth_track.py::test_linear_depth_defaults_to_linear_scale_for_plotting PASSED [ 32%]
tests/test_depth_track.py::test_linear_depth_window_step_can_differ_from_gc PASSED [ 32%]
tests/test_depth_track.py::test_linear_depth_window_step_defaults_to_tenth_of_gc PASSED [ 32%]
tests/test_depth_track.py::test_circular_depth_window_step_can_differ_from_gc PASSED [ 32%]
tests/test_depth_track.py::test_circular_depth_window_step_defaults_to_tenth_of_gc PASSED [ 32%]
tests/test_depth_track.py::test_cli_rejects_removed_depth_tick_interval[_get_args0] PASSED [ 32%]
tests/test_depth_track.py::test_cli_rejects_removed_depth_tick_interval[_get_args1] PASSED [ 32%]
tests/test_depth_track.py::test_circular_cli_depth_options_forward_to_api PASSED [ 32%]
tests/test_depth_track.py::test_circular_cli_reads_depth_file_once_for_multiple_records PASSED [ 32%]
tests/test_depth_track.py::test_linear_cli_depth_options_forward_to_api PASSED [ 32%]
tests/test_depth_track.py::test_linear_cli_repeated_depth_track_forwards_record_major_files PASSED [ 32%]
tests/test_depth_track.py::test_linear_cli_depth_track_placeholders_keep_record_slots PASSED [ 32%]
tests/test_depth_track.py::test_linear_cli_sparse_depth_tracks_render_end_to_end PASSED [ 32%]
tests/test_depth_track.py::test_circular_cli_repeated_depth_track_forwards_record_major_files PASSED [ 32%]
tests/test_depth_track.py::test_circular_cli_sparse_depth_tracks_render_separate_outputs PASSED [ 32%]
tests/test_depth_track.py::test_linear_depth_dataframe_is_computed_once_per_record PASSED [ 32%]
tests/test_diagram_layout_benchmark.py::test_case_summary_records_median_noise_and_peak_memory PASSED [ 32%]
tests/test_diagram_layout_benchmark.py::test_comparison_fails_only_for_regression_above_threshold_and_noise PASSED [ 32%]
tests/test_diagram_layout_benchmark.py::test_comparison_reports_pass_with_noise_exemption PASSED [ 32%]
tests/test_diagram_layout_benchmark.py::test_noise_equal_to_regression_does_not_exempt_regression PASSED [ 32%]
tests/test_diagram_layout_benchmark.py::test_exact_threshold_is_not_a_regression PASSED [ 32%]
tests/test_diagram_layout_benchmark.py::test_comparison_rejects_different_fixture_profiles PASSED [ 32%]
tests/test_diagram_layout_benchmark.py::test_comparison_rejects_invalid_metrics[None] PASSED [ 32%]
tests/test_diagram_layout_benchmark.py::test_comparison_rejects_invalid_metrics[fast] PASSED [ 32%]
tests/test_diagram_layout_benchmark.py::test_comparison_rejects_invalid_metrics[nan] PASSED [ 32%]
tests/test_diagram_layout_benchmark.py::test_comparison_rejects_invalid_metrics[inf] PASSED [ 32%]
tests/test_diagram_layout_benchmark.py::test_json_writer_rejects_nonfinite_numbers PASSED [ 32%]
tests/test_diagram_layout_benchmark.py::test_source_root_rejects_package_loaded_from_another_tree PASSED [ 32%]
tests/test_diagram_layout_benchmark.py::test_json_writer_is_sorted_and_newline_terminated PASSED [ 32%]
tests/test_diagram_layout_benchmark.py::test_quick_profile_runs_all_three_real_assemblers PASSED [ 32%]
tests/test_documentation_capture_contracts.py::test_capture_semantics_parse_translation_only_chains PASSED [ 32%]
tests/test_documentation_capture_contracts.py::test_capture_environment_is_pinned_and_loopback_only PASSED [ 32%]
tests/test_documentation_capture_contracts.py::test_first_circular_capture_uses_the_frozen_bundled_fixture PASSED [ 32%]
tests/test_documentation_capture_contracts.py::test_first_linear_capture_uses_the_complete_frozen_lambda_fixture PASSED [ 32%]
tests/test_documentation_capture_contracts.py::test_gui_inputs_capture_uses_the_complete_frozen_gff3_fasta_pair PASSED [ 32%]
tests/test_documentation_capture_contracts.py::test_gui_losatn_capture_uses_only_the_qualified_complete_record_pair PASSED [ 32%]
tests/test_documentation_capture_contracts.py::test_gui_circular_layout_uses_four_complete_natural_mitochondrial_records PASSED [ 32%]
tests/test_documentation_capture_contracts.py::test_first_circular_flow_uses_accessible_real_actions_without_state_shortcuts PASSED [ 32%]
tests/test_documentation_capture_contracts.py::test_shared_linear_preview_fit_centers_the_complete_rendered_diagram PASSED [ 32%]
tests/test_documentation_capture_contracts.py::test_first_linear_flow_uses_accessible_real_actions_without_state_shortcuts PASSED [ 33%]
tests/test_documentation_capture_contracts.py::test_gui_inputs_flow_uses_whole_files_real_actions_and_actual_error PASSED [ 33%]
tests/test_documentation_capture_contracts.py::test_gui_circular_layout_flow_uses_complete_records_and_public_controls PASSED [ 33%]
tests/test_documentation_capture_contracts.py::test_gui_losatn_flow_runs_the_real_serial_one_thread_journey PASSED [ 33%]
tests/test_documentation_capture_contracts.py::test_download_contract_parses_and_validates_all_static_svgs PASSED [ 33%]
tests/test_documentation_capture_contracts.py::test_runner_uses_manifest_ids_tiers_and_generic_screenshot_lookup PASSED [ 33%]
tests/test_documentation_capture_contracts.py::test_screenshot_comparison_allows_only_bounded_raster_noise PASSED [ 33%]
tests/test_documentation_capture_contracts.py::test_complex_svg_screenshot_comparison_is_bounded_to_the_preview PASSED [ 33%]
tests/test_documentation_capture_contracts.py::test_runner_all_orchestrates_gui_cli_and_python_with_check PASSED [ 33%]
tests/test_documentation_capture_contracts.py::test_runner_focused_scenarios_execute_only_the_selected_surface PASSED [ 33%]
tests/test_documentation_capture_contracts.py::test_t_gui_01_manifest_owns_the_complete_verified_journey PASSED [ 33%]
tests/test_documentation_capture_contracts.py::test_t_gui_02_manifest_owns_the_complete_verified_journey PASSED [ 33%]
tests/test_documentation_capture_contracts.py::test_h_gui_01_manifest_records_the_complete_verified_journey PASSED [ 33%]
tests/test_documentation_capture_contracts.py::test_h_gui_02_manifest_records_the_complete_verified_journey PASSED [ 33%]
tests/test_documentation_capture_contracts.py::test_t_gui_03_manifest_owns_the_complete_verified_journey PASSED [ 33%]
tests/test_documentation_capture_contracts.py::test_circular_tutorial_follows_steps_and_defers_related_links PASSED [ 33%]
tests/test_documentation_capture_contracts.py::test_linear_tutorial_shows_the_step_two_result_and_defers_related_links PASSED [ 33%]
tests/test_documentation_capture_contracts.py::test_gui_losatn_tutorial_preserves_the_approved_five_step_journey PASSED [ 33%]
tests/test_documentation_capture_contracts.py::test_all_committed_gui_screenshots_match_the_display_contract PASSED [ 33%]
tests/test_documentation_capture_contracts.py::test_capture_readme_records_versions_regeneration_and_download_checks PASSED [ 33%]
tests/test_documentation_contracts.py::test_session_compatibility_table_matches_implementation PASSED [ 33%]
tests/test_documentation_contracts.py::test_release_session_history_and_acceptance_use_current_authority PASSED [ 33%]
tests/test_documentation_contracts.py::test_release_navigation_retains_beta_history_and_delegates_publication_dates PASSED [ 33%]
tests/test_documentation_contracts.py::test_installation_distinguishes_source_version_from_index_availability PASSED [ 33%]
tests/test_documentation_contracts.py::test_current_task_docs_delegate_persisted_format_details_to_one_authority PASSED [ 33%]
tests/test_documentation_contracts.py::test_current_compatibility_reference_and_history_have_distinct_roles PASSED [ 33%]
tests/test_documentation_contracts.py::test_generated_cli_inventory_delegates_current_semantics PASSED [ 33%]
tests/test_documentation_contracts.py::test_python_api_describes_its_four_output_forms PASSED [ 33%]
tests/test_documentation_contracts.py::test_web_maintenance_guide_describes_typed_worker_rendering PASSED [ 33%]
tests/test_documentation_reference_contracts.py::test_reference_census_is_complete PASSED [ 33%]
tests/test_documentation_reference_contracts.py::test_session_reference_matches_current_implementation_constants PASSED [ 33%]
tests/test_documentation_reference_contracts.py::test_input_reference_lists_parser_owned_table_columns PASSED [ 33%]
tests/test_documentation_reference_contracts.py::test_command_reference_entry_points_exist_in_current_help PASSED [ 33%]
tests/test_documentation_reference_contracts.py::test_first_web_tutorial_controls_have_stable_accessible_names PASSED [ 33%]
tests/test_documentation_reference_contracts.py::test_web_reference_defaults_match_the_browser_profile PASSED [ 33%]
tests/test_documentation_reference_contracts.py::test_output_reference_covers_supported_public_format_tokens PASSED [ 33%]
tests/test_documentation_reference_contracts.py::test_python_reference_core_signatures_match_the_public_api PASSED [ 33%]
tests/test_documentation_reference_contracts.py::test_public_reference_rejects_artificially_split_lambda_fixture PASSED [ 33%]
tests/test_documentation_reference_contracts.py::test_release_reference_faq_and_gallery_local_links_resolve PASSED [ 33%]
tests/test_documentation_reference_contracts.py::test_comparison_and_gallery_examples_use_whole_lambda_de3_and_five_bgcs PASSED [ 33%]
tests/test_documentation_scenario_contracts.py::test_recipe_transform_parser_accepts_composed_layout_translations PASSED [ 33%]
tests/test_documentation_scenario_contracts.py::test_scenario_plan_gate_is_approved_with_a_bounded_fixture_budget PASSED [ 33%]
tests/test_documentation_scenario_contracts.py::test_scenario_registry_has_unique_ids_and_public_destinations PASSED [ 33%]
tests/test_documentation_scenario_contracts.py::test_every_scenario_records_inputs_and_executable_proof PASSED [ 34%]
tests/test_documentation_scenario_contracts.py::test_each_major_capability_has_one_public_owner_and_execution_evidence PASSED [ 34%]
tests/test_documentation_scenario_contracts.py::test_screenshots_are_owned_purposeful_and_within_the_reviewed_budget PASSED [ 34%]
tests/test_documentation_scenario_contracts.py::test_tutorials_declare_an_early_visible_result_on_their_real_surface PASSED [ 34%]
tests/test_documentation_scenario_contracts.py::test_tutorial_projects_define_one_figure_with_intentional_surface_variants PASSED [ 34%]
tests/test_documentation_scenario_contracts.py::test_verified_tutorial_non_browser_renderers_publish_the_same_svg_tree PASSED [ 34%]
tests/test_documentation_scenario_contracts.py::test_first_gui_tutorial_keeps_the_fixed_accepted_path PASSED [ 34%]
tests/test_documentation_scenario_contracts.py::test_public_destinations_and_execution_paths_keep_their_boundaries PASSED [ 34%]
tests/test_documentation_scenario_contracts.py::test_retired_public_categories_are_not_scenarios PASSED [ 34%]
tests/test_documented_recipes.py::test_migrated_legacy_pages_are_short_non_runnable_routers PASSED [ 34%]
tests/test_documented_recipes.py::test_legacy_routers_link_every_manifest_owned_replacement PASSED [ 34%]
tests/test_documented_recipes.py::test_legacy_paths_are_never_canonical_chapter_destinations PASSED [ 34%]
tests/test_feature_catalog_source_identity.py::test_crop_preserves_collision_disambiguators_from_source_order PASSED [ 34%]
tests/test_feature_catalog_source_identity.py::test_reverse_complement_preserves_collision_disambiguators_from_source_order PASSED [ 34%]
tests/test_feature_catalog_source_identity.py::test_renderer_emits_unique_catalog_refs_for_exact_feature_collisions PASSED [ 34%]
tests/test_feature_catalog_source_identity.py::test_shared_source_catalog_preserves_fixed_preplacement_public_ids PASSED [ 34%]
tests/test_feature_catalog_source_identity.py::test_gff_collision_ids_use_complete_source_order_across_visibility PASSED [ 34%]
tests/test_feature_placement.py::test_main_intent_is_immutable_and_has_no_transient_lane PASSED [ 34%]
tests/test_feature_placement.py::test_directional_shape_and_deferred_geometry_validation[circular-outward] PASSED [ 34%]
tests/test_feature_placement.py::test_directional_shape_and_deferred_geometry_validation[circular-inward] PASSED [ 34%]
tests/test_feature_placement.py::test_directional_shape_and_deferred_geometry_validation[linear-above] PASSED [ 34%]
tests/test_feature_placement.py::test_directional_shape_and_deferred_geometry_validation[linear-below] PASSED [ 34%]
tests/test_feature_placement.py::test_invalid_target_shape_tokens_levels[None] PASSED [ 34%]
tests/test_feature_placement.py::test_invalid_target_shape_tokens_levels[payload1] PASSED [ 34%]
tests/test_feature_placement.py::test_invalid_target_shape_tokens_levels[payload2] PASSED [ 34%]
tests/test_feature_placement.py::test_invalid_target_shape_tokens_levels[payload3] PASSED [ 34%]
tests/test_feature_placement.py::test_invalid_target_shape_tokens_levels[payload4] PASSED [ 34%]
tests/test_feature_placement.py::test_invalid_target_shape_tokens_levels[payload5] PASSED [ 34%]
tests/test_feature_placement.py::test_invalid_target_shape_tokens_levels[payload6] PASSED [ 34%]
tests/test_feature_placement.py::test_invalid_target_shape_tokens_levels[payload7] PASSED [ 34%]
tests/test_feature_placement.py::test_invalid_target_shape_tokens_levels[payload8] PASSED [ 34%]
tests/test_feature_placement.py::test_invalid_target_shape_tokens_levels[payload9] PASSED [ 34%]
tests/test_feature_placement.py::test_invalid_target_shape_tokens_levels[payload10] PASSED [ 34%]
tests/test_feature_placement.py::test_invalid_target_shape_tokens_levels[payload11] PASSED [ 34%]
tests/test_feature_placement.py::test_invalid_target_shape_tokens_levels[payload12] PASSED [ 34%]
tests/test_feature_placement.py::test_invalid_target_shape_tokens_levels[payload13] PASSED [ 34%]
tests/test_feature_placement.py::test_invalid_target_shape_tokens_levels[payload14] PASSED [ 34%]
tests/test_feature_placement.py::test_invalid_target_shape_tokens_levels[payload15] PASSED [ 34%]
tests/test_feature_placement.py::test_invalid_target_shape_tokens_levels[payload16] PASSED [ 34%]
tests/test_feature_placement.py::test_exact_unknown_fields_rejected[None] PASSED [ 34%]
tests/test_feature_placement.py::test_exact_unknown_fields_rejected[payload1] PASSED [ 34%]
tests/test_feature_placement.py::test_exact_unknown_fields_rejected[payload2] PASSED [ 34%]
tests/test_feature_placement.py::test_invalid_exact_identity[-f1] PASSED [ 34%]
tests/test_feature_placement.py::test_invalid_exact_identity[one\x00f1-f1] PASSED [ 35%]
tests/test_feature_placement.py::test_invalid_exact_identity[one-f1\x00] PASSED [ 35%]
tests/test_feature_placement.py::test_invalid_exact_identity[None-f1] PASSED [ 35%]
tests/test_feature_placement.py::test_wrong_mode_exact_and_table_rejected[circular-above] PASSED [ 35%]
tests/test_feature_placement.py::test_wrong_mode_exact_and_table_rejected[linear-inward] PASSED [ 35%]
tests/test_feature_placement.py::test_duplicate_or_mixed_input_rejected[duplicate] PASSED [ 35%]
tests/test_feature_placement.py::test_duplicate_or_mixed_input_rejected[table] PASSED [ 35%]
tests/test_feature_placement.py::test_duplicate_or_mixed_input_rejected[file] PASSED [ 35%]
tests/test_feature_placement.py::test_duplicate_or_mixed_input_rejected[table_file] PASSED [ 35%]
tests/test_feature_placement.py::test_source_selector_zero_and_many_error[locus_tag=missing-0] PASSED [ 35%]
tests/test_feature_placement.py::test_source_selector_zero_and_many_error[type=CDS-3] PASSED [ 35%]
tests/test_feature_placement.py::test_selector_normalizes_auto_removes_table_and_keeps_original_dataframe PASSED [ 35%]
tests/test_feature_placement.py::test_file_table_supports_hash_record_index_and_drops_path PASSED [ 35%]
tests/test_feature_placement.py::test_invalid_table_rows[rows0] PASSED   [ 35%]
tests/test_feature_placement.py::test_invalid_table_rows[rows1] PASSED   [ 35%]
tests/test_feature_placement.py::test_invalid_table_rows[rows2] PASSED   [ 35%]
tests/test_feature_placement.py::test_invalid_table_rows[rows3] PASSED   [ 35%]
tests/test_feature_placement.py::test_invalid_table_rows[rows4] PASSED   [ 35%]
tests/test_feature_placement.py::test_invalid_table_rows[rows5] PASSED   [ 35%]
tests/test_feature_placement.py::test_invalid_table_rows[rows6] PASSED   [ 35%]
tests/test_feature_placement.py::test_dataframe_optional_levels_preserve_integer_lane_one PASSED [ 35%]
tests/test_feature_placement.py::test_exact_sort_and_duplicate_hashes_are_independent PASSED [ 35%]
tests/test_feature_placement.py::test_source_identity_intent_and_parts_survive_display_and_reverse[None-False-circular] PASSED [ 35%]
tests/test_feature_placement.py::test_source_identity_intent_and_parts_survive_display_and_reverse[None-False-linear] PASSED [ 35%]
tests/test_feature_placement.py::test_source_identity_intent_and_parts_survive_display_and_reverse[None-True-circular] PASSED [ 35%]
tests/test_feature_placement.py::test_source_identity_intent_and_parts_survive_display_and_reverse[None-True-linear] PASSED [ 35%]
tests/test_feature_placement.py::test_source_identity_intent_and_parts_survive_display_and_reverse[1-False-circular] PASSED [ 35%]
tests/test_feature_placement.py::test_source_identity_intent_and_parts_survive_display_and_reverse[1-False-linear] PASSED [ 35%]
tests/test_feature_placement.py::test_source_identity_intent_and_parts_survive_display_and_reverse[1-True-circular] PASSED [ 35%]
tests/test_feature_placement.py::test_source_identity_intent_and_parts_survive_display_and_reverse[1-True-linear] PASSED [ 35%]
tests/test_feature_placement.py::test_source_identity_intent_and_parts_survive_display_and_reverse[25-False-circular] PASSED [ 35%]
tests/test_feature_placement.py::test_source_identity_intent_and_parts_survive_display_and_reverse[25-False-linear] PASSED [ 35%]
tests/test_feature_placement.py::test_source_identity_intent_and_parts_survive_display_and_reverse[25-True-circular] PASSED [ 35%]
tests/test_feature_placement.py::test_source_identity_intent_and_parts_survive_display_and_reverse[25-True-linear] PASSED [ 35%]
tests/test_feature_placement.py::test_request_crop_known_dormant_and_materialized_request_rebind[False-25-70-foreground] PASSED [ 35%]
tests/test_feature_placement.py::test_request_crop_known_dormant_and_materialized_request_rebind[False-80-120-crop_excluded] PASSED [ 35%]
tests/test_feature_placement.py::test_request_crop_known_dormant_and_materialized_request_rebind[True-25-70-foreground] PASSED [ 35%]
tests/test_feature_placement.py::test_request_crop_known_dormant_and_materialized_request_rebind[True-80-120-crop_excluded] PASSED [ 35%]
tests/test_feature_placement.py::test_selector_uses_original_source_before_crop PASSED [ 35%]
tests/test_feature_placement.py::test_existing_visibility_and_rendering_owners_classify_occupancy[hidden] PASSED [ 35%]
tests/test_feature_placement.py::test_existing_visibility_and_rendering_owners_classify_occupancy[underlay] PASSED [ 35%]
tests/test_feature_placement.py::test_existing_visibility_and_rendering_owners_classify_occupancy[foreground] PASSED [ 35%]
tests/test_feature_placement.py::test_default_underlay_and_type_hidden_are_dormant PASSED [ 35%]
tests/test_feature_placement.py::test_unknown_or_rendered_identity_never_becomes_dormant[one-stale] PASSED [ 36%]
tests/test_feature_placement.py::test_unknown_or_rendered_identity_never_becomes_dormant[missing-stale] PASSED [ 36%]
tests/test_feature_placement.py::test_unknown_or_rendered_identity_never_becomes_dormant[one-f1234_record_1] PASSED [ 36%]
tests/test_feature_placement.py::test_caller_precropped_record_does_not_infer_unseen_source PASSED [ 36%]
tests/test_feature_placement.py::test_duplicate_biological_record_ids_are_isolated_and_reordered_by_key[False] PASSED [ 36%]
tests/test_feature_placement.py::test_duplicate_biological_record_ids_are_isolated_and_reordered_by_key[True] PASSED [ 36%]
tests/test_feature_placement.py::test_resource_catalog_is_built_once_and_reused_across_crop_reverse_display PASSED [ 36%]
tests/test_feature_placement.py::test_current_writer_encodes_exact_and_rejects_unmaterialized_placement[circular] PASSED [ 36%]
tests/test_feature_placement.py::test_current_writer_encodes_exact_and_rejects_unmaterialized_placement[linear] PASSED [ 36%]
tests/test_feature_placement.py::test_auto_only_materializes_empty_and_retains_current_writer PASSED [ 36%]
tests/test_feature_placement.py::test_source_catalog_is_immutable_and_only_requested_types_are_public PASSED [ 36%]
tests/test_feature_placement.py::test_batch_projects_only_each_instances_intent_and_binding PASSED [ 36%]
tests/test_feature_placement.py::test_annotation_single_selector_still_allows_multiple_source_matches PASSED [ 36%]
tests/test_feature_placement.py::test_historical_reader_does_not_admit_placement_fields PASSED [ 36%]
tests/test_feature_placement.py::test_gff_source_catalog_retains_features_before_loader_visibility_filter PASSED [ 36%]
tests/test_feature_placement.py::test_gff_catalog_capture_keeps_duplicate_biological_records_instance_aligned PASSED [ 36%]
tests/test_feature_placement.py::test_shared_planner_reserves_fixed_main_before_auto PASSED [ 36%]
tests/test_feature_placement.py::test_undefined_shares_negative_pool_for_fixed_and_auto[None-19-fixed0-False-circular-split] PASSED [ 36%]
tests/test_feature_placement.py::test_undefined_shares_negative_pool_for_fixed_and_auto[None-19-fixed0-False-linear-overlay] PASSED [ 36%]
tests/test_feature_placement.py::test_undefined_shares_negative_pool_for_fixed_and_auto[None-19-fixed0-True-circular-split] PASSED [ 36%]
tests/test_feature_placement.py::test_undefined_shares_negative_pool_for_fixed_and_auto[None-19-fixed0-True-linear-overlay] PASSED [ 36%]
tests/test_feature_placement.py::test_undefined_shares_negative_pool_for_fixed_and_auto[None-19-fixed1-False-circular-split] PASSED [ 36%]
tests/test_feature_placement.py::test_undefined_shares_negative_pool_for_fixed_and_auto[None-19-fixed1-False-linear-overlay] PASSED [ 36%]
tests/test_feature_placement.py::test_undefined_shares_negative_pool_for_fixed_and_auto[None-19-fixed1-True-circular-split] PASSED [ 36%]
tests/test_feature_placement.py::test_undefined_shares_negative_pool_for_fixed_and_auto[None-19-fixed1-True-linear-overlay] PASSED [ 36%]
tests/test_feature_placement.py::test_undefined_shares_negative_pool_for_fixed_and_auto[None-19-fixed2-False-circular-split] PASSED [ 36%]
tests/test_feature_placement.py::test_undefined_shares_negative_pool_for_fixed_and_auto[None-19-fixed2-False-linear-overlay] PASSED [ 36%]
tests/test_feature_placement.py::test_undefined_shares_negative_pool_for_fixed_and_auto[None-19-fixed2-True-circular-split] PASSED [ 36%]
tests/test_feature_placement.py::test_undefined_shares_negative_pool_for_fixed_and_auto[None-19-fixed2-True-linear-overlay] PASSED [ 36%]
tests/test_feature_placement.py::test_undefined_shares_negative_pool_for_fixed_and_auto[None-19-fixed3-False-circular-split] PASSED [ 36%]
tests/test_feature_placement.py::test_undefined_shares_negative_pool_for_fixed_and_auto[None-19-fixed3-False-linear-overlay] PASSED [ 36%]
tests/test_feature_placement.py::test_undefined_shares_negative_pool_for_fixed_and_auto[None-19-fixed3-True-circular-split] PASSED [ 36%]
tests/test_feature_placement.py::test_undefined_shares_negative_pool_for_fixed_and_auto[None-19-fixed3-True-linear-overlay] PASSED [ 36%]
tests/test_feature_placement.py::test_undefined_shares_negative_pool_for_fixed_and_auto[None-20-fixed0-False-circular-split] PASSED [ 36%]
tests/test_feature_placement.py::test_undefined_shares_negative_pool_for_fixed_and_auto[None-20-fixed0-False-linear-overlay] PASSED [ 36%]
tests/test_feature_placement.py::test_undefined_shares_negative_pool_for_fixed_and_auto[None-20-fixed0-True-circular-split] PASSED [ 36%]
tests/test_feature_placement.py::test_undefined_shares_negative_pool_for_fixed_and_auto[None-20-fixed0-True-linear-overlay] PASSED [ 36%]
tests/test_feature_placement.py::test_undefined_shares_negative_pool_for_fixed_and_auto[None-20-fixed1-False-circular-split] PASSED [ 36%]
tests/test_feature_placement.py::test_undefined_shares_negative_pool_for_fixed_and_auto[None-20-fixed1-False-linear-overlay] PASSED [ 36%]
tests/test_feature_placement.py::test_undefined_shares_negative_pool_for_fixed_and_auto[None-20-fixed1-True-circular-split] PASSED [ 36%]
tests/test_feature_placement.py::test_undefined_shares_negative_pool_for_fixed_and_auto[None-20-fixed1-True-linear-overlay] PASSED [ 36%]
tests/test_feature_placement.py::test_undefined_shares_negative_pool_for_fixed_and_auto[None-20-fixed2-False-circular-split] PASSED [ 36%]
tests/test_feature_placement.py::test_undefined_shares_negative_pool_for_fixed_and_auto[None-20-fixed2-False-linear-overlay] PASSED [ 36%]
tests/test_feature_placement.py::test_undefined_shares_negative_pool_for_fixed_and_auto[None-20-fixed2-True-circular-split] PASSED [ 36%]
tests/test_feature_placement.py::test_undefined_shares_negative_pool_for_fixed_and_auto[None-20-fixed2-True-linear-overlay] PASSED [ 37%]
tests/test_feature_placement.py::test_undefined_shares_negative_pool_for_fixed_and_auto[None-20-fixed3-False-circular-split] PASSED [ 37%]
tests/test_feature_placement.py::test_undefined_shares_negative_pool_for_fixed_and_auto[None-20-fixed3-False-linear-overlay] PASSED [ 37%]
tests/test_feature_placement.py::test_undefined_shares_negative_pool_for_fixed_and_auto[None-20-fixed3-True-circular-split] PASSED [ 37%]
tests/test_feature_placement.py::test_undefined_shares_negative_pool_for_fixed_and_auto[None-20-fixed3-True-linear-overlay] PASSED [ 37%]
tests/test_feature_placement.py::test_undefined_shares_negative_pool_for_fixed_and_auto[0-19-fixed0-False-circular-split] PASSED [ 37%]
tests/test_feature_placement.py::test_undefined_shares_negative_pool_for_fixed_and_auto[0-19-fixed0-False-linear-overlay] PASSED [ 37%]
tests/test_feature_placement.py::test_undefined_shares_negative_pool_for_fixed_and_auto[0-19-fixed0-True-circular-split] PASSED [ 37%]
tests/test_feature_placement.py::test_undefined_shares_negative_pool_for_fixed_and_auto[0-19-fixed0-True-linear-overlay] PASSED [ 37%]
tests/test_feature_placement.py::test_undefined_shares_negative_pool_for_fixed_and_auto[0-19-fixed1-False-circular-split] PASSED [ 37%]
tests/test_feature_placement.py::test_undefined_shares_negative_pool_for_fixed_and_auto[0-19-fixed1-False-linear-overlay] PASSED [ 37%]
tests/test_feature_placement.py::test_undefined_shares_negative_pool_for_fixed_and_auto[0-19-fixed1-True-circular-split] PASSED [ 37%]
tests/test_feature_placement.py::test_undefined_shares_negative_pool_for_fixed_and_auto[0-19-fixed1-True-linear-overlay] PASSED [ 37%]
tests/test_feature_placement.py::test_undefined_shares_negative_pool_for_fixed_and_auto[0-19-fixed2-False-circular-split] PASSED [ 37%]
tests/test_feature_placement.py::test_undefined_shares_negative_pool_for_fixed_and_auto[0-19-fixed2-False-linear-overlay] PASSED [ 37%]
tests/test_feature_placement.py::test_undefined_shares_negative_pool_for_fixed_and_auto[0-19-fixed2-True-circular-split] PASSED [ 37%]
tests/test_feature_placement.py::test_undefined_shares_negative_pool_for_fixed_and_auto[0-19-fixed2-True-linear-overlay] PASSED [ 37%]
tests/test_feature_placement.py::test_undefined_shares_negative_pool_for_fixed_and_auto[0-19-fixed3-False-circular-split] PASSED [ 37%]
tests/test_feature_placement.py::test_undefined_shares_negative_pool_for_fixed_and_auto[0-19-fixed3-False-linear-overlay] PASSED [ 37%]
tests/test_feature_placement.py::test_undefined_shares_negative_pool_for_fixed_and_auto[0-19-fixed3-True-circular-split] PASSED [ 37%]
tests/test_feature_placement.py::test_undefined_shares_negative_pool_for_fixed_and_auto[0-19-fixed3-True-linear-overlay] PASSED [ 37%]
tests/test_feature_placement.py::test_undefined_shares_negative_pool_for_fixed_and_auto[0-20-fixed0-False-circular-split] PASSED [ 37%]
tests/test_feature_placement.py::test_undefined_shares_negative_pool_for_fixed_and_auto[0-20-fixed0-False-linear-overlay] PASSED [ 37%]
tests/test_feature_placement.py::test_undefined_shares_negative_pool_for_fixed_and_auto[0-20-fixed0-True-circular-split] PASSED [ 37%]
tests/test_feature_placement.py::test_undefined_shares_negative_pool_for_fixed_and_auto[0-20-fixed0-True-linear-overlay] PASSED [ 37%]
tests/test_feature_placement.py::test_undefined_shares_negative_pool_for_fixed_and_auto[0-20-fixed1-False-circular-split] PASSED [ 37%]
tests/test_feature_placement.py::test_undefined_shares_negative_pool_for_fixed_and_auto[0-20-fixed1-False-linear-overlay] PASSED [ 37%]
tests/test_feature_placement.py::test_undefined_shares_negative_pool_for_fixed_and_auto[0-20-fixed1-True-circular-split] PASSED [ 37%]
tests/test_feature_placement.py::test_undefined_shares_negative_pool_for_fixed_and_auto[0-20-fixed1-True-linear-overlay] PASSED [ 37%]
tests/test_feature_placement.py::test_undefined_shares_negative_pool_for_fixed_and_auto[0-20-fixed2-False-circular-split] PASSED [ 37%]
tests/test_feature_placement.py::test_undefined_shares_negative_pool_for_fixed_and_auto[0-20-fixed2-False-linear-overlay] PASSED [ 37%]
tests/test_feature_placement.py::test_undefined_shares_negative_pool_for_fixed_and_auto[0-20-fixed2-True-circular-split] PASSED [ 37%]
tests/test_feature_placement.py::test_undefined_shares_negative_pool_for_fixed_and_auto[0-20-fixed2-True-linear-overlay] PASSED [ 37%]
tests/test_feature_placement.py::test_undefined_shares_negative_pool_for_fixed_and_auto[0-20-fixed3-False-circular-split] PASSED [ 37%]
tests/test_feature_placement.py::test_undefined_shares_negative_pool_for_fixed_and_auto[0-20-fixed3-False-linear-overlay] PASSED [ 37%]
tests/test_feature_placement.py::test_undefined_shares_negative_pool_for_fixed_and_auto[0-20-fixed3-True-circular-split] PASSED [ 37%]
tests/test_feature_placement.py::test_undefined_shares_negative_pool_for_fixed_and_auto[0-20-fixed3-True-linear-overlay] PASSED [ 37%]
tests/test_feature_placement.py::test_resolved_slot_main_and_auto_matrix[False-False-circular-split] PASSED [ 37%]
tests/test_feature_placement.py::test_resolved_slot_main_and_auto_matrix[False-False-circular-inside] PASSED [ 37%]
tests/test_feature_placement.py::test_resolved_slot_main_and_auto_matrix[False-False-circular-outside] PASSED [ 37%]
tests/test_feature_placement.py::test_resolved_slot_main_and_auto_matrix[False-False-linear-overlay] PASSED [ 37%]
tests/test_feature_placement.py::test_resolved_slot_main_and_auto_matrix[False-False-linear-above] PASSED [ 37%]
tests/test_feature_placement.py::test_resolved_slot_main_and_auto_matrix[False-False-linear-below] PASSED [ 37%]
tests/test_feature_placement.py::test_resolved_slot_main_and_auto_matrix[False-True-circular-split] PASSED [ 38%]
tests/test_feature_placement.py::test_resolved_slot_main_and_auto_matrix[False-True-circular-inside] PASSED [ 38%]
tests/test_feature_placement.py::test_resolved_slot_main_and_auto_matrix[False-True-circular-outside] PASSED [ 38%]
tests/test_feature_placement.py::test_resolved_slot_main_and_auto_matrix[False-True-linear-overlay] PASSED [ 38%]
tests/test_feature_placement.py::test_resolved_slot_main_and_auto_matrix[False-True-linear-above] PASSED [ 38%]
tests/test_feature_placement.py::test_resolved_slot_main_and_auto_matrix[False-True-linear-below] PASSED [ 38%]
tests/test_feature_placement.py::test_resolved_slot_main_and_auto_matrix[True-False-circular-split] PASSED [ 38%]
tests/test_feature_placement.py::test_resolved_slot_main_and_auto_matrix[True-False-circular-inside] PASSED [ 38%]
tests/test_feature_placement.py::test_resolved_slot_main_and_auto_matrix[True-False-circular-outside] PASSED [ 38%]
tests/test_feature_placement.py::test_resolved_slot_main_and_auto_matrix[True-False-linear-overlay] PASSED [ 38%]
tests/test_feature_placement.py::test_resolved_slot_main_and_auto_matrix[True-False-linear-above] PASSED [ 38%]
tests/test_feature_placement.py::test_resolved_slot_main_and_auto_matrix[True-False-linear-below] PASSED [ 38%]
tests/test_feature_placement.py::test_resolved_slot_main_and_auto_matrix[True-True-circular-split] PASSED [ 38%]
tests/test_feature_placement.py::test_resolved_slot_main_and_auto_matrix[True-True-circular-inside] PASSED [ 38%]
tests/test_feature_placement.py::test_resolved_slot_main_and_auto_matrix[True-True-circular-outside] PASSED [ 38%]
tests/test_feature_placement.py::test_resolved_slot_main_and_auto_matrix[True-True-linear-overlay] PASSED [ 38%]
tests/test_feature_placement.py::test_resolved_slot_main_and_auto_matrix[True-True-linear-above] PASSED [ 38%]
tests/test_feature_placement.py::test_resolved_slot_main_and_auto_matrix[True-True-linear-below] PASSED [ 38%]
tests/test_feature_placement.py::test_fixed_directional_resolver_matrix_and_distinct_physical_lanes[False-circular-split-outward] PASSED [ 38%]
tests/test_feature_placement.py::test_fixed_directional_resolver_matrix_and_distinct_physical_lanes[False-circular-split-inward] PASSED [ 38%]
tests/test_feature_placement.py::test_fixed_directional_resolver_matrix_and_distinct_physical_lanes[False-linear-overlay-above] PASSED [ 38%]
tests/test_feature_placement.py::test_fixed_directional_resolver_matrix_and_distinct_physical_lanes[False-linear-overlay-below] PASSED [ 38%]
tests/test_feature_placement.py::test_fixed_directional_resolver_matrix_and_distinct_physical_lanes[True-circular-split-outward] PASSED [ 38%]
tests/test_feature_placement.py::test_fixed_directional_resolver_matrix_and_distinct_physical_lanes[True-circular-split-inward] PASSED [ 38%]
tests/test_feature_placement.py::test_fixed_directional_resolver_matrix_and_distinct_physical_lanes[True-linear-overlay-above] PASSED [ 38%]
tests/test_feature_placement.py::test_fixed_directional_resolver_matrix_and_distinct_physical_lanes[True-linear-overlay-below] PASSED [ 38%]
tests/test_feature_placement.py::test_separate_circular_fixed_placement_uses_the_requested_physical_pool[False-outward] PASSED [ 38%]
tests/test_feature_placement.py::test_separate_circular_fixed_placement_uses_the_requested_physical_pool[False-inward] PASSED [ 38%]
tests/test_feature_placement.py::test_separate_circular_fixed_placement_uses_the_requested_physical_pool[True-outward] PASSED [ 38%]
tests/test_feature_placement.py::test_separate_circular_fixed_placement_uses_the_requested_physical_pool[True-inward] PASSED [ 38%]
tests/test_feature_placement.py::test_unsupported_resolved_slot_directions_are_errors[False-circular-inside-False] PASSED [ 38%]
tests/test_feature_placement.py::test_unsupported_resolved_slot_directions_are_errors[False-circular-outside-False] PASSED [ 38%]
tests/test_feature_placement.py::test_unsupported_resolved_slot_directions_are_errors[False-circular-inside-True] PASSED [ 38%]
tests/test_feature_placement.py::test_unsupported_resolved_slot_directions_are_errors[False-circular-outside-True] PASSED [ 38%]
tests/test_feature_placement.py::test_unsupported_resolved_slot_directions_are_errors[False-linear-above-False] PASSED [ 38%]
tests/test_feature_placement.py::test_unsupported_resolved_slot_directions_are_errors[False-linear-below-False] PASSED [ 38%]
tests/test_feature_placement.py::test_unsupported_resolved_slot_directions_are_errors[False-linear-overlay-True] PASSED [ 38%]
tests/test_feature_placement.py::test_unsupported_resolved_slot_directions_are_errors[False-linear-above-True] PASSED [ 38%]
tests/test_feature_placement.py::test_unsupported_resolved_slot_directions_are_errors[False-linear-below-True] PASSED [ 38%]
tests/test_feature_placement.py::test_unsupported_resolved_slot_directions_are_errors[True-circular-inside-False] PASSED [ 38%]
tests/test_feature_placement.py::test_unsupported_resolved_slot_directions_are_errors[True-circular-outside-False] PASSED [ 38%]
tests/test_feature_placement.py::test_unsupported_resolved_slot_directions_are_errors[True-circular-inside-True] PASSED [ 38%]
tests/test_feature_placement.py::test_unsupported_resolved_slot_directions_are_errors[True-circular-outside-True] PASSED [ 38%]
tests/test_feature_placement.py::test_unsupported_resolved_slot_directions_are_errors[True-linear-above-False] PASSED [ 39%]
tests/test_feature_placement.py::test_unsupported_resolved_slot_directions_are_errors[True-linear-below-False] PASSED [ 39%]
tests/test_feature_placement.py::test_unsupported_resolved_slot_directions_are_errors[True-linear-overlay-True] PASSED [ 39%]
tests/test_feature_placement.py::test_unsupported_resolved_slot_directions_are_errors[True-linear-above-True] PASSED [ 39%]
tests/test_feature_placement.py::test_unsupported_resolved_slot_directions_are_errors[True-linear-below-True] PASSED [ 39%]
tests/test_feature_placement.py::test_fixed_conflict_threshold_is_independent_of_resolver[19-main-False] PASSED [ 39%]
tests/test_feature_placement.py::test_fixed_conflict_threshold_is_independent_of_resolver[19-main-True] PASSED [ 39%]
tests/test_feature_placement.py::test_fixed_conflict_threshold_is_independent_of_resolver[19-outward-False] PASSED [ 39%]
tests/test_feature_placement.py::test_fixed_conflict_threshold_is_independent_of_resolver[19-outward-True] PASSED [ 39%]
tests/test_feature_placement.py::test_fixed_conflict_threshold_is_independent_of_resolver[19-inward-False] PASSED [ 39%]
tests/test_feature_placement.py::test_fixed_conflict_threshold_is_independent_of_resolver[19-inward-True] PASSED [ 39%]
tests/test_feature_placement.py::test_fixed_conflict_threshold_is_independent_of_resolver[20-main-False] PASSED [ 39%]
tests/test_feature_placement.py::test_fixed_conflict_threshold_is_independent_of_resolver[20-main-True] PASSED [ 39%]
tests/test_feature_placement.py::test_fixed_conflict_threshold_is_independent_of_resolver[20-outward-False] PASSED [ 39%]
tests/test_feature_placement.py::test_fixed_conflict_threshold_is_independent_of_resolver[20-outward-True] PASSED [ 39%]
tests/test_feature_placement.py::test_fixed_conflict_threshold_is_independent_of_resolver[20-inward-False] PASSED [ 39%]
tests/test_feature_placement.py::test_fixed_conflict_threshold_is_independent_of_resolver[20-inward-True] PASSED [ 39%]
tests/test_feature_placement.py::test_fixed_conflict_threshold_is_independent_of_resolver[21-main-False] PASSED [ 39%]
tests/test_feature_placement.py::test_fixed_conflict_threshold_is_independent_of_resolver[21-main-True] PASSED [ 39%]
tests/test_feature_placement.py::test_fixed_conflict_threshold_is_independent_of_resolver[21-outward-False] PASSED [ 39%]
tests/test_feature_placement.py::test_fixed_conflict_threshold_is_independent_of_resolver[21-outward-True] PASSED [ 39%]
tests/test_feature_placement.py::test_fixed_conflict_threshold_is_independent_of_resolver[21-inward-False] PASSED [ 39%]
tests/test_feature_placement.py::test_fixed_conflict_threshold_is_independent_of_resolver[21-inward-True] PASSED [ 39%]
tests/test_feature_placement.py::test_fixed_opposite_sides_can_overlap_and_auto_off_keeps_nominal[False] PASSED [ 39%]
tests/test_feature_placement.py::test_fixed_opposite_sides_can_overlap_and_auto_off_keeps_nominal[True] PASSED [ 39%]
tests/test_feature_placement.py::test_fresh_auto_removal_and_a_b_a_never_reuse_derived_lanes PASSED [ 39%]
tests/test_feature_placement.py::test_transformed_binding_occupancy_and_source_nonmutation[False-False-None] PASSED [ 39%]
tests/test_feature_placement.py::test_transformed_binding_occupancy_and_source_nonmutation[False-False-1] PASSED [ 39%]
tests/test_feature_placement.py::test_transformed_binding_occupancy_and_source_nonmutation[False-False-51] PASSED [ 39%]
tests/test_feature_placement.py::test_transformed_binding_occupancy_and_source_nonmutation[False-True-None] PASSED [ 39%]
tests/test_feature_placement.py::test_transformed_binding_occupancy_and_source_nonmutation[False-True-1] PASSED [ 39%]
tests/test_feature_placement.py::test_transformed_binding_occupancy_and_source_nonmutation[False-True-51] PASSED [ 39%]
tests/test_feature_placement.py::test_transformed_binding_occupancy_and_source_nonmutation[True-False-None] PASSED [ 39%]
tests/test_feature_placement.py::test_transformed_binding_occupancy_and_source_nonmutation[True-False-1] PASSED [ 39%]
tests/test_feature_placement.py::test_transformed_binding_occupancy_and_source_nonmutation[True-False-51] PASSED [ 39%]
tests/test_feature_placement.py::test_transformed_binding_occupancy_and_source_nonmutation[True-True-None] PASSED [ 39%]
tests/test_feature_placement.py::test_transformed_binding_occupancy_and_source_nonmutation[True-True-1] PASSED [ 39%]
tests/test_feature_placement.py::test_transformed_binding_occupancy_and_source_nonmutation[True-True-51] PASSED [ 39%]
tests/test_feature_placement.py::test_nested_multipart_and_artificial_display_seam_are_one_envelope PASSED [ 39%]
tests/test_feature_placement.py::test_dormant_bindings_reserve_no_foreground_lane_and_reactivate[hidden] PASSED [ 39%]
tests/test_feature_placement.py::test_dormant_bindings_reserve_no_foreground_lane_and_reactivate[underlay] PASSED [ 39%]
tests/test_feature_placement.py::test_dormant_bindings_reserve_no_foreground_lane_and_reactivate[crop_excluded] PASSED [ 39%]
tests/test_feature_placement.py::test_actual_typed_build_transports_instance_context_and_custom_slot[circular-split] PASSED [ 39%]
tests/test_feature_placement.py::test_actual_typed_build_transports_instance_context_and_custom_slot[linear-overlay] PASSED [ 40%]
tests/test_feature_placement.py::test_nondefault_tolerance_preserves_current_wire_and_copy[raw-circular] PASSED [ 40%]
tests/test_feature_placement.py::test_nondefault_tolerance_preserves_current_wire_and_copy[raw-linear] PASSED [ 40%]
tests/test_feature_placement.py::test_nondefault_tolerance_preserves_current_wire_and_copy[typed-circular] PASSED [ 40%]
tests/test_feature_placement.py::test_nondefault_tolerance_preserves_current_wire_and_copy[typed-linear] PASSED [ 40%]
tests/test_feature_placement.py::test_nondefault_tolerance_preserves_current_wire_and_copy[overrides-circular] PASSED [ 40%]
tests/test_feature_placement.py::test_nondefault_tolerance_preserves_current_wire_and_copy[overrides-linear] PASSED [ 40%]
tests/test_feature_placement.py::test_default_tolerance_has_canonical_canvas_owner[circular] PASSED [ 40%]
tests/test_feature_placement.py::test_default_tolerance_has_canonical_canvas_owner[linear] PASSED [ 40%]
tests/test_feature_placement.py::test_manual_origin_wrap_envelope_and_opposite_strand_pool[circular] PASSED [ 40%]
tests/test_feature_placement.py::test_manual_origin_wrap_envelope_and_opposite_strand_pool[linear] PASSED [ 40%]
tests/test_feature_placement.py::test_fixed_first_skips_occupied_directional_lane_and_preserves_auto_priority PASSED [ 40%]
tests/test_feature_placement.py::test_circular_batch_uses_each_item_placement_context PASSED [ 40%]
tests/test_feature_placement.py::test_negative_multipart_requested_side_is_independent_of_native_strand[circular-outward-split] PASSED [ 40%]
tests/test_feature_placement.py::test_negative_multipart_requested_side_is_independent_of_native_strand[circular-inward-split] PASSED [ 40%]
tests/test_feature_placement.py::test_negative_multipart_requested_side_is_independent_of_native_strand[linear-above-overlay] PASSED [ 40%]
tests/test_feature_placement.py::test_negative_multipart_requested_side_is_independent_of_native_strand[linear-below-overlay] PASSED [ 40%]
tests/test_feature_placement.py::test_actual_build_rejects_custom_one_sided_slot_even_under_middle_preset[circular-inside] PASSED [ 40%]
tests/test_feature_placement.py::test_actual_build_rejects_custom_one_sided_slot_even_under_middle_preset[linear-above] PASSED [ 40%]
tests/test_feature_placement.py::test_historical_reader_does_not_admit_nondefault_tolerance[config] PASSED [ 40%]
tests/test_feature_placement.py::test_historical_reader_does_not_admit_nondefault_tolerance[configOverrides] PASSED [ 40%]
tests/test_feature_placement.py::test_actual_build_requires_an_existing_feature_slot[circular] PASSED [ 40%]
tests/test_feature_placement.py::test_actual_build_requires_an_existing_feature_slot[linear] PASSED [ 40%]
tests/test_feature_placement.py::test_final_svg_isolated_secondary_lane_keeps_empty_main[False-circular-outward-horizontal-None-False] PASSED [ 40%]
tests/test_feature_placement.py::test_final_svg_isolated_secondary_lane_keeps_empty_main[False-circular-inward-horizontal-None-False] PASSED [ 40%]
tests/test_feature_placement.py::test_final_svg_isolated_secondary_lane_keeps_empty_main[False-linear-above-auto-None-False] PASSED [ 40%]
tests/test_feature_placement.py::test_final_svg_isolated_secondary_lane_keeps_empty_main[False-linear-below-auto-None-False] PASSED [ 40%]
tests/test_feature_placement.py::test_final_svg_isolated_secondary_lane_keeps_empty_main[False-circular-inward-radial-1301-False] PASSED [ 40%]
tests/test_feature_placement.py::test_final_svg_isolated_secondary_lane_keeps_empty_main[False-circular-outward-radial-1301-True] PASSED [ 40%]
tests/test_feature_placement.py::test_final_svg_isolated_secondary_lane_keeps_empty_main[False-linear-above-above_feature-1301-False] PASSED [ 40%]
tests/test_feature_placement.py::test_final_svg_isolated_secondary_lane_keeps_empty_main[False-linear-below-above_feature-1301-True] PASSED [ 40%]
tests/test_feature_placement.py::test_final_svg_isolated_secondary_lane_keeps_empty_main[True-circular-outward-horizontal-None-False] PASSED [ 40%]
tests/test_feature_placement.py::test_final_svg_isolated_secondary_lane_keeps_empty_main[True-circular-inward-horizontal-None-False] PASSED [ 40%]
tests/test_feature_placement.py::test_final_svg_isolated_secondary_lane_keeps_empty_main[True-linear-above-auto-None-False] PASSED [ 40%]
tests/test_feature_placement.py::test_final_svg_isolated_secondary_lane_keeps_empty_main[True-linear-below-auto-None-False] PASSED [ 40%]
tests/test_feature_placement.py::test_final_svg_isolated_secondary_lane_keeps_empty_main[True-circular-inward-radial-1301-False] PASSED [ 40%]
tests/test_feature_placement.py::test_final_svg_isolated_secondary_lane_keeps_empty_main[True-circular-outward-radial-1301-True] PASSED [ 40%]
tests/test_feature_placement.py::test_final_svg_isolated_secondary_lane_keeps_empty_main[True-linear-above-above_feature-1301-False] PASSED [ 40%]
tests/test_feature_placement.py::test_final_svg_isolated_secondary_lane_keeps_empty_main[True-linear-below-above_feature-1301-True] PASSED [ 40%]
tests/test_feature_placement.py::test_radial_preflight_replans_final_slot_without_stale_assignment PASSED [ 40%]
tests/test_feature_placement.py::test_final_svg_placement_a_b_a_reuses_source_cache[circular-inward] PASSED [ 40%]
tests/test_feature_placement.py::test_final_svg_placement_a_b_a_reuses_source_cache[linear-below] PASSED [ 40%]
tests/test_feature_placement.py::test_final_placement_ribbons_follow_paint_with_four_unit_clearance[False-ribbon-False-None] PASSED [ 40%]
tests/test_feature_placement.py::test_final_placement_ribbons_follow_paint_with_four_unit_clearance[False-ribbon-False-41] PASSED [ 41%]
tests/test_feature_placement.py::test_final_placement_ribbons_follow_paint_with_four_unit_clearance[True-ribbon-False-None] PASSED [ 41%]
tests/test_feature_placement.py::test_final_placement_ribbons_follow_paint_with_four_unit_clearance[True-ribbon-False-41] PASSED [ 41%]
tests/test_feature_placement.py::test_final_placement_ribbons_follow_paint_with_four_unit_clearance[True-curve-False-None] PASSED [ 41%]
tests/test_feature_placement.py::test_final_placement_ribbons_follow_paint_with_four_unit_clearance[True-curve-False-41] PASSED [ 41%]
tests/test_feature_placement.py::test_final_placement_ribbons_follow_paint_with_four_unit_clearance[True-curve-True-None] PASSED [ 41%]
tests/test_feature_placement.py::test_final_placement_ribbons_follow_paint_with_four_unit_clearance[True-curve-True-41] PASSED [ 41%]
tests/test_feature_placement.py::test_circular_existing_cli_keeps_separate_strand_resolver PASSED [ 41%]
tests/test_feature_placement.py::test_final_svg_undefined_uses_negative_geometry_pool[False-None-circular] PASSED [ 41%]
tests/test_feature_placement.py::test_final_svg_undefined_uses_negative_geometry_pool[False-None-linear] PASSED [ 41%]
tests/test_feature_placement.py::test_final_svg_undefined_uses_negative_geometry_pool[False-0-circular] PASSED [ 41%]
tests/test_feature_placement.py::test_final_svg_undefined_uses_negative_geometry_pool[False-0-linear] PASSED [ 41%]
tests/test_feature_placement.py::test_final_svg_undefined_uses_negative_geometry_pool[True-None-circular] PASSED [ 41%]
tests/test_feature_placement.py::test_final_svg_undefined_uses_negative_geometry_pool[True-None-linear] PASSED [ 41%]
tests/test_feature_placement.py::test_final_svg_undefined_uses_negative_geometry_pool[True-0-circular] PASSED [ 41%]
tests/test_feature_placement.py::test_final_svg_undefined_uses_negative_geometry_pool[True-0-linear] PASSED [ 41%]
tests/test_feature_placement.py::test_conflicting_custom_slot_is_rejected_before_radial_reflow PASSED [ 41%]
tests/test_feature_placement.py::test_final_svg_intron_child_reserves_main_against_whole_parent[False-circular] PASSED [ 41%]
tests/test_feature_placement.py::test_final_svg_intron_child_reserves_main_against_whole_parent[False-linear] PASSED [ 41%]
tests/test_feature_placement.py::test_final_svg_intron_child_reserves_main_against_whole_parent[True-circular] PASSED [ 41%]
tests/test_feature_placement.py::test_final_svg_intron_child_reserves_main_against_whole_parent[True-linear] PASSED [ 41%]
tests/test_feature_selector_values.py::test_selector_values_match_visibility_supported_selectors PASSED [ 41%]
tests/test_feature_selector_values.py::test_selector_values_match_compound_location_semantics PASSED [ 41%]
tests/test_feature_selector_values.py::test_selector_values_normalize_strand_tokens PASSED [ 41%]
tests/test_feature_selector_values.py::test_selector_values_do_not_invent_display_id_or_name_qualifiers PASSED [ 41%]
tests/test_feature_shapes.py::test_parse_feature_shape_assignment_valid PASSED [ 41%]
tests/test_feature_shapes.py::test_feature_rendering_defaults_and_resolvers PASSED [ 41%]
tests/test_feature_shapes.py::test_python_and_web_feature_rendering_defaults_stay_in_sync PASSED [ 41%]
tests/test_feature_shapes.py::test_parse_feature_shape_assignment_invalid[CDSarrow] PASSED [ 41%]
tests/test_feature_shapes.py::test_parse_feature_shape_assignment_invalid[=arrow] PASSED [ 41%]
tests/test_feature_shapes.py::test_parse_feature_shape_assignment_invalid[CDS=] PASSED [ 41%]
tests/test_feature_shapes.py::test_parse_feature_shape_assignment_invalid[CDS=arrowhead] PASSED [ 41%]
tests/test_feature_shapes.py::test_parse_feature_shape_assignment_invalid[CDS=triangle] PASSED [ 41%]
tests/test_feature_shapes.py::test_parse_feature_shape_overrides_last_wins PASSED [ 41%]
tests/test_feature_shapes.py::test_resolve_directional_feature_types_with_overrides PASSED [ 41%]
tests/test_feature_shapes.py::test_feature_object_glyph_is_the_directionality_source_of_truth PASSED [ 41%]
tests/test_feature_shapes.py::test_create_feature_dict_applies_directional_feature_types PASSED [ 41%]
tests/test_feature_shapes.py::test_create_feature_layers_partitions_underlays_before_lane_assignment PASSED [ 41%]
tests/test_feature_shapes.py::test_explicit_repeat_foreground_rendering[rectangle] PASSED [ 41%]
tests/test_feature_shapes.py::test_explicit_repeat_foreground_rendering[arrow] PASSED [ 41%]
tests/test_feature_shapes.py::test_typed_options_validate_and_normalize_feature_shapes[CircularDiagramOptions] PASSED [ 41%]
tests/test_feature_shapes.py::test_typed_options_validate_and_normalize_feature_shapes[LinearDiagramOptions] PASSED [ 41%]
tests/test_feature_shapes.py::test_linear_feature_paths_change_with_directionality PASSED [ 41%]
tests/test_feature_shapes.py::test_circular_feature_paths_change_with_directionality PASSED [ 42%]
tests/test_feature_shapes.py::test_hmmtdna_origin_spanning_d_loop_arrow_renders_as_single_block PASSED [ 42%]
tests/test_feature_shapes.py::test_linear_multipart_feature_paths_have_unique_dom_ids_and_shared_feature_id PASSED [ 42%]
tests/test_feature_shapes.py::test_linear_multipart_features_with_shared_first_exon_get_distinct_feature_ids PASSED [ 42%]
tests/test_feature_shapes.py::test_circular_multipart_feature_connector_shares_feature_id PASSED [ 42%]
tests/test_feature_shapes.py::test_circular_cli_feature_shape_forwards PASSED [ 42%]
tests/test_feature_shapes.py::test_linear_cli_feature_shape_forwards PASSED [ 42%]
tests/test_feature_shapes.py::test_cli_feature_shape_validation[cmd_args0-_get_args0] PASSED [ 42%]
tests/test_feature_shapes.py::test_cli_feature_shape_validation[cmd_args0-_get_args1] PASSED [ 42%]
tests/test_feature_shapes.py::test_cli_feature_shape_validation[cmd_args1-_get_args0] PASSED [ 42%]
tests/test_feature_shapes.py::test_cli_feature_shape_validation[cmd_args1-_get_args1] PASSED [ 42%]
tests/test_feature_shapes.py::test_cli_feature_shape_validation[cmd_args2-_get_args0] PASSED [ 42%]
tests/test_feature_shapes.py::test_cli_feature_shape_validation[cmd_args2-_get_args1] PASSED [ 42%]
tests/test_feature_shapes.py::test_cli_arrow_geometry_validation[option_and_value0-_get_args0] PASSED [ 42%]
tests/test_feature_shapes.py::test_cli_arrow_geometry_validation[option_and_value0-_get_args1] PASSED [ 42%]
tests/test_feature_shapes.py::test_cli_arrow_geometry_validation[option_and_value1-_get_args0] PASSED [ 42%]
tests/test_feature_shapes.py::test_cli_arrow_geometry_validation[option_and_value1-_get_args1] PASSED [ 42%]
tests/test_feature_shapes.py::test_cli_arrow_geometry_validation[option_and_value2-_get_args0] PASSED [ 42%]
tests/test_feature_shapes.py::test_cli_arrow_geometry_validation[option_and_value2-_get_args1] PASSED [ 42%]
tests/test_feature_shapes.py::test_cli_arrow_geometry_validation[option_and_value3-_get_args0] PASSED [ 42%]
tests/test_feature_shapes.py::test_cli_arrow_geometry_validation[option_and_value3-_get_args1] PASSED [ 42%]
tests/test_feature_shapes.py::test_cli_arrow_geometry_validation[option_and_value4-_get_args0] PASSED [ 42%]
tests/test_feature_shapes.py::test_cli_arrow_geometry_validation[option_and_value4-_get_args1] PASSED [ 42%]
tests/test_feature_shapes.py::test_cli_arrow_geometry_validation[option_and_value5-_get_args0] PASSED [ 42%]
tests/test_feature_shapes.py::test_cli_arrow_geometry_validation[option_and_value5-_get_args1] PASSED [ 42%]
tests/test_feature_tracks.py::test_get_feature_ends_negative_multipart_is_not_origin_spanning PASSED [ 42%]
tests/test_feature_tracks.py::test_get_feature_ends_detects_origin_spanning_when_touching_both_edges PASSED [ 42%]
tests/test_feature_tracks.py::test_arrange_feature_tracks_avoids_false_displacement_for_negative_multipart PASSED [ 42%]
tests/test_feature_tracks.py::test_arrange_feature_tracks_non_stranded_resolve_keeps_legacy_indices_when_split_disabled PASSED [ 42%]
tests/test_feature_tracks.py::test_arrange_feature_tracks_non_stranded_resolve_splits_inner_outer_indices PASSED [ 42%]
tests/test_feature_tracks.py::test_arrange_feature_tracks_indexes_origin_spanning_features_conservatively PASSED [ 42%]
tests/test_feature_tracks.py::test_arrange_feature_tracks_treats_touching_intervals_as_non_overlapping PASSED [ 42%]
tests/test_feature_tracks.py::test_arrange_feature_tracks_origin_span_can_touch_neighbor_without_overlap PASSED [ 42%]
tests/test_feature_tracks.py::test_arrange_feature_tracks_raises_when_all_feature_lanes_are_occupied PASSED [ 42%]
tests/test_feature_tracks.py::test_shared_overlap_length_and_tolerance_boundary PASSED [ 42%]
tests/test_feature_tracks.py::test_undefined_negative_collision_uses_one_pool_in_both_orders[19] PASSED [ 42%]
tests/test_feature_tracks.py::test_undefined_negative_collision_uses_one_pool_in_both_orders[20] PASSED [ 42%]
tests/test_feature_tracks.py::test_every_auto_path_uses_shared_tolerance[False-False-positive-0-0] PASSED [ 42%]
tests/test_feature_tracks.py::test_every_auto_path_uses_shared_tolerance[False-False-positive-0-1] PASSED [ 42%]
tests/test_feature_tracks.py::test_every_auto_path_uses_shared_tolerance[False-False-positive-0-2] PASSED [ 42%]
tests/test_feature_tracks.py::test_every_auto_path_uses_shared_tolerance[False-False-positive-0-3] PASSED [ 42%]
tests/test_feature_tracks.py::test_every_auto_path_uses_shared_tolerance[False-False-positive-1-0] PASSED [ 42%]
tests/test_feature_tracks.py::test_every_auto_path_uses_shared_tolerance[False-False-positive-1-1] PASSED [ 42%]
tests/test_feature_tracks.py::test_every_auto_path_uses_shared_tolerance[False-False-positive-1-2] PASSED [ 43%]
tests/test_feature_tracks.py::test_every_auto_path_uses_shared_tolerance[False-False-positive-1-3] PASSED [ 43%]
tests/test_feature_tracks.py::test_every_auto_path_uses_shared_tolerance[False-False-positive-2-0] PASSED [ 43%]
tests/test_feature_tracks.py::test_every_auto_path_uses_shared_tolerance[False-False-positive-2-1] PASSED [ 43%]
tests/test_feature_tracks.py::test_every_auto_path_uses_shared_tolerance[False-False-positive-2-2] PASSED [ 43%]
tests/test_feature_tracks.py::test_every_auto_path_uses_shared_tolerance[False-False-positive-2-3] PASSED [ 43%]
tests/test_feature_tracks.py::test_every_auto_path_uses_shared_tolerance[True-False-negative-0-0] PASSED [ 43%]
tests/test_feature_tracks.py::test_every_auto_path_uses_shared_tolerance[True-False-negative-0-1] PASSED [ 43%]
tests/test_feature_tracks.py::test_every_auto_path_uses_shared_tolerance[True-False-negative-0-2] PASSED [ 43%]
tests/test_feature_tracks.py::test_every_auto_path_uses_shared_tolerance[True-False-negative-0-3] PASSED [ 43%]
tests/test_feature_tracks.py::test_every_auto_path_uses_shared_tolerance[True-False-negative-1-0] PASSED [ 43%]
tests/test_feature_tracks.py::test_every_auto_path_uses_shared_tolerance[True-False-negative-1-1] PASSED [ 43%]
tests/test_feature_tracks.py::test_every_auto_path_uses_shared_tolerance[True-False-negative-1-2] PASSED [ 43%]
tests/test_feature_tracks.py::test_every_auto_path_uses_shared_tolerance[True-False-negative-1-3] PASSED [ 43%]
tests/test_feature_tracks.py::test_every_auto_path_uses_shared_tolerance[True-False-negative-2-0] PASSED [ 43%]
tests/test_feature_tracks.py::test_every_auto_path_uses_shared_tolerance[True-False-negative-2-1] PASSED [ 43%]
tests/test_feature_tracks.py::test_every_auto_path_uses_shared_tolerance[True-False-negative-2-2] PASSED [ 43%]
tests/test_feature_tracks.py::test_every_auto_path_uses_shared_tolerance[True-False-negative-2-3] PASSED [ 43%]
tests/test_feature_tracks.py::test_every_auto_path_uses_shared_tolerance[True-False-positive-0-0] PASSED [ 43%]
tests/test_feature_tracks.py::test_every_auto_path_uses_shared_tolerance[True-False-positive-0-1] PASSED [ 43%]
tests/test_feature_tracks.py::test_every_auto_path_uses_shared_tolerance[True-False-positive-0-2] PASSED [ 43%]
tests/test_feature_tracks.py::test_every_auto_path_uses_shared_tolerance[True-False-positive-0-3] PASSED [ 43%]
tests/test_feature_tracks.py::test_every_auto_path_uses_shared_tolerance[True-False-positive-1-0] PASSED [ 43%]
tests/test_feature_tracks.py::test_every_auto_path_uses_shared_tolerance[True-False-positive-1-1] PASSED [ 43%]
tests/test_feature_tracks.py::test_every_auto_path_uses_shared_tolerance[True-False-positive-1-2] PASSED [ 43%]
tests/test_feature_tracks.py::test_every_auto_path_uses_shared_tolerance[True-False-positive-1-3] PASSED [ 43%]
tests/test_feature_tracks.py::test_every_auto_path_uses_shared_tolerance[True-False-positive-2-0] PASSED [ 43%]
tests/test_feature_tracks.py::test_every_auto_path_uses_shared_tolerance[True-False-positive-2-1] PASSED [ 43%]
tests/test_feature_tracks.py::test_every_auto_path_uses_shared_tolerance[True-False-positive-2-2] PASSED [ 43%]
tests/test_feature_tracks.py::test_every_auto_path_uses_shared_tolerance[True-False-positive-2-3] PASSED [ 43%]
tests/test_feature_tracks.py::test_every_auto_path_uses_shared_tolerance[False-True-negative-0-0] PASSED [ 43%]
tests/test_feature_tracks.py::test_every_auto_path_uses_shared_tolerance[False-True-negative-0-1] PASSED [ 43%]
tests/test_feature_tracks.py::test_every_auto_path_uses_shared_tolerance[False-True-negative-0-2] PASSED [ 43%]
tests/test_feature_tracks.py::test_every_auto_path_uses_shared_tolerance[False-True-negative-0-3] PASSED [ 43%]
tests/test_feature_tracks.py::test_every_auto_path_uses_shared_tolerance[False-True-negative-1-0] PASSED [ 43%]
tests/test_feature_tracks.py::test_every_auto_path_uses_shared_tolerance[False-True-negative-1-1] PASSED [ 43%]
tests/test_feature_tracks.py::test_every_auto_path_uses_shared_tolerance[False-True-negative-1-2] PASSED [ 43%]
tests/test_feature_tracks.py::test_every_auto_path_uses_shared_tolerance[False-True-negative-1-3] PASSED [ 43%]
tests/test_feature_tracks.py::test_every_auto_path_uses_shared_tolerance[False-True-negative-2-0] PASSED [ 43%]
tests/test_feature_tracks.py::test_every_auto_path_uses_shared_tolerance[False-True-negative-2-1] PASSED [ 43%]
tests/test_feature_tracks.py::test_every_auto_path_uses_shared_tolerance[False-True-negative-2-2] PASSED [ 43%]
tests/test_feature_tracks.py::test_every_auto_path_uses_shared_tolerance[False-True-negative-2-3] PASSED [ 43%]
tests/test_feature_tracks.py::test_every_auto_path_uses_shared_tolerance[False-True-positive-0-0] PASSED [ 43%]
tests/test_feature_tracks.py::test_every_auto_path_uses_shared_tolerance[False-True-positive-0-1] PASSED [ 44%]
tests/test_feature_tracks.py::test_every_auto_path_uses_shared_tolerance[False-True-positive-0-2] PASSED [ 44%]
tests/test_feature_tracks.py::test_every_auto_path_uses_shared_tolerance[False-True-positive-0-3] PASSED [ 44%]
tests/test_feature_tracks.py::test_every_auto_path_uses_shared_tolerance[False-True-positive-1-0] PASSED [ 44%]
tests/test_feature_tracks.py::test_every_auto_path_uses_shared_tolerance[False-True-positive-1-1] PASSED [ 44%]
tests/test_feature_tracks.py::test_every_auto_path_uses_shared_tolerance[False-True-positive-1-2] PASSED [ 44%]
tests/test_feature_tracks.py::test_every_auto_path_uses_shared_tolerance[False-True-positive-1-3] PASSED [ 44%]
tests/test_feature_tracks.py::test_every_auto_path_uses_shared_tolerance[False-True-positive-2-0] PASSED [ 44%]
tests/test_feature_tracks.py::test_every_auto_path_uses_shared_tolerance[False-True-positive-2-1] PASSED [ 44%]
tests/test_feature_tracks.py::test_every_auto_path_uses_shared_tolerance[False-True-positive-2-2] PASSED [ 44%]
tests/test_feature_tracks.py::test_every_auto_path_uses_shared_tolerance[False-True-positive-2-3] PASSED [ 44%]
tests/test_feature_tracks.py::test_fixed_reservations_keep_index_candidate_filter PASSED [ 44%]
tests/test_feature_tracks.py::test_auto_retains_all_100_lanes_with_fixed_first[False-False] PASSED [ 44%]
tests/test_feature_tracks.py::test_auto_retains_all_100_lanes_with_fixed_first[False-True] PASSED [ 44%]
tests/test_feature_tracks.py::test_auto_retains_all_100_lanes_with_fixed_first[True-False] PASSED [ 44%]
tests/test_feature_tracks.py::test_auto_retains_all_100_lanes_with_fixed_first[True-True] PASSED [ 44%]
tests/test_feature_underlay_rendering.py::test_linear_underlay_preserves_public_axis_sides[axis-start] PASSED [ 44%]
tests/test_feature_underlay_rendering.py::test_linear_underlay_preserves_public_axis_sides[axis-middle-incident] PASSED [ 44%]
tests/test_feature_underlay_rendering.py::test_linear_underlay_preserves_public_axis_sides[axis-end] PASSED [ 44%]
tests/test_feature_underlay_rendering.py::test_linear_underlay_with_axis_omitted_keeps_explicit_sides PASSED [ 44%]
tests/test_feature_underlay_rendering.py::test_linear_multi_record_underlay_keeps_axis_during_final_relayout PASSED [ 44%]
tests/test_feature_underlay_rendering.py::test_default_repeat_underlay_has_feature_identity_and_paints_first[circular] PASSED [ 44%]
tests/test_feature_underlay_rendering.py::test_default_repeat_underlay_has_feature_identity_and_paints_first[linear] PASSED [ 44%]
tests/test_feature_underlay_rendering.py::test_underlays_keep_each_specific_color_rule_fill[circular] PASSED [ 44%]
tests/test_feature_underlay_rendering.py::test_underlays_keep_each_specific_color_rule_fill[linear] PASSED [ 44%]
tests/test_feature_underlay_rendering.py::test_empty_feature_color_keeps_defensive_underlay_fill PASSED [ 44%]
tests/test_feature_underlay_rendering.py::test_compound_underlay_preserves_blocks_without_connector[circular] PASSED [ 44%]
tests/test_feature_underlay_rendering.py::test_compound_underlay_preserves_blocks_without_connector[linear] PASSED [ 44%]
tests/test_feature_underlay_rendering.py::test_underlay_uses_actual_custom_feature_slot[circular] PASSED [ 44%]
tests/test_feature_underlay_rendering.py::test_underlay_uses_actual_custom_feature_slot[linear] PASSED [ 44%]
tests/test_feature_underlay_rendering.py::test_visible_underlay_requires_enabled_feature_slot[circular] PASSED [ 44%]
tests/test_feature_underlay_rendering.py::test_visible_underlay_requires_enabled_feature_slot[linear] PASSED [ 44%]
tests/test_feature_underlay_rendering.py::test_explicit_repeat_rectangle_disables_private_underlay[circular] PASSED [ 44%]
tests/test_feature_underlay_rendering.py::test_explicit_repeat_rectangle_disables_private_underlay[linear] PASSED [ 44%]
tests/test_feature_visibility.py::test_read_feature_visibility_file_ok PASSED [ 44%]
tests/test_feature_visibility.py::test_read_feature_visibility_file_missing_columns_raises_validation_error PASSED [ 44%]
tests/test_feature_visibility.py::test_read_feature_visibility_file_extra_columns_raises_parse_error PASSED [ 44%]
tests/test_feature_visibility.py::test_read_feature_visibility_file_not_found_raises_input_file_error PASSED [ 44%]
tests/test_feature_visibility.py::test_compile_feature_visibility_rules_skips_header_and_normalizes_actions PASSED [ 44%]
tests/test_feature_visibility.py::test_compile_feature_visibility_rules_warns_for_deprecated_suppress PASSED [ 44%]
tests/test_feature_visibility.py::test_compile_feature_visibility_rules_invalid_regex_raises_parse_error PASSED [ 44%]
tests/test_feature_visibility.py::test_compile_feature_visibility_rules_invalid_action_raises_validation_error PASSED [ 44%]
tests/test_feature_visibility.py::test_compile_feature_visibility_rules_rejects_bare_exclude PASSED [ 44%]
tests/test_feature_visibility.py::test_should_render_feature_matches_supported_qualifiers[hash-^f[0-9a-f]{8}$] PASSED [ 45%]
tests/test_feature_visibility.py::test_should_render_feature_matches_supported_qualifiers[location-^10\\.\\.90$] PASSED [ 45%]
tests/test_feature_visibility.py::test_should_render_feature_matches_supported_qualifiers[record_location-^rec1:10\\.\\.90:\\+$] PASSED [ 45%]
tests/test_feature_visibility.py::test_should_render_feature_matches_supported_qualifiers[gene-^geneA$] PASSED [ 45%]
tests/test_feature_visibility.py::test_should_render_feature_first_match_wins PASSED [ 45%]
tests/test_feature_visibility.py::test_should_render_feature_exclude_matching_preserves_base_drawing_decision PASSED [ 45%]
tests/test_feature_visibility.py::test_should_include_feature_in_analysis_off_and_exclude_matching_exclude PASSED [ 45%]
tests/test_feature_visibility.py::test_should_include_feature_in_analysis_first_match_wins PASSED [ 45%]
tests/test_feature_visibility.py::test_should_render_feature_feature_object_origin_spanning_hash_rule_matches PASSED [ 45%]
tests/test_feature_visibility.py::test_should_render_feature_feature_object_origin_spanning_record_location_rule_matches PASSED [ 45%]
tests/test_feature_visibility.py::test_create_feature_dict_applies_show_and_off_overrides PASSED [ 45%]
tests/test_feature_visibility.py::test_legend_presence_and_color_usage_follow_visibility_rules PASSED [ 45%]
tests/test_feature_visibility.py::test_specific_color_rule_draws_matching_feature_outside_selected_types PASSED [ 45%]
tests/test_feature_visibility.py::test_specific_color_rule_can_reveal_unselected_underlay_with_resolved_color PASSED [ 45%]
tests/test_feature_visibility.py::test_extract_cds_proteins_off_and_exclude_matching_remove_cds PASSED [ 45%]
tests/test_feature_visibility.py::test_extract_features_from_genbank_json_applies_visibility_table PASSED [ 45%]
tests/test_feature_visibility.py::test_resolve_candidate_feature_types_uses_concrete_table_types PASSED [ 45%]
tests/test_feature_visibility.py::test_resolve_candidate_feature_types_wildcard_requests_all_features PASSED [ 45%]
tests/test_feature_visibility.py::test_legend_partition_tracks_actual_rule_membership[L-C1-default-CDS] PASSED [ 45%]
tests/test_feature_visibility.py::test_legend_partition_tracks_actual_rule_membership[L-C2-matched-CDS-and-remainder] PASSED [ 45%]
tests/test_feature_visibility.py::test_legend_partition_tracks_actual_rule_membership[L-C3-unused-rule] PASSED [ 45%]
tests/test_feature_visibility.py::test_legend_partition_tracks_actual_rule_membership[non-CDS-control] PASSED [ 45%]
tests/test_feature_visibility.py::test_prepare_legend_table_falls_back_to_default_color_for_gene_other_entry PASSED [ 45%]
tests/test_feature_visibility.py::test_prepare_legend_table_skips_gene_other_entry_without_default_usage PASSED [ 45%]
tests/test_feature_visibility.py::test_prepare_legend_table_plain_gene_entry_uses_default_fallback_color PASSED [ 45%]
tests/test_feature_visibility.py::test_circular_cli_feature_visibility_table_is_forwarded PASSED [ 45%]
tests/test_feature_visibility.py::test_linear_cli_feature_visibility_table_is_forwarded PASSED [ 45%]
tests/test_feature_visibility.py::test_circular_gff_loader_uses_candidate_features_when_feature_visibility_table_given PASSED [ 45%]
tests/test_feature_visibility.py::test_linear_gff_loader_uses_candidate_features_when_feature_visibility_table_given PASSED [ 45%]
tests/test_gallery_capture_contracts.py::test_linear_comparison_panels_capture_the_command_and_current_status PASSED [ 45%]
tests/test_gallery_capture_contracts.py::test_losatp_mode_captures_show_both_levels[BGC0000708-BGC0000713] PASSED [ 45%]
tests/test_gallery_capture_contracts.py::test_losatp_mode_captures_show_both_levels[hepatoplasmataceae_orthogroup] PASSED [ 45%]
tests/test_gallery_capture_contracts.py::test_losatp_mode_captures_show_both_levels[hepatoplasmataceae_collinear] PASSED [ 45%]
tests/test_gallery_capture_contracts.py::test_losatp_mode_captures_show_both_levels[majanivirus_orthogroup] PASSED [ 45%]
tests/test_gallery_capture_contracts.py::test_losatp_mode_captures_show_both_levels[vibrio-harveyi-group-collinear] PASSED [ 45%]
tests/test_gallery_capture_contracts.py::test_linear_comparison_tutorials_do_not_use_the_retired_search_method_api PASSED [ 45%]
tests/test_gallery_capture_contracts.py::test_first_linear_comparison_boundary_has_an_exact_capture_contract PASSED [ 45%]
tests/test_gallery_capture_contracts.py::test_first_raw_result_has_an_exact_advanced_capture_contract PASSED [ 45%]
tests/test_gallery_capture_contracts.py::test_vibrio_capture_keeps_publication_comparisons_active PASSED [ 45%]
tests/test_gallery_capture_contracts.py::test_layout_sensitive_gallery_results_have_exact_capture_contracts[HmmtDNA_basic_circular] PASSED [ 45%]
tests/test_gallery_capture_contracts.py::test_layout_sensitive_gallery_results_have_exact_capture_contracts[lambda_basic_linear] PASSED [ 45%]
tests/test_gallery_capture_contracts.py::test_layout_sensitive_gallery_results_have_exact_capture_contracts[tobacco-chloroplast] PASSED [ 45%]
tests/test_gallery_capture_contracts.py::test_layout_sensitive_gallery_results_have_exact_capture_contracts[Vnig_TUMSAT-TG-2018] PASSED [ 45%]
tests/test_gallery_capture_contracts.py::test_layout_sensitive_gallery_results_have_exact_capture_contracts[vibrio-harveyi-group-collinear] PASSED [ 45%]
tests/test_gallery_capture_contracts.py::test_layout_sensitive_gallery_results_have_exact_capture_contracts[HmmtDNA_ATskew] PASSED [ 46%]
tests/test_gallery_capture_contracts.py::test_basic_gallery_operations_have_owned_semantic_capture_contracts[HmmtDNA_basic_circular] PASSED [ 46%]
tests/test_gallery_capture_contracts.py::test_basic_gallery_operations_have_owned_semantic_capture_contracts[lambda_basic_linear] PASSED [ 46%]
tests/test_gallery_capture_contracts.py::test_basic_gallery_capture_session_contains_the_named_record[HmmtDNA_basic_circular] PASSED [ 46%]
tests/test_gallery_capture_contracts.py::test_basic_gallery_capture_session_contains_the_named_record[lambda_basic_linear] PASSED [ 46%]
tests/test_gallery_capture_contracts.py::test_ready_gallery_media_passes_capture_contract_validation PASSED [ 46%]
tests/test_gallery_capture_contracts.py::test_data_dependent_capture_rejects_cross_example_media PASSED [ 46%]
tests/test_gallery_capture_contracts.py::test_cross_example_media_is_explicitly_generic PASSED [ 46%]
tests/test_gallery_capture_contracts.py::test_web_app_readiness_waits_for_palette_without_starting_worker PASSED [ 46%]
tests/test_gallery_publication_performance.py::test_fixed_gallery_performance_baseline_enforces_125_percent_gate PASSED [ 46%]
tests/test_gallery_publication_performance.py::test_runtime_baseline_compares_trials_from_the_same_environment PASSED [ 46%]
tests/test_gallery_publication_performance.py::test_complete_refresh_performance_gate_is_manual_only PASSED [ 46%]
tests/test_gallery_publication_performance.py::test_projection_failure_retains_all_trials_and_measures_fixed_base[peakRssKiB] PASSED [ 46%]
tests/test_gallery_publication_performance.py::test_projection_failure_retains_all_trials_and_measures_fixed_base[wallSeconds] PASSED [ 46%]
tests/test_gallery_publication_performance.py::test_gallery_gate_rejects_other_trial_counts[0] PASSED [ 46%]
tests/test_gallery_publication_performance.py::test_gallery_gate_rejects_other_trial_counts[1] PASSED [ 46%]
tests/test_gallery_publication_performance.py::test_gallery_gate_rejects_other_trial_counts[2] PASSED [ 46%]
tests/test_gallery_publication_performance.py::test_gallery_gate_rejects_other_trial_counts[4] PASSED [ 46%]
tests/test_gallery_session_semantics.py::test_gallery_sessions_do_not_persist_overwrite_permission[HmmtDNA_basic_circular] PASSED [ 46%]
tests/test_gallery_session_semantics.py::test_gallery_sessions_do_not_persist_overwrite_permission[lambda_basic_linear] PASSED [ 46%]
tests/test_gallery_session_semantics.py::test_gallery_sessions_do_not_persist_overwrite_permission[HmmtDNA_ATskew] PASSED [ 46%]
tests/test_gallery_session_semantics.py::test_gallery_sessions_do_not_persist_overwrite_permission[tobacco-chloroplast] PASSED [ 46%]
tests/test_gallery_session_semantics.py::test_gallery_sessions_do_not_persist_overwrite_permission[Vnig_TUMSAT-TG-2018] PASSED [ 46%]
tests/test_gallery_session_semantics.py::test_gallery_sessions_do_not_persist_overwrite_permission[hepatoplasmataceae_collinear] PASSED [ 46%]
tests/test_gallery_session_semantics.py::test_gallery_sessions_do_not_persist_overwrite_permission[vibrio-harveyi-group-collinear] PASSED [ 46%]
tests/test_gallery_session_semantics.py::test_gallery_sessions_do_not_persist_overwrite_permission[hepatoplasmataceae_orthogroup] PASSED [ 46%]
tests/test_gallery_session_semantics.py::test_gallery_sessions_do_not_persist_overwrite_permission[BGC0000708-BGC0000713] PASSED [ 46%]
tests/test_gallery_session_semantics.py::test_gallery_sessions_do_not_persist_overwrite_permission[majanivirus_orthogroup] PASSED [ 46%]
tests/test_gallery_session_semantics.py::test_lambda_basic_linear_gallery_session_opts_out_of_comparisons PASSED [ 46%]
tests/test_gallery_session_semantics.py::test_hmmt_at_skew_session_keeps_tracks_palette_and_gene_labels PASSED [ 46%]
tests/test_gallery_session_semantics.py::test_hmmt_at_skew_session_and_visuals_keep_middle_feature_placement PASSED [ 46%]
tests/test_gallery_session_semantics.py::test_bgc_gallery_session_keeps_curated_presentation_and_styles PASSED [ 46%]
tests/test_gallery_session_semantics.py::test_majanivirus_gallery_session_keeps_record_labels_and_color_rules PASSED [ 46%]
tests/test_gallery_session_semantics.py::test_gallery_sessions_keep_precomputed_comparisons_and_orthogroups[hepatoplasmataceae_collinear-5-4-554] PASSED [ 46%]
tests/test_gallery_session_semantics.py::test_gallery_sessions_keep_precomputed_comparisons_and_orthogroups[hepatoplasmataceae_orthogroup-5-4-577] PASSED [ 46%]
tests/test_gallery_session_semantics.py::test_gallery_sessions_keep_precomputed_comparisons_and_orthogroups[majanivirus_orthogroup-9-8-152] PASSED [ 46%]
tests/test_gallery_session_semantics.py::test_hepatoplasmataceae_gallery_keeps_shared_track_spacing[hepatoplasmataceae_collinear] PASSED [ 46%]
tests/test_gallery_session_semantics.py::test_hepatoplasmataceae_gallery_keeps_shared_track_spacing[hepatoplasmataceae_orthogroup] PASSED [ 46%]
tests/test_gallery_session_semantics.py::test_hepatoplasmataceae_comparison_modes_share_record_local_track_geometry PASSED [ 46%]
tests/test_gc_content_percent.py::test_gc_content_config_defaults_preserve_deviation_mode PASSED [ 46%]
tests/test_gc_content_percent.py::test_gc_content_config_rejects_invalid_mode_ranges_and_ticks PASSED [ 46%]
tests/test_gc_content_percent.py::test_circular_dinucleotide_content_df_centers_window_at_origin PASSED [ 46%]
tests/test_gc_content_percent.py::test_circular_dinucleotide_content_df_handles_windows_larger_than_record PASSED [ 46%]
tests/test_gc_content_percent.py::test_gc_content_percent_df_preserves_source_percent_and_clips_normalized_values PASSED [ 47%]
tests/test_gc_content_percent.py::test_circular_gc_content_percent_mode_adds_percent_axis_without_depth_axis PASSED [ 47%]
tests/test_gc_content_percent.py::test_linear_gc_content_percent_mode_adds_percent_axis_without_depth_axis PASSED [ 47%]
tests/test_gc_content_percent.py::test_linear_gc_content_percent_mode_reserves_full_height_before_gc_skew PASSED [ 47%]
tests/test_gc_content_percent.py::test_default_gc_content_deviation_mode_does_not_emit_percent_axis PASSED [ 47%]
tests/test_gc_content_percent.py::test_circular_gc_content_percent_container_ids_are_slot_scoped PASSED [ 47%]
tests/test_gc_content_percent.py::test_circular_scalar_area_closure_is_opt_in_for_depth_paths PASSED [ 47%]
tests/test_gc_content_percent.py::test_circular_gc_content_percent_axis_inherits_depth_tick_font_size PASSED [ 47%]
tests/test_gc_content_percent.py::test_linear_gc_content_percent_axis_inherits_depth_tick_font_size PASSED [ 47%]
tests/test_gc_content_percent.py::test_circular_cli_gc_percent_options_forward_to_api PASSED [ 47%]
tests/test_gc_content_percent.py::test_linear_cli_gc_percent_options_forward_to_api PASSED [ 47%]
tests/test_gc_content_percent.py::test_gc_percent_cli_rejects_invalid_ranges PASSED [ 47%]
tests/test_gc_style_contract.py::test_gc_content_outline_contract_matches_in_both_modes[0.0] PASSED [ 47%]
tests/test_gc_style_contract.py::test_gc_content_outline_contract_matches_in_both_modes[2.5] PASSED [ 47%]
tests/test_gc_style_contract.py::test_gc_skew_outline_contract_matches_in_both_modes[0.0] PASSED [ 47%]
tests/test_gc_style_contract.py::test_gc_skew_outline_contract_matches_in_both_modes[2.5] PASSED [ 47%]
tests/test_gc_style_contract.py::test_none_stroke_remains_invisible_with_positive_width[GcContentDrawer-args0] PASSED [ 47%]
tests/test_gc_style_contract.py::test_none_stroke_remains_invisible_with_positive_width[GcContentDrawer-args1] PASSED [ 47%]
tests/test_genome_loading.py::test_record_loader_signatures_are_mode_neutral PASSED [ 47%]
tests/test_genome_loading.py::test_load_gbks_preserves_all_records_without_topology_policy PASSED [ 47%]
tests/test_genome_loading.py::test_load_gbks_keeps_neutral_selector_and_reverse_controls PASSED [ 47%]
tests/test_genome_loading.py::test_records_table_loader_forwards_only_neutral_record_controls PASSED [ 47%]
tests/test_gff_multipart.py::test_load_gff_fasta_preserves_fasta_record_order PASSED [ 47%]
tests/test_gff_multipart.py::test_load_gff_fasta_collapses_same_id_rows_into_compound_location PASSED [ 47%]
tests/test_gff_multipart.py::test_load_gff_fasta_orders_negative_multipart_rows_in_transcription_direction PASSED [ 47%]
tests/test_gff_multipart.py::test_nc_013668_gff3_orf10_matches_genbank_compound_cds PASSED [ 47%]
tests/test_gui_interactive_capture_contracts.py::test_interactive_flows_use_whole_natural_source_records PASSED [ 47%]
tests/test_gui_interactive_capture_contracts.py::test_interactive_flows_use_raw_inputs_and_visible_actions PASSED [ 47%]
tests/test_gui_interactive_capture_contracts.py::test_h_gui_13_persists_real_edits_and_keeps_group_semantics_distinct PASSED [ 47%]
tests/test_gui_interactive_capture_contracts.py::test_h_gui_14_writes_current_gzip_session_and_uses_a_fresh_context PASSED [ 47%]
tests/test_gui_interactive_capture_contracts.py::test_h_gui_15_validates_every_actual_export PASSED [ 47%]
tests/test_gui_interactive_capture_contracts.py::test_interactive_accessibility_labels_are_public_ui_contracts PASSED [ 47%]
tests/test_gui_interactive_capture_contracts.py::test_manifest_runner_and_screenshot_evidence_contracts_match PASSED [ 47%]
tests/test_gui_interactive_capture_contracts.py::test_interactive_screenshots_are_deterministic_pngs PASSED [ 47%]
tests/test_gui_nucleotide_comparison_capture_contracts.py::test_linear_evidence_uses_whole_lambda_and_de3_records_only PASSED [ 47%]
tests/test_gui_nucleotide_comparison_capture_contracts.py::test_frozen_tlosatx_evidence_has_397_rows_and_seven_qualified_links PASSED [ 47%]
tests/test_gui_nucleotide_comparison_capture_contracts.py::test_circular_ring_flow_uses_four_complete_natural_mitochondria PASSED [ 47%]
tests/test_gui_nucleotide_comparison_capture_contracts.py::test_h_gui_03_to_06_flows_use_visible_controls_without_state_injection PASSED [ 47%]
tests/test_gui_nucleotide_comparison_capture_contracts.py::test_nucleotide_capture_accessibility_labels_are_in_the_public_ui PASSED [ 47%]
tests/test_gui_nucleotide_comparison_capture_contracts.py::test_nucleotide_manifest_records_the_executable_evidence PASSED [ 47%]
tests/test_gui_nucleotide_comparison_capture_contracts.py::test_nucleotide_screenshots_are_full_pinned_viewports PASSED [ 47%]
tests/test_gui_presentation_capture_contracts.py::test_presentation_flows_use_one_complete_natural_mitochondrial_record PASSED [ 47%]
tests/test_gui_presentation_capture_contracts.py::test_presentation_rule_tables_are_frozen_and_gene_first PASSED [ 47%]
tests/test_gui_presentation_capture_contracts.py::test_presentation_flows_use_visible_controls_without_state_injection PASSED [ 48%]
tests/test_gui_presentation_capture_contracts.py::test_presentation_capture_has_semantic_svg_guards PASSED [ 48%]
tests/test_gui_presentation_capture_contracts.py::test_presentation_accessibility_labels_are_public_ui_contracts PASSED [ 48%]
tests/test_gui_presentation_capture_contracts.py::test_presentation_evidence_matches_scenarios_and_screenshots PASSED [ 48%]
tests/test_gui_presentation_capture_contracts.py::test_committed_presentation_screenshots_are_full_pinned_viewports PASSED [ 48%]
tests/test_gui_protein_comparison_capture_contracts.py::test_bgc_capture_uses_five_frozen_whole_native_linear_records PASSED [ 48%]
tests/test_gui_protein_comparison_capture_contracts.py::test_bgc_fixture_manifest_keeps_native_sources_and_scenario_ownership PASSED [ 48%]
tests/test_gui_protein_comparison_capture_contracts.py::test_hepatoplasmataceae_fixture_owns_all_collinear_tutorial_variants PASSED [ 48%]
tests/test_gui_protein_comparison_capture_contracts.py::test_protein_flows_separate_bgc_groups_from_hepatoplasma_collinear PASSED [ 48%]
tests/test_gui_protein_comparison_capture_contracts.py::test_bgc_flow_pins_gallery_presentation_and_losatp_values PASSED [ 48%]
tests/test_gui_protein_comparison_capture_contracts.py::test_gallery_svg_is_the_frozen_similarity_group_reference PASSED [ 48%]
tests/test_gui_protein_comparison_capture_contracts.py::test_hepatoplasmataceae_collinear_guards_pin_evidence_and_span_fasta PASSED [ 48%]
tests/test_gui_protein_comparison_capture_contracts.py::test_protein_comparison_tutorials_and_evidence_record_the_complete_recipe PASSED [ 48%]
tests/test_gui_protein_comparison_capture_contracts.py::test_protein_comparison_screenshots_are_full_pinned_viewports PASSED [ 48%]
tests/test_gui_protein_comparison_capture_contracts.py::test_protein_popup_state_uses_catalog_commit_path PASSED [ 48%]
tests/test_gui_tracks_capture_contracts.py::test_quantitative_capture_uses_one_complete_record_and_607_real_bins PASSED [ 48%]
tests/test_gui_tracks_capture_contracts.py::test_annotation_capture_uses_the_complete_plastome_and_four_regions PASSED [ 48%]
tests/test_gui_tracks_capture_contracts.py::test_track_flows_use_visible_accessible_controls_without_state_injection PASSED [ 48%]
tests/test_gui_tracks_capture_contracts.py::test_track_capture_accessibility_labels_are_part_of_the_public_ui PASSED [ 48%]
tests/test_gui_tracks_capture_contracts.py::test_track_evidence_matches_the_approved_manifest PASSED [ 48%]
tests/test_gui_tracks_capture_contracts.py::test_committed_track_screenshots_are_full_pinned_viewports PASSED [ 48%]
tests/test_interactive_svg_cli_format.py::test_enrich_svg_embeds_selected_schema_three_catalog_item_exactly PASSED [ 48%]
tests/test_interactive_svg_cli_format.py::test_enrich_svg_rejects_external_catalog_feature_with_conflicting_dom_identity PASSED [ 48%]
tests/test_interactive_svg_cli_format.py::test_enrich_svg_rejects_conflicting_duplicate_dom_feature_identity_with_catalog PASSED [ 48%]
tests/test_interactive_svg_cli_format.py::test_enrich_svg_binds_external_catalog_matches_by_unique_id PASSED [ 48%]
tests/test_interactive_svg_cli_format.py::test_enrich_svg_rejects_conflicting_dom_match_id_aliases PASSED [ 48%]
tests/test_interactive_svg_cli_format.py::test_enrich_svg_internal_catalog_rejects_invalid_match_ids[<svg xmlns="http://www.w3.org/2000/svg">\n              <path data-gbdraw-match-id="M1"\n                data-gbdraw-pairwise-match-id="M2" data-match-kind="pairwise" />\n            </svg>-conflicting match ID aliases] PASSED [ 48%]
tests/test_interactive_svg_cli_format.py::test_enrich_svg_internal_catalog_rejects_invalid_match_ids[<svg xmlns="http://www.w3.org/2000/svg">\n              <path data-gbdraw-match-id="M1" data-match-kind="pairwise" />\n              <path data-gbdraw-pairwise-match-id="M1" data-match-kind="pairwise" />\n            </svg>-duplicate match IDs] PASSED [ 48%]
tests/test_interactive_svg_cli_format.py::test_interactive_types_and_builder_are_public PASSED [ 48%]
tests/test_interactive_svg_cli_format.py::test_linear_interactive_context_keeps_stable_feature_ids_until_svg_enrichment PASSED [ 48%]
tests/test_interactive_svg_cli_format.py::test_orthogroup_enrichment_requires_record_index_for_ambiguous_stable_ids PASSED [ 48%]
tests/test_interactive_svg_cli_format.py::test_orthogroup_enrichment_requires_matching_record_scoped_identity PASSED [ 48%]
tests/test_interactive_svg_cli_format.py::test_orthogroup_enrichment_requires_complete_unique_alias_agreement PASSED [ 48%]
tests/test_interactive_svg_cli_format.py::test_orthogroup_enrichment_rejects_duplicate_member_identity PASSED [ 48%]
tests/test_interactive_svg_cli_format.py::test_orthogroup_enrichment_keeps_source_and_rendered_ids_in_separate_namespaces PASSED [ 48%]
tests/test_interactive_svg_cli_format.py::test_orthogroup_enrichment_rejects_conflicting_member_source_id_aliases PASSED [ 48%]
tests/test_interactive_svg_cli_format.py::test_feature_payloads_do_not_rebind_duplicate_explicit_rendered_handle PASSED [ 48%]
tests/test_interactive_svg_cli_format.py::test_feature_payloads_keep_rendered_and_stable_dom_ids_in_separate_namespaces PASSED [ 48%]
tests/test_interactive_svg_cli_format.py::test_feature_payloads_reject_rendered_handle_with_conflicting_dom_identity PASSED [ 48%]
tests/test_interactive_svg_cli_format.py::test_feature_payloads_do_not_treat_recordless_stable_id_as_rendered_handle PASSED [ 48%]
tests/test_interactive_svg_cli_format.py::test_feature_payloads_reject_conflicting_duplicate_dom_identity PASSED [ 48%]
tests/test_interactive_svg_cli_format.py::test_parse_formats_accepts_interactive_svg_alias_and_dedupes PASSED [ 48%]
tests/test_interactive_svg_cli_format.py::test_format_classification_and_filename_resolution PASSED [ 48%]
tests/test_interactive_svg_cli_format.py::test_handle_output_formats_keeps_interactive_when_cairosvg_missing PASSED [ 49%]
tests/test_interactive_svg_cli_format.py::test_enrich_svg_marks_features_matches_and_embeds_assets PASSED [ 49%]
tests/test_interactive_svg_cli_format.py::test_enrich_svg_embeds_valid_regexp_escape_runtime PASSED [ 49%]
tests/test_interactive_svg_cli_format.py::test_enrich_svg_embeds_match_sequence_sources_once PASSED [ 49%]
tests/test_interactive_svg_cli_format.py::test_enrich_svg_generates_fallback_feature_payload PASSED [ 49%]
tests/test_interactive_svg_cli_format.py::test_enrich_svg_v3_embeds_sequences_without_precomputed_fastas PASSED [ 49%]
tests/test_interactive_svg_cli_format.py::test_enrich_svg_v3_deduplicates_translation_sequence PASSED [ 49%]
tests/test_interactive_svg_cli_format.py::test_enrich_svg_v3_metadata_is_at_least_35_percent_smaller_than_v1_fixture PASSED [ 49%]
tests/test_interactive_svg_cli_format.py::test_enrich_svg_matches_record_suffixed_session_feature_ids PASSED [ 49%]
tests/test_interactive_svg_cli_format.py::test_enrich_svg_rejects_malformed_svg PASSED [ 49%]
tests/test_interactive_svg_cli_format.py::test_records_metadata_uses_shared_feature_id_helper PASSED [ 49%]
tests/test_interactive_svg_cli_format.py::test_linear_cli_interactive_context_includes_orthogroup_payload PASSED [ 49%]
tests/test_interactive_svg_cli_format.py::test_linear_cli_interactive_context_orthogroup_members_use_absolute_region_coordinates PASSED [ 49%]
tests/test_interactive_svg_cli_format.py::test_enrich_svg_uses_orthogroup_payload_for_feature_and_match_metadata PASSED [ 49%]
tests/test_interactive_svg_cli_format.py::test_enrich_svg_uses_stable_orthogroup_member_feature_ids PASSED [ 49%]
tests/test_interactive_svg_cli_format.py::test_enrich_svg_keeps_hidden_biological_features_and_orthogroup_members PASSED [ 49%]
tests/test_interactive_svg_cli_format.py::test_enrich_svg_match_metadata_matches_standalone_pairwise_sections PASSED [ 49%]
tests/test_interactive_svg_cli_format.py::test_enrich_svg_match_metadata_matches_standalone_collinear_sections PASSED [ 49%]
tests/test_interactive_svg_cli_format.py::test_save_figure_to_interactive_png_uses_cairosvg_only_for_png PASSED [ 49%]
tests/test_interactive_svg_cli_format.py::test_save_figure_to_returns_interactive_path_and_checks_overwrite PASSED [ 49%]
tests/test_interactive_svg_cli_format.py::test_save_figure_to_overwrite_replaces_existing_binary PASSED [ 49%]
tests/test_interactive_svg_cli_format.py::test_save_figure_to_preflights_all_formats_before_overwrite_removal[directory] PASSED [ 49%]
tests/test_interactive_svg_cli_format.py::test_save_figure_to_preflights_all_formats_before_overwrite_removal[fifo] PASSED [ 49%]
tests/test_interactive_svg_cli_format.py::test_save_figure_to_rejects_invalid_output_parent_before_writing[file] PASSED [ 49%]
tests/test_interactive_svg_cli_format.py::test_save_figure_to_rejects_invalid_output_parent_before_writing[fifo] PASSED [ 49%]
tests/test_interactive_svg_cli_format.py::test_save_figure_to_rejects_invalid_output_parent_before_writing[dangling-symlink] PASSED [ 49%]
tests/test_interactive_svg_cli_format.py::test_save_figure_to_does_not_follow_binary_target_created_after_preflight PASSED [ 49%]
tests/test_interactive_svg_cli_format.py::test_render_to_bytes_supports_interactive_svg PASSED [ 49%]
tests/test_interactive_svg_cli_format.py::test_save_figure_to_raises_when_cairosvg_is_unavailable PASSED [ 49%]
tests/test_interactive_svg_cli_format.py::test_save_figure_to_reports_partial_conversion_failure PASSED [ 49%]
tests/test_interactive_svg_cli_format.py::test_render_to_bytes_wraps_converter_failure PASSED [ 49%]
tests/test_interactive_svg_cli_format.py::test_cli_help_lists_interactive_svg PASSED [ 49%]
tests/test_joint_display_placement_surfaces.py::test_public_placement_types_are_the_existing_typed_classes PASSED [ 49%]
tests/test_joint_display_placement_surfaces.py::test_joint_root_typed_cli_intent_and_svg[dataframe-circular] PASSED [ 49%]
tests/test_joint_display_placement_surfaces.py::test_joint_root_typed_cli_intent_and_svg[dataframe-linear] PASSED [ 49%]
tests/test_joint_display_placement_surfaces.py::test_joint_root_typed_cli_intent_and_svg[path-circular] PASSED [ 49%]
tests/test_joint_display_placement_surfaces.py::test_joint_root_typed_cli_intent_and_svg[path-linear] PASSED [ 49%]
tests/test_joint_display_placement_surfaces.py::test_joint_root_typed_cli_intent_and_svg[exact-circular] PASSED [ 49%]
tests/test_joint_display_placement_surfaces.py::test_joint_root_typed_cli_intent_and_svg[exact-linear] PASSED [ 49%]
tests/test_joint_display_placement_surfaces.py::test_joint_canonical_round_trip[circular] PASSED [ 49%]
tests/test_joint_display_placement_surfaces.py::test_joint_canonical_round_trip[linear] PASSED [ 49%]
tests/test_joint_display_placement_surfaces.py::test_historical_v40_schema6_typed_promotion_without_render PASSED [ 49%]
tests/test_joint_display_placement_surfaces.py::test_current_codec_rejects_non_requested_or_invalid_intent[display-field] PASSED [ 49%]
tests/test_joint_display_placement_surfaces.py::test_current_codec_rejects_non_requested_or_invalid_intent[linear-start] PASSED [ 50%]
tests/test_joint_display_placement_surfaces.py::test_current_codec_rejects_non_requested_or_invalid_intent[placement-field] PASSED [ 50%]
tests/test_joint_display_placement_surfaces.py::test_current_codec_rejects_non_requested_or_invalid_intent[auto] PASSED [ 50%]
tests/test_joint_display_placement_surfaces.py::test_current_codec_rejects_non_requested_or_invalid_intent[level] PASSED [ 50%]
tests/test_joint_display_placement_surfaces.py::test_current_codec_rejects_non_requested_or_invalid_intent[side] PASSED [ 50%]
tests/test_label_overrides.py::test_read_label_override_file_ok PASSED   [ 50%]
tests/test_label_overrides.py::test_read_label_override_file_missing_columns_raises_validation_error PASSED [ 50%]
tests/test_label_overrides.py::test_read_label_override_file_extra_columns_raises_parse_error PASSED [ 50%]
tests/test_label_overrides.py::test_read_label_override_file_not_found_raises_input_file_error PASSED [ 50%]
tests/test_label_overrides.py::test_read_label_override_file_empty_label_text_allowed PASSED [ 50%]
tests/test_label_overrides.py::test_get_label_text_row_order_first_wins PASSED [ 50%]
tests/test_label_overrides.py::test_get_label_text_record_constraint_works PASSED [ 50%]
tests/test_label_overrides.py::test_get_label_text_hash_override_works PASSED [ 50%]
tests/test_label_overrides.py::test_get_label_text_record_location_override_works PASSED [ 50%]
tests/test_label_overrides.py::test_get_label_text_feature_type_constraint_works PASSED [ 50%]
tests/test_label_overrides.py::test_get_label_text_does_not_override_hidden_label PASSED [ 50%]
tests/test_label_overrides.py::test_get_label_text_blacklist_matching_is_case_insensitive PASSED [ 50%]
tests/test_label_overrides.py::test_get_label_text_hash_override_bypasses_blacklist PASSED [ 50%]
tests/test_label_overrides.py::test_get_label_text_hash_override_bypasses_whitelist PASSED [ 50%]
tests/test_label_overrides.py::test_get_label_text_whitelist_regex_matches_product PASSED [ 50%]
tests/test_label_overrides.py::test_get_label_text_whitelist_regex_is_case_insensitive PASSED [ 50%]
tests/test_label_overrides.py::test_get_label_text_whitelist_anchored_regex_matches_exact_label PASSED [ 50%]
tests/test_label_overrides.py::test_get_label_text_whitelist_literal_pattern_still_matches PASSED [ 50%]
tests/test_label_overrides.py::test_get_label_text_whitelist_hash_rule_matches_feature_hash_regex PASSED [ 50%]
tests/test_label_overrides.py::test_get_label_text_whitelist_location_rule_matches_feature_regex PASSED [ 50%]
tests/test_label_overrides.py::test_get_label_text_whitelist_record_location_rule_matches_feature_regex PASSED [ 50%]
tests/test_label_overrides.py::test_get_label_text_whitelist_record_location_rule_non_matching_hides_label PASSED [ 50%]
tests/test_label_overrides.py::test_get_label_text_hash_override_empty_text_hides_label PASSED [ 50%]
tests/test_label_overrides.py::test_get_label_text_feature_object_hash_override_works PASSED [ 50%]
tests/test_label_overrides.py::test_get_label_text_feature_object_record_location_override_works PASSED [ 50%]
tests/test_label_overrides.py::test_get_label_text_feature_object_origin_spanning_hash_override_uses_coordinates PASSED [ 50%]
tests/test_label_overrides.py::test_get_label_text_feature_object_origin_spanning_record_location_override_uses_coordinates PASSED [ 50%]
tests/test_label_overrides.py::test_get_label_text_hmmtdna_d_loop_hash_override_matches_origin_spanning_feature_object PASSED [ 50%]
tests/test_label_overrides.py::test_prepare_label_list_hmmtdna_d_loop_hash_override_survives_feature_object_recheck PASSED [ 50%]
tests/test_label_overrides.py::test_get_label_text_invalid_override_regex_raises_parse_error PASSED [ 50%]
tests/test_label_overrides.py::test_get_label_text_invalid_whitelist_regex_raises_parse_error PASSED [ 50%]
tests/test_label_overrides.py::test_get_label_text_location_override_works PASSED [ 50%]
tests/test_label_overrides.py::test_get_label_text_normal_qualifier_override_works PASSED [ 50%]
tests/test_label_overrides.py::test_circular_cli_label_table_injects_override_df PASSED [ 50%]
tests/test_label_overrides.py::test_linear_cli_label_table_injects_override_df PASSED [ 50%]
tests/test_label_rendering_policy.py::test_circular_label_rendering_policy_filters_embedding_classes PASSED [ 50%]
tests/test_label_rendering_policy.py::test_linear_label_rendering_policy_filters_embedding_classes PASSED [ 50%]
tests/test_label_rendering_policy.py::test_linear_label_rendering_policy_rejects_above_feature_conflict PASSED [ 50%]
tests/test_legend_measurement.py::test_circular_legend_measurement_carries_the_render_layout PASSED [ 51%]
tests/test_legend_measurement.py::test_linear_legend_measurement_is_the_renderer_geometry_authority[solid-only-bottom] PASSED [ 51%]
tests/test_legend_measurement.py::test_linear_legend_measurement_is_the_renderer_geometry_authority[solid-only-right] PASSED [ 51%]
tests/test_legend_measurement.py::test_linear_legend_measurement_is_the_renderer_geometry_authority[single-gradient-only-bottom] PASSED [ 51%]
tests/test_legend_measurement.py::test_linear_legend_measurement_is_the_renderer_geometry_authority[single-gradient-only-right] PASSED [ 51%]
tests/test_legend_measurement.py::test_linear_legend_measurement_is_the_renderer_geometry_authority[multi-gradient-only-bottom] PASSED [ 51%]
tests/test_legend_measurement.py::test_linear_legend_measurement_is_the_renderer_geometry_authority[multi-gradient-only-right] PASSED [ 51%]
tests/test_legend_measurement.py::test_linear_legend_measurement_is_the_renderer_geometry_authority[mixed-bottom] PASSED [ 51%]
tests/test_legend_measurement.py::test_linear_legend_measurement_is_the_renderer_geometry_authority[mixed-right] PASSED [ 51%]
tests/test_legend_measurement.py::test_empty_legend_measurement_is_an_immutable_zero_value[circular] PASSED [ 51%]
tests/test_legend_measurement.py::test_empty_legend_measurement_is_an_immutable_zero_value[linear] PASSED [ 51%]
tests/test_legend_measurement.py::test_legend_mode_dispatch_uses_the_render_profile PASSED [ 51%]
tests/test_legend_measurement.py::test_legend_local_bounds_include_stroke_at_its_painted_position[circular] PASSED [ 51%]
tests/test_legend_measurement.py::test_legend_local_bounds_include_stroke_at_its_painted_position[linear] PASSED [ 51%]
tests/test_legend_measurement.py::test_legend_measurement_rejects_invalid_wrap_width[-1.0] PASSED [ 51%]
tests/test_legend_measurement.py::test_legend_measurement_rejects_invalid_wrap_width[inf] PASSED [ 51%]
tests/test_legend_measurement.py::test_legend_measurement_rejects_invalid_wrap_width[nan] PASSED [ 51%]
tests/test_linear_annotation_tracks.py::test_linear_annotation_renderer_parses_typed_params PASSED [ 51%]
tests/test_linear_annotation_tracks.py::test_linear_annotation_track_renders_metadata_and_hatch PASSED [ 51%]
tests/test_linear_annotation_tracks.py::test_linear_highlight_automatically_renders_behind_features PASSED [ 51%]
tests/test_linear_annotation_tracks.py::test_linear_mixed_annotation_set_splits_highlight_from_lane_marks PASSED [ 51%]
tests/test_linear_annotation_tracks.py::test_linear_annotation_overlay_requires_anchor_and_consistent_z PASSED [ 51%]
tests/test_linear_annotation_tracks.py::test_linear_annotation_overlay_rejects_unknown_anchor_in_complete_list PASSED [ 51%]
tests/test_linear_annotation_tracks.py::test_linear_annotation_overlay_rejects_annotation_anchor PASSED [ 51%]
tests/test_linear_annotation_tracks.py::test_linear_annotation_overlay_rejects_spacer_anchor PASSED [ 51%]
tests/test_linear_annotation_tracks.py::test_linear_annotation_cover_anchor_expands_overlay_to_feature_band PASSED [ 51%]
tests/test_linear_annotation_tracks.py::test_linear_annotation_clip_policy_creates_clip_path PASSED [ 51%]
tests/test_linear_annotation_tracks.py::test_annotation_hatch_is_used_in_shared_legend_preview PASSED [ 51%]
tests/test_linear_annotation_tracks.py::test_multi_record_annotation_lanes_use_final_sequence_width PASSED [ 51%]
tests/test_linear_comparison_browser_contracts.py::test_linear_comparison_browser_contracts PASSED [ 51%]
tests/test_linear_composition.py::test_linear_composition_uses_exact_dock_gap_and_orthogonal_center[left] PASSED [ 51%]
tests/test_linear_composition.py::test_linear_composition_uses_exact_dock_gap_and_orthogonal_center[right] PASSED [ 51%]
tests/test_linear_composition.py::test_linear_composition_uses_exact_dock_gap_and_orthogonal_center[top] PASSED [ 51%]
tests/test_linear_composition.py::test_linear_composition_uses_exact_dock_gap_and_orthogonal_center[bottom] PASSED [ 51%]
tests/test_linear_composition.py::test_linear_composition_emits_schema_one_without_legacy_viewboxes PASSED [ 51%]
tests/test_linear_composition.py::test_linear_title_uses_shared_gap_or_center_overlay[top] PASSED [ 51%]
tests/test_linear_composition.py::test_linear_title_uses_shared_gap_or_center_overlay[bottom] PASSED [ 51%]
tests/test_linear_composition.py::test_linear_title_uses_shared_gap_or_center_overlay[center] PASSED [ 51%]
tests/test_linear_composition.py::test_linear_same_side_legend_is_nearest_plot_and_title_is_outward[top] PASSED [ 51%]
tests/test_linear_composition.py::test_linear_same_side_legend_is_nearest_plot_and_title_is_outward[bottom] PASSED [ 51%]
tests/test_linear_composition.py::test_linear_legend_side_does_not_change_record_local_geometry PASSED [ 51%]
tests/test_linear_composition.py::test_linear_multi_row_track_metadata_uses_final_primary_translation PASSED [ 51%]
tests/test_linear_definition_alignment.py::test_linear_definition_group_follows_record_offset_by_default PASSED [ 51%]
tests/test_linear_definition_alignment.py::test_linear_definition_group_can_stay_in_left_column PASSED [ 52%]
tests/test_linear_definition_alignment.py::test_locked_linear_definition_column_uses_rendered_svg_text_width PASSED [ 52%]
tests/test_linear_definition_alignment.py::test_locked_linear_definition_column_uses_configured_definition_gap PASSED [ 52%]
tests/test_linear_definition_alignment.py::test_locked_linear_definition_column_follows_global_horizontal_shift PASSED [ 52%]
tests/test_linear_definition_alignment.py::test_locked_linear_definition_column_gap_uses_records_column_left PASSED [ 52%]
tests/test_linear_definition_alignment.py::test_precalculated_max_definition_width_is_ceiled PASSED [ 52%]
tests/test_linear_definition_alignment.py::test_linear_definition_gap_defaults_to_twenty_for_legacy_config PASSED [ 52%]
tests/test_linear_definition_alignment.py::test_linear_definition_gap_reads_explicit_config_value PASSED [ 52%]
tests/test_linear_definition_alignment.py::test_linear_definition_band_matches_resolved_feature_center[above--1] PASSED [ 52%]
tests/test_linear_definition_alignment.py::test_linear_definition_band_matches_resolved_feature_center[below-1] PASSED [ 52%]
tests/test_linear_definition_alignment.py::test_liberation_sans_bundled_fonts_preferred_over_system_fontconfig PASSED [ 52%]
tests/test_linear_definition_alignment.py::test_definition_plain_lines_use_definition_font_weight PASSED [ 52%]
tests/test_linear_definition_alignment.py::test_definition_mixed_content_width_sums_style_aware_parts PASSED [ 52%]
tests/test_linear_definition_alignment.py::test_browser_rendered_definition_gap_is_at_least_configured_gap[Plain definition-normal] PASSED [ 52%]
tests/test_linear_definition_alignment.py::test_browser_rendered_definition_gap_is_at_least_configured_gap[Plain <i>italic definition</i> tail-normal] PASSED [ 52%]
tests/test_linear_definition_alignment.py::test_browser_rendered_definition_gap_is_at_least_configured_gap[Bold definition-bold] PASSED [ 52%]
tests/test_linear_definition_alignment.py::test_linear_definition_gap_svg_converts_with_cairosvg PASSED [ 52%]
tests/test_linear_duplicate_record_ids.py::test_duplicate_record_id_label_precalculation_is_index_aligned_for_reverse_copy PASSED [ 52%]
tests/test_linear_duplicate_record_ids.py::test_duplicate_record_id_linear_svg_ids_are_instance_safe PASSED [ 52%]
tests/test_linear_duplicate_record_ids.py::test_duplicate_rendered_feature_payload_entries_do_not_collapse PASSED [ 52%]
tests/test_linear_duplicate_record_ids.py::test_orthogroup_label_sets_keep_duplicate_ids_separate_by_record_index PASSED [ 52%]
tests/test_linear_feature_paths.py::test_legacy_arrow_path_text_is_unchanged[positive-M 80.0,0.0 L 200.0,0.0 L 240.0,10.0 L 200.0,20.0 L 80.0,20.0 z] PASSED [ 52%]
tests/test_linear_feature_paths.py::test_legacy_arrow_path_text_is_unchanged[negative-M 240.0,0.0 L 120.0,0.0 L 80.0,10.0 L 120.0,20.0 L 240.0,20.0 z] PASSED [ 52%]
tests/test_linear_feature_paths.py::test_narrow_arrow_auto_head_grows_and_has_seven_mirrored_vertices[positive-expected0] PASSED [ 52%]
tests/test_linear_feature_paths.py::test_narrow_arrow_auto_head_grows_and_has_seven_mirrored_vertices[negative-expected1] PASSED [ 52%]
tests/test_linear_feature_paths.py::test_arrow_shaft_width_ratios[0.25-expected_bounds0] PASSED [ 52%]
tests/test_linear_feature_paths.py::test_arrow_shaft_width_ratios[0.5-expected_bounds1] PASSED [ 52%]
tests/test_linear_feature_paths.py::test_full_width_ratio_uses_exact_legacy_arrow_path PASSED [ 52%]
tests/test_linear_feature_paths.py::test_numeric_head_ratio_is_resolved_after_record_normalization[0.5] PASSED [ 52%]
tests/test_linear_feature_paths.py::test_numeric_head_ratio_is_resolved_after_record_normalization[1.0] PASSED [ 52%]
tests/test_linear_feature_paths.py::test_numeric_head_ratio_is_resolved_after_record_normalization[1.75] PASSED [ 52%]
tests/test_linear_feature_paths.py::test_short_and_equality_boundaries_are_shaft_width_specific[40-3-3] PASSED [ 52%]
tests/test_linear_feature_paths.py::test_short_and_equality_boundaries_are_shaft_width_specific[50-5-3] PASSED [ 52%]
tests/test_linear_feature_paths.py::test_short_and_equality_boundaries_are_shaft_width_specific[100-5-7] PASSED [ 52%]
tests/test_linear_feature_paths.py::test_multipart_narrow_arrow_uses_lane_center_and_reduced_width_shafts[positive-2] PASSED [ 52%]
tests/test_linear_feature_paths.py::test_multipart_narrow_arrow_uses_lane_center_and_reduced_width_shafts[negative--2] PASSED [ 52%]
tests/test_linear_feature_paths.py::test_undefined_strand_narrow_arrow_falls_back_to_full_width_rectangle PASSED [ 52%]
tests/test_linear_label_placement.py::test_unrotated_label_bounds_skip_rotated_corner_geometry[start-expected0] PASSED [ 52%]
tests/test_linear_label_placement.py::test_unrotated_label_bounds_skip_rotated_corner_geometry[middle-expected1] PASSED [ 52%]
tests/test_linear_label_placement.py::test_unrotated_label_bounds_skip_rotated_corner_geometry[end-expected2] PASSED [ 52%]
tests/test_linear_label_placement.py::test_rotated_label_bounds_retain_oriented_geometry PASSED [ 52%]
tests/test_linear_label_placement.py::test_orthogroup_label_eligibility_tracks_members_and_top_record PASSED [ 52%]
tests/test_linear_label_placement.py::test_linear_orthogroup_top_labels_suppress_only_lower_orthogroup_members PASSED [ 52%]
tests/test_linear_label_placement.py::test_linear_auto_label_font_size_resolves_once_per_diagram PASSED [ 53%]
tests/test_linear_label_placement.py::test_linear_above_feature_placement_embeds_all_labels PASSED [ 53%]
tests/test_linear_label_placement.py::test_linear_auto_ignores_label_rotation PASSED [ 53%]
tests/test_linear_label_placement.py::test_linear_above_feature_anchor_is_feature_midpoint PASSED [ 53%]
tests/test_linear_label_placement.py::test_linear_above_feature_negative_strand_is_below_and_rotates_opposite PASSED [ 53%]
tests/test_linear_label_placement.py::test_linear_label_drawer_applies_rotation_transform PASSED [ 53%]
tests/test_linear_label_placement.py::test_linear_above_feature_rotated_labels_do_not_overlap PASSED [ 53%]
tests/test_linear_label_placement.py::test_linear_above_feature_bgc0000708_gene_labels_do_not_overlap PASSED [ 53%]
tests/test_linear_label_placement.py::test_linear_above_feature_bgc_multi_record_gene_labels_compact_without_overlap PASSED [ 53%]
tests/test_linear_label_placement.py::test_linear_above_feature_shifted_labels_get_leader_lines PASSED [ 53%]
tests/test_linear_label_placement.py::test_linear_precalc_includes_above_feature_rotated_embedded_labels PASSED [ 53%]
tests/test_linear_label_placement.py::test_linear_canvas_alignment_width_starts_at_figure_width PASSED [ 53%]
tests/test_linear_label_placement.py::test_linear_precalculated_labels_match_final_alignment_width_positions PASSED [ 53%]
tests/test_linear_label_placement.py::test_linear_auto_labels_in_below_layout_are_placed_below_features PASSED [ 53%]
tests/test_linear_label_placement.py::test_label_spacing_config_defaults_and_overrides PASSED [ 53%]
tests/test_linear_label_placement.py::test_linear_external_label_spacing_override_increases_track_gap PASSED [ 53%]
tests/test_linear_label_placement.py::test_linear_external_label_track_index_matches_legacy_scan PASSED [ 53%]
tests/test_linear_label_placement.py::test_linear_above_feature_spacing_override_does_not_move_embedded_labels PASSED [ 53%]
tests/test_linear_multi_record_comparisons.py::test_topology_validation_accepts_selected_adjacent_row_pairs PASSED [ 53%]
tests/test_linear_multi_record_comparisons.py::test_topology_validation_rejects_same_or_non_adjacent_rows[edge0] PASSED [ 53%]
tests/test_linear_multi_record_comparisons.py::test_topology_validation_rejects_same_or_non_adjacent_rows[edge1] PASSED [ 53%]
tests/test_linear_multi_record_comparisons.py::test_multiple_sources_for_one_pair_are_merged PASSED [ 53%]
tests/test_linear_multi_record_comparisons.py::test_explicit_comparison_metadata_uses_selected_endpoints PASSED [ 53%]
tests/test_linear_multi_record_comparisons.py::test_comparison_ribbons_keep_four_pixel_clearance_from_painted_occupancy PASSED [ 53%]
tests/test_linear_multi_record_comparisons.py::test_comparison_endpoints_follow_gene_tracks_with_labels[none-18-45-60-False-curve-False] PASSED [ 53%]
tests/test_linear_multi_record_comparisons.py::test_comparison_endpoints_follow_gene_tracks_with_labels[none-18-45-60-False-curve-True] PASSED [ 53%]
tests/test_linear_multi_record_comparisons.py::test_comparison_endpoints_follow_gene_tracks_with_labels[first-18-45-60-False-curve-False] PASSED [ 53%]
tests/test_linear_multi_record_comparisons.py::test_comparison_endpoints_follow_gene_tracks_with_labels[first-18-45-60-False-curve-True] PASSED [ 53%]
tests/test_linear_multi_record_comparisons.py::test_comparison_endpoints_follow_gene_tracks_with_labels[all-18-45-60-False-curve-False] PASSED [ 53%]
tests/test_linear_multi_record_comparisons.py::test_comparison_endpoints_follow_gene_tracks_with_labels[all-18-45-60-False-curve-True] PASSED [ 53%]
tests/test_linear_multi_record_comparisons.py::test_comparison_endpoints_follow_gene_tracks_with_labels[all-28-70-180-False-ribbon-False] PASSED [ 53%]
tests/test_linear_multi_record_comparisons.py::test_comparison_endpoints_follow_gene_tracks_with_labels[all-28-70-180-False-ribbon-True] PASSED [ 53%]
tests/test_linear_multi_record_comparisons.py::test_comparison_endpoints_follow_gene_tracks_with_labels[all-12-0-100-True-curve-False] PASSED [ 53%]
tests/test_linear_multi_record_comparisons.py::test_comparison_endpoints_follow_gene_tracks_with_labels[all-12-0-100-True-curve-True] PASSED [ 53%]
tests/test_linear_multi_record_comparisons.py::test_comparison_endpoints_follow_gene_tracks_with_labels[all-18-45-60-True-ribbon-False] PASSED [ 53%]
tests/test_linear_multi_record_comparisons.py::test_comparison_endpoints_follow_gene_tracks_with_labels[all-18-45-60-True-ribbon-True] PASSED [ 53%]
tests/test_linear_multi_record_comparisons.py::test_reversed_explicit_endpoints_work_with_legacy_one_record_rows PASSED [ 53%]
tests/test_linear_multi_record_comparisons.py::test_selected_generated_protein_pairs_keep_explicit_endpoints PASSED [ 53%]
tests/test_linear_multi_record_comparisons.py::test_collinear_all_scope_renders_every_cross_row_pair PASSED [ 53%]
tests/test_linear_multi_record_comparisons.py::test_resolved_collinearity_result_keeps_multi_row_endpoints PASSED [ 53%]
tests/test_linear_multi_record_comparisons.py::test_comparisons_table_resolves_relative_blast_path PASSED [ 53%]
tests/test_linear_multi_record_comparisons.py::test_current_schema_preserves_record_keys_layout_and_explicit_endpoints PASSED [ 53%]
tests/test_linear_multi_record_comparisons.py::test_adjacent_indices_keep_explicit_endpoints_in_multi_record_rows[nucleotideBlast] PASSED [ 53%]
tests/test_linear_multi_record_comparisons.py::test_adjacent_indices_keep_explicit_endpoints_in_multi_record_rows[precomputedProteinComparison] PASSED [ 54%]
tests/test_linear_multi_record_layout.py::test_shared_scale_and_fixed_gap_for_two_by_two_layout PASSED [ 54%]
tests/test_linear_multi_record_layout.py::test_non_contiguous_rows_and_token_column_order_are_normalized PASSED [ 54%]
tests/test_linear_multi_record_layout.py::test_shared_record_position_grammar_preserves_mode_compatibility PASSED [ 54%]
tests/test_linear_multi_record_layout.py::test_linear_record_selector_error_text_is_preserved PASSED [ 54%]
tests/test_linear_multi_record_layout.py::test_adjacent_row_pairs_exclude_same_row_records PASSED [ 54%]
tests/test_linear_multi_record_layout.py::test_layout_rejects_gap_that_consumes_available_width PASSED [ 54%]
tests/test_linear_multi_record_layout.py::test_comparison_anchor_can_overlay_x_disjoint_record_header PASSED [ 54%]
tests/test_linear_multi_record_layout.py::test_multi_record_solver_reserves_comparison_only_on_active_boundary PASSED [ 54%]
tests/test_linear_multi_record_layout.py::test_single_record_rows_publish_boundary_constraints_and_fit_canvas PASSED [ 54%]
tests/test_linear_multi_record_layout.py::test_multi_record_local_header_clears_previous_row_body PASSED [ 54%]
tests/test_linear_multi_record_layout.py::test_comparison_extent_cannot_escape_reserved_record_extent PASSED [ 54%]
tests/test_linear_multi_record_layout.py::test_api_renders_record_local_widths_and_grid_metadata PASSED [ 54%]
tests/test_linear_multi_record_layout.py::test_bottom_legend_follows_last_resolved_row PASSED [ 54%]
tests/test_linear_multi_record_layout.py::test_multi_record_above_layout_separates_row_definitions_and_record_labels[False] PASSED [ 54%]
tests/test_linear_multi_record_layout.py::test_multi_record_above_layout_separates_row_definitions_and_record_labels[True] PASSED [ 54%]
tests/test_linear_multi_record_layout.py::test_multi_record_layout_rejects_normalize_length PASSED [ 54%]
tests/test_linear_multi_record_layout.py::test_final_width_label_band_recomputes_first_row_axis_y PASSED [ 54%]
tests/test_linear_multi_record_layout.py::test_typed_request_preserves_stable_record_keys_in_svg_metadata PASSED [ 54%]
tests/test_linear_multi_record_layout.py::test_linear_all_source_cards_inherit_rows_and_contiguous_columns PASSED [ 54%]
tests/test_linear_multi_record_layout.py::test_linear_all_source_card_rejects_explicit_column PASSED [ 54%]
tests/test_linear_selectors.py::test_linear_cli_records_table_regions_follow_sorted_rows PASSED [ 54%]
tests/test_linear_selectors.py::test_linear_cli_rejects_qualified_records_table_region_before_rendering PASSED [ 54%]
tests/test_linear_selectors.py::test_linear_record_id_and_label PASSED   [ 54%]
tests/test_linear_selectors.py::test_linear_region_crop_with_record_selector PASSED [ 54%]
tests/test_linear_selectors.py::test_linear_region_crop_with_file_prefix PASSED [ 54%]
tests/test_linear_selectors.py::test_linear_reverse_complement_flag PASSED [ 54%]
tests/test_linear_selectors.py::test_linear_reverse_complement_without_region_keeps_length_label PASSED [ 54%]
tests/test_linear_selectors.py::test_linear_region_ruler_on_axis_uses_absolute_coordinates PASSED [ 54%]
tests/test_linear_selectors.py::test_linear_region_ruler_on_axis_rc_labels_descend_left_to_right PASSED [ 54%]
tests/test_linear_selectors.py::test_linear_region_ruler_on_axis_uses_span_based_units_for_high_coordinates PASSED [ 54%]
tests/test_linear_selectors.py::test_linear_plot_title_drawn_once_and_coexists_with_record_labels PASSED [ 54%]
tests/test_linear_selectors.py::test_linear_plot_title_position_changes_vertical_location PASSED [ 54%]
tests/test_linear_selectors.py::test_linear_record_label_adds_top_line_without_hiding_accession PASSED [ 54%]
tests/test_linear_selectors.py::test_linear_record_subtitle_renders_between_label_and_accession PASSED [ 54%]
tests/test_linear_selectors.py::test_linear_record_subtitle_preserves_mixed_content_italics PASSED [ 54%]
tests/test_linear_selectors.py::test_linear_definition_replicon_hidden_by_default_and_shown_on_request PASSED [ 54%]
tests/test_linear_selectors.py::test_linear_definition_hide_flags_preserve_other_lines_and_region_coordinates[extra_args0-expected_texts0] PASSED [ 54%]
tests/test_linear_selectors.py::test_linear_definition_hide_flags_preserve_other_lines_and_region_coordinates[extra_args1-expected_texts1] PASSED [ 54%]
tests/test_linear_selectors.py::test_linear_definition_group_ids_are_unique_and_multi_line_blocks_do_not_overlap PASSED [ 54%]
tests/test_linear_selectors.py::test_linear_plot_title_font_size_default_and_override PASSED [ 54%]
tests/test_linear_selectors.py::test_linear_plot_title_keeps_plain_text_around_inline_italics PASSED [ 54%]
tests/test_linear_track_layout.py::test_linear_plot_origin_is_independent_of_legend_side PASSED [ 54%]
tests/test_linear_track_layout.py::test_parse_linear_track_layout_accepts_only_canonical_values PASSED [ 54%]
tests/test_linear_track_layout.py::test_linear_cli_rejects_removed_layout_values[option_args0] PASSED [ 55%]
tests/test_linear_track_layout.py::test_linear_cli_rejects_removed_layout_values[option_args1] PASSED [ 55%]
tests/test_linear_track_layout.py::test_linear_cli_rejects_removed_layout_values[option_args2] PASSED [ 55%]
tests/test_linear_track_layout.py::test_fresh_linear_config_rejects_removed_layout_values[spreadout] PASSED [ 55%]
tests/test_linear_track_layout.py::test_fresh_linear_config_rejects_removed_layout_values[tuckin] PASSED [ 55%]
tests/test_linear_track_layout.py::test_parse_linear_track_axis_gap PASSED [ 55%]
tests/test_linear_track_layout.py::test_linear_arrow_length_keeps_legacy_default_for_long_non_stranded PASSED [ 55%]
tests/test_linear_track_layout.py::test_linear_arrow_length_scales_with_feature_height_override_for_long_records PASSED [ 55%]
tests/test_linear_track_layout.py::test_linear_arrow_length_is_independent_of_strandedness_for_long_records PASSED [ 55%]
tests/test_linear_track_layout.py::test_linear_arrow_length_with_feature_height_override_is_independent_of_strandedness PASSED [ 55%]
tests/test_linear_track_layout.py::test_linear_layout_factors_non_stranded_above_below PASSED [ 55%]
tests/test_linear_track_layout.py::test_linear_middle_layout_separate_strands_is_axis_symmetric PASSED [ 55%]
tests/test_linear_track_layout.py::test_linear_layout_axis_gap_factor_increases_distance_from_axis PASSED [ 55%]
tests/test_linear_track_layout.py::test_linear_layout_factors_separate_strands_above_below_keep_order PASSED [ 55%]
tests/test_linear_track_layout.py::test_linear_below_displaced_positive_tracks_align_with_matching_negative_tracks[1] PASSED [ 55%]
tests/test_linear_track_layout.py::test_linear_below_displaced_positive_tracks_align_with_matching_negative_tracks[2] PASSED [ 55%]
tests/test_linear_track_layout.py::test_linear_below_displaced_positive_tracks_align_with_matching_negative_tracks[3] PASSED [ 55%]
tests/test_linear_track_layout.py::test_linear_below_displaced_positive_tracks_align_with_matching_negative_tracks[4] PASSED [ 55%]
tests/test_linear_track_layout.py::test_linear_above_positive_tracks_align_with_negative_tracks_offset_by_two[0] PASSED [ 55%]
tests/test_linear_track_layout.py::test_linear_above_positive_tracks_align_with_negative_tracks_offset_by_two[1] PASSED [ 55%]
tests/test_linear_track_layout.py::test_linear_above_positive_tracks_align_with_negative_tracks_offset_by_two[2] PASSED [ 55%]
tests/test_linear_track_layout.py::test_linear_above_positive_tracks_align_with_negative_tracks_offset_by_two[3] PASSED [ 55%]
tests/test_linear_track_layout.py::test_linear_above_displaced_positive_tracks_move_outward_from_axis PASSED [ 55%]
tests/test_linear_track_layout.py::test_linear_track_layout_cli_generates_svg[above] PASSED [ 55%]
tests/test_linear_track_layout.py::test_linear_track_layout_cli_generates_svg[below] PASSED [ 55%]
tests/test_linear_track_layout.py::test_linear_pairwise_hits_use_record_exclusion_edges[above] PASSED [ 55%]
tests/test_linear_track_layout.py::test_linear_pairwise_hits_use_record_exclusion_edges[below] PASSED [ 55%]
tests/test_linear_track_layout.py::test_linear_pairwise_keeps_four_pixel_gap_after_percent_gc_skew_stack PASSED [ 55%]
tests/test_linear_track_layout.py::test_linear_track_layout_with_separate_and_resolve_overlaps[above] PASSED [ 55%]
tests/test_linear_track_layout.py::test_linear_track_layout_with_separate_and_resolve_overlaps[below] PASSED [ 55%]
tests/test_linear_track_layout.py::test_linear_middle_layout_keeps_feature_top_inside_canvas_with_resolve_overlaps PASSED [ 55%]
tests/test_linear_track_layout.py::test_linear_middle_resolved_feature_lanes_do_not_overlap_gc_or_skew PASSED [ 55%]
tests/test_linear_track_layout.py::test_linear_custom_overlay_features_do_not_overlap_depth PASSED [ 55%]
tests/test_linear_track_layout.py::test_linear_assembly_resolves_feature_lane_once_for_labels_and_renderer PASSED [ 55%]
tests/test_linear_track_layout.py::test_linear_above_layout_keeps_feature_top_inside_canvas_with_resolve_overlaps PASSED [ 55%]
tests/test_linear_track_layout.py::test_linear_layout_keeps_features_inside_canvas_when_resolve_overlaps_enabled[above] PASSED [ 55%]
tests/test_linear_track_layout.py::test_linear_layout_keeps_features_inside_canvas_when_resolve_overlaps_enabled[middle] PASSED [ 55%]
tests/test_linear_track_layout.py::test_linear_above_separate_strands_keeps_features_inside_canvas[False] PASSED [ 55%]
tests/test_linear_track_layout.py::test_linear_above_separate_strands_keeps_features_inside_canvas[True] PASSED [ 55%]
tests/test_linear_track_layout.py::test_linear_above_non_stranded_keeps_features_inside_canvas[False-bar-axis_args0] PASSED [ 55%]
tests/test_linear_track_layout.py::test_linear_above_non_stranded_keeps_features_inside_canvas[False-ruler-axis_args1] PASSED [ 55%]
tests/test_linear_track_layout.py::test_linear_above_non_stranded_keeps_features_inside_canvas[True-bar-axis_args0] PASSED [ 55%]
tests/test_linear_track_layout.py::test_linear_above_non_stranded_keeps_features_inside_canvas[True-ruler-axis_args1] PASSED [ 55%]
tests/test_linear_track_layout.py::test_linear_middle_rotated_labels_keep_bottom_legend_below_label_extent PASSED [ 56%]
tests/test_linear_track_layout.py::test_linear_middle_rotated_labels_fit_viewbox_without_legend PASSED [ 56%]
tests/test_linear_track_layout.py::test_linear_track_axis_gap_cli_generates_svg PASSED [ 56%]
tests/test_linear_track_layout.py::test_linear_ruler_on_axis_hides_bottom_length_bar[above] PASSED [ 56%]
tests/test_linear_track_layout.py::test_linear_ruler_on_axis_hides_bottom_length_bar[below] PASSED [ 56%]
tests/test_linear_track_layout.py::test_linear_hide_scale_removes_bottom_scale_and_its_canvas_reservation[bar] PASSED [ 56%]
tests/test_linear_track_layout.py::test_linear_hide_scale_removes_bottom_scale_and_its_canvas_reservation[ruler] PASSED [ 56%]
tests/test_linear_track_layout.py::test_linear_hide_scale_ignores_axis_ruler_and_keeps_the_main_axis PASSED [ 56%]
tests/test_linear_track_layout.py::test_linear_hide_scale_suppresses_multi_record_axis_rulers PASSED [ 56%]
tests/test_linear_track_layout.py::test_linear_default_axis_color_stays_legacy_without_ruler_on_axis PASSED [ 56%]
tests/test_linear_track_layout.py::test_linear_ruler_tick_length_is_two_thirds_of_legacy_default PASSED [ 56%]
tests/test_linear_track_layout.py::test_linear_ruler_on_axis_invalid_conditions_keep_legacy_length_bar[extra_args0-True] PASSED [ 56%]
tests/test_linear_track_layout.py::test_linear_ruler_on_axis_invalid_conditions_keep_legacy_length_bar[extra_args1-True] PASSED [ 56%]
tests/test_linear_track_layout.py::test_linear_ruler_on_axis_invalid_conditions_keep_legacy_length_bar[extra_args2-False] PASSED [ 56%]
tests/test_linear_track_layout.py::test_linear_ruler_on_axis_uses_shared_auto_interval_across_records PASSED [ 56%]
tests/test_linear_track_layout.py::test_linear_ruler_on_axis_defaults_tick_and_label_colors_to_axis PASSED [ 56%]
tests/test_linear_track_layout.py::test_linear_ruler_on_axis_defaults_label_font_size_to_long_ruler_value PASSED [ 56%]
tests/test_linear_track_layout.py::test_linear_ruler_bottom_defaults_label_font_size_to_long_ruler_value PASSED [ 56%]
tests/test_linear_track_layout.py::test_linear_bottom_ruler_hides_terminal_tick_when_label_collides_with_previous_tick PASSED [ 56%]
tests/test_linear_track_layout.py::test_linear_bottom_ruler_keeps_terminal_label_when_it_has_room PASSED [ 56%]
tests/test_linear_track_layout.py::test_linear_bottom_ruler_can_extend_beyond_alignment_width PASSED [ 56%]
tests/test_linear_track_layout.py::test_linear_bottom_ruler_uses_shared_legend_and_title_gaps PASSED [ 56%]
tests/test_linear_track_layout.py::test_linear_multi_record_bottom_uses_shared_title_stack_gap PASSED [ 56%]
tests/test_linear_track_layout.py::test_linear_ruler_uses_scale_font_size_when_ruler_size_unset PASSED [ 56%]
tests/test_linear_track_layout.py::test_linear_bar_uses_scale_font_size_for_length_bar_label PASSED [ 56%]
tests/test_linear_track_layout.py::test_linear_ruler_label_options_apply_to_axis_ruler PASSED [ 56%]
tests/test_linear_track_layout.py::test_linear_ruler_label_options_apply_to_bottom_ruler PASSED [ 56%]
tests/test_linear_track_slots.py::test_parse_linear_track_slot_with_layout_fields PASSED [ 56%]
tests/test_linear_track_slots.py::test_normalize_linear_depth_track_index_rejects_non_integer_identity[True] PASSED [ 56%]
tests/test_linear_track_slots.py::test_normalize_linear_depth_track_index_rejects_non_integer_identity[1.9_0] PASSED [ 56%]
tests/test_linear_track_slots.py::test_normalize_linear_depth_track_index_rejects_non_integer_identity[-0.2] PASSED [ 56%]
tests/test_linear_track_slots.py::test_normalize_linear_depth_track_index_rejects_non_integer_identity[1.9_1] PASSED [ 56%]
tests/test_linear_track_slots.py::test_normalize_linear_depth_track_index_rejects_non_integer_identity[not-an-integer] PASSED [ 56%]
tests/test_linear_track_slots.py::test_normalize_linear_depth_track_index_accepts_integer_identity[2_0] PASSED [ 56%]
tests/test_linear_track_slots.py::test_normalize_linear_depth_track_index_accepts_integer_identity[2_1] PASSED [ 56%]
tests/test_linear_track_slots.py::test_normalize_linear_depth_track_index_accepts_integer_identity[track_index2] PASSED [ 56%]
tests/test_linear_track_slots.py::test_linear_resolved_track_retains_spacing_after_px PASSED [ 56%]
tests/test_linear_track_slots.py::test_linear_track_spacing_falls_back_to_zero PASSED [ 56%]
tests/test_linear_track_slots.py::test_linear_track_slot_geometry_metadata_keeps_duplicate_record_instances PASSED [ 56%]
tests/test_linear_track_slots.py::test_linear_record_plans_expand_only_records_with_extra_feature_lanes PASSED [ 56%]
tests/test_linear_track_slots.py::test_default_middle_slots_match_explicit_geometry_and_shared_spacing PASSED [ 56%]
tests/test_linear_track_slots.py::test_parse_linear_track_slot_aliases PASSED [ 56%]
tests/test_linear_track_slots.py::test_parse_linear_track_slot_canonicalizes_skew_color_aliases PASSED [ 56%]
tests/test_linear_track_slots.py::test_linear_track_slots_reject_invalid_inputs PASSED [ 57%]
tests/test_linear_track_slots.py::test_normalize_linear_track_slots_with_axis_derives_sides PASSED [ 57%]
tests/test_linear_track_slots.py::test_normalize_linear_track_slots_with_axis_rejects_explicit_side_conflicts PASSED [ 57%]
tests/test_linear_track_slots.py::test_normalize_linear_track_slots_with_axis_ignores_disabled_side_conflict PASSED [ 57%]
tests/test_linear_track_slots.py::test_normalize_linear_track_slots_with_axis_does_not_normalize_disabled_side PASSED [ 57%]
tests/test_linear_track_slots.py::test_normalize_linear_track_slots_with_axis_keeps_exact_depth_conflict PASSED [ 57%]
tests/test_linear_track_slots.py::test_normalize_linear_track_slots_with_axis_allows_feature_overlay_at_axis PASSED [ 57%]
tests/test_linear_track_slots.py::test_normalize_linear_track_slots_with_axis_rejects_overlay_off_axis PASSED [ 57%]
tests/test_linear_track_slots.py::test_default_and_order_linear_track_slots PASSED [ 57%]
tests/test_linear_track_slots.py::test_resolve_linear_track_layout_clears_depth_above_axis_when_features_are_below PASSED [ 57%]
tests/test_linear_track_slots.py::test_resolve_linear_track_layout_clears_depth_below_axis_when_features_are_above PASSED [ 57%]
tests/test_linear_track_slots.py::test_resolve_linear_spacer_reserves_height_and_spacing_without_painting PASSED [ 57%]
tests/test_linear_track_slots.py::test_resolve_linear_track_layout_does_not_clear_depth_after_same_side_features PASSED [ 57%]
tests/test_linear_track_slots.py::test_resolve_linear_track_layout_clears_numeric_track_below_axis PASSED [ 57%]
tests/test_linear_track_slots.py::test_assemble_linear_custom_slots_places_tracks_above_and_below_axis PASSED [ 57%]
tests/test_linear_track_slots.py::test_assemble_linear_dinucleotide_skew_slot_uses_custom_colors_and_legend PASSED [ 57%]
tests/test_linear_track_slots.py::test_assemble_linear_dinucleotide_skew_slot_rejects_invalid_custom_color PASSED [ 57%]
tests/test_linear_track_slots.py::test_assemble_linear_custom_depth_above_axis_keeps_depth_axis_clear PASSED [ 57%]
tests/test_linear_track_slots.py::test_linear_cli_forwards_track_slots_to_api PASSED [ 57%]
tests/test_linear_vertical_layout.py::test_vertical_band_geometry_operations PASSED [ 57%]
tests/test_linear_vertical_layout.py::test_vertical_band_rejects_invalid_coordinates[1.0--1.0] PASSED [ 57%]
tests/test_linear_vertical_layout.py::test_vertical_band_rejects_invalid_coordinates[nan-1.0] PASSED [ 57%]
tests/test_linear_vertical_layout.py::test_vertical_band_rejects_invalid_coordinates[0.0-inf] PASSED [ 57%]
tests/test_linear_vertical_layout.py::test_union_vertical_bands_uses_explicit_empty_default PASSED [ 57%]
tests/test_linear_vertical_layout.py::test_required_axis_gap_uses_maximum_independent_constraint PASSED [ 57%]
tests/test_linear_vertical_layout.py::test_required_axis_gap_allows_each_domain_to_dominate[current0-following0-43.0] PASSED [ 57%]
tests/test_linear_vertical_layout.py::test_required_axis_gap_allows_each_domain_to_dominate[current1-following1-70.0] PASSED [ 57%]
tests/test_linear_vertical_layout.py::test_required_axis_gap_allows_each_domain_to_dominate[current2-following2-24.0] PASSED [ 57%]
tests/test_linear_vertical_layout.py::test_required_axis_gap_ignores_nonoverlapping_horizontal_domains PASSED [ 57%]
tests/test_linear_vertical_layout.py::test_required_axis_gap_applies_definition_body_policy_when_x_overlaps PASSED [ 57%]
tests/test_linear_vertical_layout.py::test_required_axis_gap_does_not_reserve_comparison_height_on_inactive_boundary PASSED [ 57%]
tests/test_linear_vertical_layout.py::test_required_axis_gap_uses_signed_off_axis_definition_edges PASSED [ 57%]
tests/test_linear_vertical_layout.py::test_required_axis_gap_rejects_comparison_outside_body_reserve PASSED [ 57%]
tests/test_linear_vertical_layout.py::test_measure_middle_separated_feature_lanes_uses_renderer_factors PASSED [ 57%]
tests/test_linear_vertical_layout.py::test_measure_feature_lanes_tracks_selected_side[above--1.0] PASSED [ 57%]
tests/test_linear_vertical_layout.py::test_measure_feature_lanes_tracks_selected_side[below-1.0] PASSED [ 57%]
tests/test_linear_vertical_layout.py::test_record_planner_reserves_middle_feature_band_before_depth PASSED [ 57%]
tests/test_linear_vertical_layout.py::test_side_slot_origin_uses_absolute_preference_and_spacing_once[above--5.0-0.0--40.0--40.0] PASSED [ 57%]
tests/test_linear_vertical_layout.py::test_side_slot_origin_uses_absolute_preference_and_spacing_once[below-5.0-0.0-40.0-40.0] PASSED [ 57%]
tests/test_linear_vertical_layout.py::test_side_slot_origin_uses_absolute_preference_and_spacing_once[above--20.0-3.0--18.0--33.0] PASSED [ 57%]
tests/test_linear_vertical_layout.py::test_side_slot_origin_uses_absolute_preference_and_spacing_once[below-20.0-3.0-18.0-33.0] PASSED [ 57%]
tests/test_linear_vertical_layout.py::test_record_planner_feature_overlay_moves_numeric_only_for_protrusion PASSED [ 57%]
tests/test_linear_vertical_layout.py::test_record_planner_without_features_keeps_numeric_preferred_origin[above] PASSED [ 57%]
tests/test_linear_vertical_layout.py::test_record_planner_without_features_keeps_numeric_preferred_origin[below] PASSED [ 58%]
tests/test_linear_vertical_layout.py::test_record_planner_missing_depth_has_no_paint_or_reserve PASSED [ 58%]
tests/test_linear_vertical_layout.py::test_record_planner_missing_depth_compacts_following_numeric_track PASSED [ 58%]
tests/test_linear_vertical_layout.py::test_record_planner_comparison_band_uses_paint_not_empty_reserve PASSED [ 58%]
tests/test_linear_vertical_layout.py::test_record_planner_packs_same_side_feature_and_depth_in_slot_order PASSED [ 58%]
tests/test_linear_vertical_layout.py::test_record_planner_z_only_changes_paint_order_metadata PASSED [ 58%]
tests/test_linear_vertical_layout.py::test_record_planner_non_overlay_reservations_do_not_intersect[above] PASSED [ 58%]
tests/test_linear_vertical_layout.py::test_record_planner_non_overlay_reservations_do_not_intersect[below] PASSED [ 58%]
tests/test_linear_vertical_layout.py::test_record_planner_spacer_reserves_distance_without_paint PASSED [ 58%]
tests/test_linear_vertical_layout.py::test_record_planner_overlay_expansion_pushes_next_track_outward PASSED [ 58%]
tests/test_losat_legacy_fixture.py::test_real_legacy_losat_fixture_matches_its_historical_oracle PASSED [ 58%]
tests/test_mode_profiles.py::test_mode_profiles_define_the_approved_defaults PASSED [ 58%]
tests/test_mode_profiles.py::test_reviewed_mode_difference_allowlist_is_exhaustive PASSED [ 58%]
tests/test_mode_profiles.py::test_fresh_python_request_and_cli_threshold_defaults_match[circular-root_options0-CircularDiagramRequest-gbdraw.circular] PASSED [ 58%]
tests/test_mode_profiles.py::test_fresh_python_request_and_cli_threshold_defaults_match[linear-root_options1-LinearDiagramRequest-gbdraw.linear] PASSED [ 58%]
tests/test_mode_profiles.py::test_mode_resolution_preserves_explicit_values_and_applies_track_defaults PASSED [ 58%]
tests/test_mode_profiles.py::test_hidden_linear_scale_does_not_apply_ruler_axis_managed_color PASSED [ 58%]
tests/test_mode_profiles.py::test_partial_root_thresholds_resolve_omitted_values_for_the_parent_mode[CircularOptions-expected0] PASSED [ 58%]
tests/test_mode_profiles.py::test_partial_root_thresholds_resolve_omitted_values_for_the_parent_mode[LinearOptions-expected1] PASSED [ 58%]
tests/test_mode_profiles.py::test_none_config_override_is_rejected_for_non_optional_field PASSED [ 58%]
tests/test_mode_profiles.py::test_builders_forward_resolved_mode_profiles PASSED [ 58%]
tests/test_mode_profiles.py::test_paired_default_renders_apply_mode_track_and_axis_profiles PASSED [ 58%]
tests/test_mode_profiles.py::test_threshold_models_reject_invalid_public_domains[kwargs0] PASSED [ 58%]
tests/test_mode_profiles.py::test_threshold_models_reject_invalid_public_domains[kwargs1] PASSED [ 58%]
tests/test_mode_profiles.py::test_threshold_models_reject_invalid_public_domains[kwargs2] PASSED [ 58%]
tests/test_mode_profiles.py::test_threshold_models_reject_invalid_public_domains[kwargs3] PASSED [ 58%]
tests/test_mode_profiles.py::test_threshold_models_reject_invalid_public_domains[kwargs4] PASSED [ 58%]
tests/test_mode_profiles.py::test_threshold_models_reject_invalid_public_domains[kwargs5] PASSED [ 58%]
tests/test_mode_profiles.py::test_threshold_models_reject_invalid_public_domains[kwargs6] PASSED [ 58%]
tests/test_mode_profiles.py::test_threshold_models_reject_invalid_public_domains[kwargs7] PASSED [ 58%]
tests/test_mode_profiles.py::test_threshold_models_reject_invalid_public_domains[kwargs8] PASSED [ 58%]
tests/test_mode_profiles.py::test_threshold_models_reject_invalid_public_domains[kwargs9] PASSED [ 58%]
tests/test_mode_profiles.py::test_threshold_models_reject_invalid_public_domains[kwargs10] PASSED [ 58%]
tests/test_mode_profiles.py::test_threshold_models_reject_invalid_public_domains[kwargs11] PASSED [ 58%]
tests/test_mode_profiles.py::test_threshold_models_reject_invalid_public_domains[kwargs12] PASSED [ 58%]
tests/test_mode_profiles.py::test_threshold_models_reject_invalid_public_domains[kwargs13] PASSED [ 58%]
tests/test_mode_profiles.py::test_threshold_models_reject_invalid_public_domains[kwargs14] PASSED [ 58%]
tests/test_mode_profiles.py::test_threshold_models_reject_invalid_public_domains[kwargs15] PASSED [ 58%]
tests/test_mode_profiles.py::test_threshold_overflow_is_normalized_to_validation_error PASSED [ 58%]
tests/test_mode_profiles.py::test_diagram_options_reject_invalid_nested_structure[<lambda>0] PASSED [ 58%]
tests/test_mode_profiles.py::test_diagram_options_reject_invalid_nested_structure[<lambda>1] PASSED [ 58%]
tests/test_mode_profiles.py::test_diagram_options_reject_invalid_nested_structure[<lambda>2] PASSED [ 58%]
tests/test_mode_profiles.py::test_diagram_options_reject_invalid_nested_structure[<lambda>3] PASSED [ 58%]
tests/test_mode_profiles.py::test_diagram_options_reject_invalid_nested_structure[<lambda>4] PASSED [ 59%]
tests/test_mode_profiles.py::test_diagram_options_reject_invalid_nested_structure[<lambda>5] PASSED [ 59%]
tests/test_mode_profiles.py::test_diagram_options_reject_invalid_nested_structure[<lambda>6] PASSED [ 59%]
tests/test_mode_profiles.py::test_diagram_options_reject_invalid_nested_structure[<lambda>7] PASSED [ 59%]
tests/test_mode_profiles.py::test_identity_100_is_valid_at_every_fresh_entry[circular] PASSED [ 59%]
tests/test_mode_profiles.py::test_identity_100_is_valid_at_every_fresh_entry[linear] PASSED [ 59%]
tests/test_mode_profiles.py::test_cli_threshold_domain_errors_are_argparse_errors[gbdraw.circular-evalue--1] PASSED [ 59%]
tests/test_mode_profiles.py::test_cli_threshold_domain_errors_are_argparse_errors[gbdraw.circular-evalue-nan] PASSED [ 59%]
tests/test_mode_profiles.py::test_cli_threshold_domain_errors_are_argparse_errors[gbdraw.circular-bitscore--1] PASSED [ 59%]
tests/test_mode_profiles.py::test_cli_threshold_domain_errors_are_argparse_errors[gbdraw.circular-bitscore-inf] PASSED [ 59%]
tests/test_mode_profiles.py::test_cli_threshold_domain_errors_are_argparse_errors[gbdraw.circular-identity--1] PASSED [ 59%]
tests/test_mode_profiles.py::test_cli_threshold_domain_errors_are_argparse_errors[gbdraw.circular-identity-101] PASSED [ 59%]
tests/test_mode_profiles.py::test_cli_threshold_domain_errors_are_argparse_errors[gbdraw.circular-alignment_length--1] PASSED [ 59%]
tests/test_mode_profiles.py::test_cli_threshold_domain_errors_are_argparse_errors[gbdraw.linear-evalue--1] PASSED [ 59%]
tests/test_mode_profiles.py::test_cli_threshold_domain_errors_are_argparse_errors[gbdraw.linear-evalue-nan] PASSED [ 59%]
tests/test_mode_profiles.py::test_cli_threshold_domain_errors_are_argparse_errors[gbdraw.linear-bitscore--1] PASSED [ 59%]
tests/test_mode_profiles.py::test_cli_threshold_domain_errors_are_argparse_errors[gbdraw.linear-bitscore-inf] PASSED [ 59%]
tests/test_mode_profiles.py::test_cli_threshold_domain_errors_are_argparse_errors[gbdraw.linear-identity--1] PASSED [ 59%]
tests/test_mode_profiles.py::test_cli_threshold_domain_errors_are_argparse_errors[gbdraw.linear-identity-101] PASSED [ 59%]
tests/test_mode_profiles.py::test_cli_threshold_domain_errors_are_argparse_errors[gbdraw.linear-alignment_length--1] PASSED [ 59%]
tests/test_mode_profiles.py::test_wrong_mode_nested_values_fail_during_construction PASSED [ 59%]
tests/test_mode_profiles.py::test_root_facade_rejects_wrong_mode_layout_objects PASSED [ 59%]
tests/test_mode_profiles.py::test_cli_track_defaults_are_sourced_from_mode_profiles PASSED [ 59%]
tests/test_mode_profiles.py::test_cli_gc_and_skew_use_symmetric_boolean_pairs[gbdraw.circular-profile0] PASSED [ 59%]
tests/test_mode_profiles.py::test_cli_gc_and_skew_use_symmetric_boolean_pairs[gbdraw.linear-profile1] PASSED [ 59%]
tests/test_mode_profiles.py::test_fresh_cli_rejects_removed_track_flags[gbdraw.circular-legacy_args0] PASSED [ 59%]
tests/test_mode_profiles.py::test_fresh_cli_rejects_removed_track_flags[gbdraw.circular-legacy_args1] PASSED [ 59%]
tests/test_mode_profiles.py::test_fresh_cli_rejects_removed_track_flags[gbdraw.circular-legacy_args2] PASSED [ 59%]
tests/test_mode_profiles.py::test_fresh_cli_rejects_removed_track_flags[gbdraw.circular-legacy_args3] PASSED [ 59%]
tests/test_mode_profiles.py::test_fresh_cli_rejects_removed_track_flags[gbdraw.linear-legacy_args4] PASSED [ 59%]
tests/test_mode_profiles.py::test_fresh_cli_rejects_removed_track_flags[gbdraw.linear-legacy_args5] PASSED [ 59%]
tests/test_mode_profiles.py::test_fresh_cli_rejects_removed_track_flags[gbdraw.linear-legacy_args6] PASSED [ 59%]
tests/test_mode_profiles.py::test_fresh_cli_rejects_removed_track_flags[gbdraw.linear-legacy_args7] PASSED [ 59%]
tests/test_mode_profiles.py::test_root_layouts_validate_eagerly[<lambda>0] PASSED [ 59%]
tests/test_mode_profiles.py::test_root_layouts_validate_eagerly[<lambda>1] PASSED [ 59%]
tests/test_mode_profiles.py::test_root_layouts_validate_eagerly[<lambda>2] PASSED [ 59%]
tests/test_mode_profiles.py::test_root_layouts_validate_eagerly[<lambda>3] PASSED [ 59%]
tests/test_mode_profiles.py::test_root_layouts_validate_eagerly[<lambda>4] PASSED [ 59%]
tests/test_mode_profiles.py::test_root_layouts_validate_eagerly[<lambda>5] PASSED [ 59%]
tests/test_mode_profiles.py::test_root_layouts_validate_eagerly[<lambda>6] PASSED [ 59%]
tests/test_mode_profiles.py::test_root_layouts_validate_eagerly[<lambda>7] PASSED [ 59%]
tests/test_mode_profiles.py::test_root_layouts_validate_eagerly[<lambda>8] PASSED [ 59%]
tests/test_mode_profiles.py::test_root_layouts_validate_eagerly[<lambda>9] PASSED [ 59%]
tests/test_onboarding_recipe_contracts.py::test_onboarding_pages_match_their_approved_manifest_entries PASSED [ 60%]
tests/test_onboarding_recipe_contracts.py::test_tutorials_omit_replay_verification_and_summary_sections PASSED [ 60%]
tests/test_onboarding_recipe_contracts.py::test_each_documented_recipe_has_one_marked_owner PASSED [ 60%]
tests/test_onboarding_recipe_contracts.py::test_recipe_runners_extract_the_literal_documented_blocks PASSED [ 60%]
tests/test_onboarding_recipe_contracts.py::test_onboarding_recipes_regenerate_from_an_external_clean_context PASSED [ 60%]
tests/test_ortholog_path_contract.py::test_named_dag_metadata_equivalence PASSED [ 60%]
tests/test_ortholog_path_contract.py::test_all_1024_small_dags_match_every_metadata_field PASSED [ 60%]
tests/test_ortholog_path_contract.py::test_seeded_dags_with_parallel_edges_and_coordinate_ties PASSED [ 60%]
tests/test_ortholog_path_contract.py::test_reachable_inference_graphs_and_nonmonotonic_record_order PASSED [ 60%]
tests/test_ortholog_path_contract.py::test_seeded_reachable_directional_evidence PASSED [ 60%]
tests/test_ortholog_path_contract.py::test_s01_full_selector_paths_and_archived_oracle[8] PASSED [ 60%]
tests/test_ortholog_path_contract.py::test_s01_full_selector_paths_and_archived_oracle[12] PASSED [ 60%]
tests/test_ortholog_path_contract.py::test_s01_full_selector_paths_and_archived_oracle[16] PASSED [ 60%]
tests/test_ortholog_path_contract.py::test_large_compact_count_rank_shared_without_legacy_enumeration[24-False] PASSED [ 60%]
tests/test_ortholog_path_contract.py::test_large_compact_count_rank_shared_without_legacy_enumeration[32-False] PASSED [ 60%]
tests/test_ortholog_path_contract.py::test_large_compact_count_rank_shared_without_legacy_enumeration[56-False] PASSED [ 60%]
tests/test_ortholog_path_contract.py::test_large_compact_count_rank_shared_without_legacy_enumeration[56-True] PASSED [ 60%]
tests/test_ortholog_path_contract.py::test_cycle_observations_do_not_become_a_dag_fallback PASSED [ 60%]
tests/test_ortholog_path_contract.py::test_legacy_typed_tuple_accepts_explicit_cyclic_noncanonical_corpus PASSED [ 60%]
tests/test_ortholog_path_contract.py::test_explicit_access_errors PASSED [ 60%]
tests/test_ortholog_path_contract.py::test_javascript_decimal_transport PASSED [ 60%]
tests/test_ortholog_path_contract.py::test_existing_catalog_and_popup_accept_exact_decimal_strings PASSED [ 60%]
tests/test_output_comparison.py::TestGenerateReferences::test_generate_reference[circular_basic-config0] SKIPPED [ 60%]
tests/test_output_comparison.py::TestGenerateReferences::test_generate_reference[circular_with_labels-config1] SKIPPED [ 60%]
tests/test_output_comparison.py::TestGenerateReferences::test_generate_reference[circular_radial_labels-config2] SKIPPED [ 60%]
tests/test_output_comparison.py::TestGenerateReferences::test_generate_reference[circular_tuckin-config3] SKIPPED [ 60%]
tests/test_output_comparison.py::TestGenerateReferences::test_generate_reference[circular_middle-config4] SKIPPED [ 60%]
tests/test_output_comparison.py::TestGenerateReferences::test_generate_reference[circular_spreadout-config5] SKIPPED [ 60%]
tests/test_output_comparison.py::TestGenerateReferences::test_generate_reference[circular_no_gc-config6] SKIPPED [ 60%]
tests/test_output_comparison.py::TestGenerateReferences::test_generate_reference[circular_no_skew-config7] SKIPPED [ 60%]
tests/test_output_comparison.py::TestGenerateReferences::test_generate_reference[circular_no_gc_skew-config8] SKIPPED [ 60%]
tests/test_output_comparison.py::TestGenerateReferences::test_generate_reference[circular_hepatoplasma_repeat_underlay-config9] SKIPPED [ 60%]
tests/test_output_comparison.py::TestGenerateReferences::test_generate_reference[linear_basic-config10] SKIPPED [ 60%]
tests/test_output_comparison.py::TestGenerateReferences::test_generate_reference[linear_with_gc_skew-config11] SKIPPED [ 60%]
tests/test_output_comparison.py::TestGenerateReferences::test_generate_reference[linear_separate_strands-config12] SKIPPED [ 60%]
tests/test_output_comparison.py::TestGenerateReferences::test_generate_reference[linear_multi_genome-config13] SKIPPED [ 60%]
tests/test_output_comparison.py::TestGenerateReferences::test_generate_reference[linear_with_blast-config14] SKIPPED [ 60%]
tests/test_output_comparison.py::TestGenerateReferences::test_generate_reference[linear_hepatoplasma_repeat_underlay-config15] SKIPPED [ 60%]
tests/test_output_comparison.py::TestOutputComparison::test_compare_output[circular_basic-config0] PASSED [ 60%]
tests/test_output_comparison.py::TestOutputComparison::test_compare_output[circular_with_labels-config1] PASSED [ 60%]
tests/test_output_comparison.py::TestOutputComparison::test_compare_output[circular_radial_labels-config2] PASSED [ 60%]
tests/test_output_comparison.py::TestOutputComparison::test_compare_output[circular_tuckin-config3] PASSED [ 60%]
tests/test_output_comparison.py::TestOutputComparison::test_compare_output[circular_middle-config4] PASSED [ 60%]
tests/test_output_comparison.py::TestOutputComparison::test_compare_output[circular_spreadout-config5] PASSED [ 61%]
tests/test_output_comparison.py::TestOutputComparison::test_compare_output[circular_no_gc-config6] PASSED [ 61%]
tests/test_output_comparison.py::TestOutputComparison::test_compare_output[circular_no_skew-config7] PASSED [ 61%]
tests/test_output_comparison.py::TestOutputComparison::test_compare_output[circular_no_gc_skew-config8] PASSED [ 61%]
tests/test_output_comparison.py::TestOutputComparison::test_compare_output[circular_hepatoplasma_repeat_underlay-config9] PASSED [ 61%]
tests/test_output_comparison.py::TestOutputComparison::test_compare_output[linear_basic-config10] PASSED [ 61%]
tests/test_output_comparison.py::TestOutputComparison::test_compare_output[linear_with_gc_skew-config11] PASSED [ 61%]
tests/test_output_comparison.py::TestOutputComparison::test_compare_output[linear_separate_strands-config12] PASSED [ 61%]
tests/test_output_comparison.py::TestOutputComparison::test_compare_output[linear_multi_genome-config13] PASSED [ 61%]
tests/test_output_comparison.py::TestOutputComparison::test_compare_output[linear_with_blast-config14] PASSED [ 61%]
tests/test_output_comparison.py::TestOutputComparison::test_compare_output[linear_hepatoplasma_repeat_underlay-config15] PASSED [ 61%]
tests/test_output_comparison.py::TestQuickValidation::test_circular_produces_svg PASSED [ 61%]
tests/test_output_comparison.py::TestQuickValidation::test_linear_produces_svg PASSED [ 61%]
tests/test_output_comparison.py::test_svg_comparison_does_not_change_later_serialization PASSED [ 61%]
tests/test_pairwise_match_popup.py::test_collinearity_popup_uses_display_ids_and_hides_internal_rows PASSED [ 61%]
tests/test_palette_explorer_packaging.py::test_palette_explorer_entrypoint_is_tracked PASSED [ 61%]
tests/test_performance_short_circuits.py::test_linear_shared_gc_dataframe_is_computed_once_per_record PASSED [ 61%]
tests/test_performance_short_circuits.py::test_circular_no_labels_skips_label_text_lookup PASSED [ 61%]
tests/test_performance_short_circuits.py::test_linear_no_labels_skips_label_text_lookup PASSED [ 61%]
tests/test_performance_short_circuits.py::test_linear_feature_layers_are_built_once_per_record PASSED [ 61%]
tests/test_performance_short_circuits.py::test_circular_legend_none_skips_legend_preparation PASSED [ 61%]
tests/test_performance_short_circuits.py::test_linear_legend_none_skips_legend_preparation PASSED [ 61%]
tests/test_performance_short_circuits.py::test_save_figure_to_svg_only_skips_cairosvg_lookup PASSED [ 61%]
tests/test_performance_short_circuits.py::test_handle_output_formats_svg_only_skips_cairosvg_lookup PASSED [ 61%]
tests/test_prepared_feature_rendering.py::test_feature_render_boundaries_require_prepared_layers[SeqRecordGroup0] PASSED [ 61%]
tests/test_prepared_feature_rendering.py::test_feature_render_boundaries_require_prepared_layers[LabelsGroup] PASSED [ 61%]
tests/test_prepared_feature_rendering.py::test_feature_render_boundaries_require_prepared_layers[SeqRecordGroup1] PASSED [ 61%]
tests/test_prepared_feature_rendering.py::test_feature_render_boundaries_require_prepared_layers[add_record_group_on_canvas] PASSED [ 61%]
tests/test_prepared_feature_rendering.py::test_feature_render_boundaries_require_prepared_layers[add_labels_group_on_canvas] PASSED [ 61%]
tests/test_prepared_feature_rendering.py::test_feature_render_boundaries_require_prepared_layers[add_record_group] PASSED [ 61%]
tests/test_prepared_feature_rendering.py::test_render_groups_do_not_import_legacy_feature_conversion[gbdraw.render.groups.circular.seq_record] PASSED [ 61%]
tests/test_prepared_feature_rendering.py::test_render_groups_do_not_import_legacy_feature_conversion[gbdraw.render.groups.circular.labels] PASSED [ 61%]
tests/test_prepared_feature_rendering.py::test_render_groups_do_not_import_legacy_feature_conversion[gbdraw.render.groups.linear.seq_record] PASSED [ 61%]
tests/test_prepared_feature_rendering.py::test_circular_groups_receive_the_same_prepared_feature_layers PASSED [ 61%]
tests/test_prepared_feature_rendering.py::test_linear_groups_receive_prepared_feature_layers_per_record PASSED [ 61%]
tests/test_protein_colinearity.py::test_protein_identity_golden_hash_runtime_handle_and_export_encoding PASSED [ 61%]
tests/test_protein_colinearity.py::test_current_protein_manifest_validator_accepts_extracted_schema2_authority PASSED [ 61%]
tests/test_protein_colinearity.py::test_current_protein_manifest_validator_rejects_authority_corruption[top_level_schema-must use schema 2] PASSED [ 61%]
tests/test_protein_colinearity.py::test_current_protein_manifest_validator_rejects_authority_corruption[protein_set_hash-Protein set .* hash does not match] PASSED [ 61%]
tests/test_protein_colinearity.py::test_current_protein_manifest_validator_rejects_authority_corruption[record_analysis_hash-Record analysis .* hash does not match] PASSED [ 61%]
tests/test_protein_colinearity.py::test_current_protein_manifest_validator_rejects_authority_corruption[runtime_membership-runtime map does not match its protein set] PASSED [ 61%]
tests/test_protein_colinearity.py::test_current_protein_manifest_validator_rejects_authority_corruption[display_membership-metadata does not match its protein set] PASSED [ 61%]
tests/test_protein_colinearity.py::test_current_protein_manifest_validator_rejects_authority_corruption[runtime_binding_hash-runtime binding hash does not match] PASSED [ 61%]
tests/test_protein_colinearity.py::test_current_protein_manifest_validator_rejects_authority_corruption[display_binding_hash-display binding hash does not match] PASSED [ 62%]
tests/test_protein_colinearity.py::test_current_protein_manifest_validator_rejects_authority_corruption[runtime_handle_uniqueness-deterministic and globally unique] PASSED [ 62%]
tests/test_protein_colinearity.py::test_protein_manifest_rejects_nested_rendered_view_identity[viewFeatureSvgId] PASSED [ 62%]
tests/test_protein_colinearity.py::test_protein_manifest_rejects_nested_rendered_view_identity[view_feature_svg_id] PASSED [ 62%]
tests/test_protein_colinearity.py::test_protein_manifest_rejects_nested_rendered_view_identity[viewFeatureHashParts] PASSED [ 62%]
tests/test_protein_colinearity.py::test_protein_manifest_rejects_nested_rendered_view_identity[view_feature_hash_parts] PASSED [ 62%]
tests/test_protein_colinearity.py::test_protein_manifest_rejects_nested_rendered_view_identity[renderedFeatureSvgId] PASSED [ 62%]
tests/test_protein_colinearity.py::test_protein_manifest_rejects_nested_rendered_view_identity[rendered_feature_svg_id] PASSED [ 62%]
tests/test_protein_colinearity.py::test_protein_manifest_rejects_nested_rendered_view_identity[renderedSvgId] PASSED [ 62%]
tests/test_protein_colinearity.py::test_protein_manifest_rejects_nested_rendered_view_identity[rendered_svg_id] PASSED [ 62%]
tests/test_protein_colinearity.py::test_protein_manifest_rejects_nested_rendered_view_identity[Rendered-Feature-SVG-ID] PASSED [ 62%]
tests/test_protein_colinearity.py::test_protein_manifest_rejects_nested_rendered_view_identity[queryViewFeatureSvgId] PASSED [ 62%]
tests/test_protein_colinearity.py::test_protein_manifest_rejects_nested_rendered_view_identity[processed_view_feature_svg_id] PASSED [ 62%]
tests/test_protein_colinearity.py::test_protein_manifest_rejects_nested_rendered_view_identity[subjectViewFeatureHashParts] PASSED [ 62%]
tests/test_protein_colinearity.py::test_protein_manifest_rejects_nested_rendered_view_identity[queryRenderedFeatureSvgId] PASSED [ 62%]
tests/test_protein_colinearity.py::test_protein_manifest_rejects_nested_rendered_view_identity[processed_rendered_svg_id] PASSED [ 62%]
tests/test_protein_colinearity.py::test_protein_manifest_separates_raw_and_derived_invalidation PASSED [ 62%]
tests/test_protein_colinearity.py::test_protein_raw_identity_is_invariant_to_display_reverse_complement PASSED [ 62%]
tests/test_protein_colinearity.py::test_protein_manifest_compound_location_and_same_location_ordinals_are_stable PASSED [ 62%]
tests/test_protein_colinearity.py::test_same_location_protein_identity_is_invariant_to_display_qualifier_changes[protein_id] PASSED [ 62%]
tests/test_protein_colinearity.py::test_same_location_protein_identity_is_invariant_to_display_qualifier_changes[locus_tag] PASSED [ 62%]
tests/test_protein_colinearity.py::test_same_location_protein_identity_is_invariant_to_display_qualifier_changes[ID] PASSED [ 62%]
tests/test_protein_colinearity.py::test_identical_record_instances_share_content_but_not_runtime_bindings PASSED [ 62%]
tests/test_protein_colinearity.py::test_protein_raw_identity_tracks_candidate_limit_args_exactly PASSED [ 62%]
tests/test_protein_colinearity.py::test_legacy_protein_artifact_references_resolve_to_runtime_handles PASSED [ 62%]
tests/test_protein_colinearity.py::test_legacy_protein_references_resolve_mixed_record_orientations PASSED [ 62%]
tests/test_protein_colinearity.py::test_legacy_protein_artifact_reference_resolution_rejects_ambiguous_records PASSED [ 62%]
tests/test_protein_colinearity.py::test_web_helper_resolves_legacy_protein_artifact_references_with_python_owner PASSED [ 62%]
tests/test_protein_colinearity.py::test_protein_raw_tsv_hydration_uses_aliases_and_duplicate_ordinals PASSED [ 62%]
tests/test_protein_colinearity.py::test_extract_cds_proteins_uses_translation_and_stable_synthetic_ids PASSED [ 62%]
tests/test_protein_colinearity.py::test_extract_cds_proteins_prefers_unique_source_protein_id PASSED [ 62%]
tests/test_protein_colinearity.py::test_extract_cds_proteins_carries_annotation_fields PASSED [ 62%]
tests/test_protein_colinearity.py::test_extract_cds_proteins_accepts_record_index_offset PASSED [ 62%]
tests/test_protein_colinearity.py::test_extract_cds_proteins_translates_when_translation_missing PASSED [ 62%]
tests/test_protein_colinearity.py::test_extract_cds_proteins_handles_compound_location_span PASSED [ 62%]
tests/test_protein_colinearity.py::test_filter_protein_hits_by_thresholds_removes_low_confidence_bridge PASSED [ 62%]
tests/test_protein_colinearity.py::test_orthogroup_membership_modes_accept_legacy_aliases_for_anchor_core PASSED [ 62%]
tests/test_protein_colinearity.py::test_select_best_hits_per_query_avoids_secondary_paralog_merge PASSED [ 62%]
tests/test_protein_colinearity.py::test_select_reciprocal_best_hits_rejects_many_to_one_nonreciprocal_hit PASSED [ 62%]
tests/test_protein_colinearity.py::test_select_reciprocal_best_hit_edges_requires_directional_reciprocity PASSED [ 62%]
tests/test_protein_colinearity.py::test_select_top_hits_per_query_is_deterministic_on_subject_tie PASSED [ 62%]
tests/test_protein_colinearity.py::test_convert_protein_hits_to_genomic_links_uses_cds_spans_and_strand PASSED [ 62%]
tests/test_protein_colinearity.py::test_separately_extracted_offset_protein_maps_convert_without_collision PASSED [ 62%]
tests/test_protein_colinearity.py::test_pair_conversion_disambiguates_same_source_protein_id_between_records PASSED [ 63%]
tests/test_protein_colinearity.py::test_parse_losatp_outfmt6_returns_standard_columns PASSED [ 63%]
tests/test_protein_colinearity.py::test_hsp_accumulation_matches_grouped_oracle[0] PASSED [ 63%]
tests/test_protein_colinearity.py::test_hsp_accumulation_matches_grouped_oracle[1] PASSED [ 63%]
tests/test_protein_colinearity.py::test_hsp_accumulation_matches_grouped_oracle[2] PASSED [ 63%]
tests/test_protein_colinearity.py::test_hsp_accumulation_matches_grouped_oracle[3] PASSED [ 63%]
tests/test_protein_colinearity.py::test_hsp_accumulation_matches_grouped_oracle[4] PASSED [ 63%]
tests/test_protein_colinearity.py::test_hsp_accumulation_matches_grouped_oracle[5] PASSED [ 63%]
tests/test_protein_colinearity.py::test_hsp_accumulation_matches_grouped_oracle[6] PASSED [ 63%]
tests/test_protein_colinearity.py::test_hsp_accumulation_matches_grouped_oracle[7] PASSED [ 63%]
tests/test_protein_colinearity.py::test_hsp_accumulation_matches_grouped_oracle[8] PASSED [ 63%]
tests/test_protein_colinearity.py::test_hsp_accumulation_matches_grouped_oracle[9] PASSED [ 63%]
tests/test_protein_colinearity.py::test_hsp_accumulation_matches_grouped_oracle[10] PASSED [ 63%]
tests/test_protein_colinearity.py::test_hsp_accumulation_matches_grouped_oracle[11] PASSED [ 63%]
tests/test_protein_colinearity.py::test_hsp_accumulation_matches_grouped_oracle[12] PASSED [ 63%]
tests/test_protein_colinearity.py::test_hsp_accumulation_matches_grouped_oracle[13] PASSED [ 63%]
tests/test_protein_colinearity.py::test_hsp_accumulation_matches_grouped_oracle[14] PASSED [ 63%]
tests/test_protein_colinearity.py::test_hsp_accumulation_matches_grouped_oracle[15] PASSED [ 63%]
tests/test_protein_colinearity.py::test_hsp_accumulation_matches_grouped_oracle[16] PASSED [ 63%]
tests/test_protein_colinearity.py::test_hsp_accumulation_matches_grouped_oracle[17] PASSED [ 63%]
tests/test_protein_colinearity.py::test_hsp_accumulation_matches_grouped_oracle[18] PASSED [ 63%]
tests/test_protein_colinearity.py::test_hsp_accumulation_matches_grouped_oracle[19] PASSED [ 63%]
tests/test_protein_colinearity.py::test_hsp_accumulation_matches_grouped_oracle[20] PASSED [ 63%]
tests/test_protein_colinearity.py::test_hsp_accumulation_matches_grouped_oracle[21] PASSED [ 63%]
tests/test_protein_colinearity.py::test_hsp_accumulation_matches_grouped_oracle[22] PASSED [ 63%]
tests/test_protein_colinearity.py::test_hsp_accumulation_matches_grouped_oracle[23] PASSED [ 63%]
tests/test_protein_colinearity.py::test_hsp_private_boundary_and_public_numeric_rejection[nan-bitscore] PASSED [ 63%]
tests/test_protein_colinearity.py::test_hsp_private_boundary_and_public_numeric_rejection[nan-evalue] PASSED [ 63%]
tests/test_protein_colinearity.py::test_hsp_private_boundary_and_public_numeric_rejection[nan-identity] PASSED [ 63%]
tests/test_protein_colinearity.py::test_hsp_private_boundary_and_public_numeric_rejection[nan-alignment_length] PASSED [ 63%]
tests/test_protein_colinearity.py::test_hsp_private_boundary_and_public_numeric_rejection[nan-qstart] PASSED [ 63%]
tests/test_protein_colinearity.py::test_hsp_private_boundary_and_public_numeric_rejection[nan-qend] PASSED [ 63%]
tests/test_protein_colinearity.py::test_hsp_private_boundary_and_public_numeric_rejection[nan-sstart] PASSED [ 63%]
tests/test_protein_colinearity.py::test_hsp_private_boundary_and_public_numeric_rejection[nan-send] PASSED [ 63%]
tests/test_protein_colinearity.py::test_hsp_private_boundary_and_public_numeric_rejection[inf-bitscore] PASSED [ 63%]
tests/test_protein_colinearity.py::test_hsp_private_boundary_and_public_numeric_rejection[inf-evalue] PASSED [ 63%]
tests/test_protein_colinearity.py::test_hsp_private_boundary_and_public_numeric_rejection[inf-identity] PASSED [ 63%]
tests/test_protein_colinearity.py::test_hsp_private_boundary_and_public_numeric_rejection[inf-alignment_length] PASSED [ 63%]
tests/test_protein_colinearity.py::test_hsp_private_boundary_and_public_numeric_rejection[inf-qstart] PASSED [ 63%]
tests/test_protein_colinearity.py::test_hsp_private_boundary_and_public_numeric_rejection[inf-qend] PASSED [ 63%]
tests/test_protein_colinearity.py::test_hsp_private_boundary_and_public_numeric_rejection[inf-sstart] PASSED [ 63%]
tests/test_protein_colinearity.py::test_hsp_private_boundary_and_public_numeric_rejection[inf-send] PASSED [ 63%]
tests/test_protein_colinearity.py::test_hsp_private_boundary_and_public_numeric_rejection[-inf-bitscore] PASSED [ 63%]
tests/test_protein_colinearity.py::test_hsp_private_boundary_and_public_numeric_rejection[-inf-evalue] PASSED [ 63%]
tests/test_protein_colinearity.py::test_hsp_private_boundary_and_public_numeric_rejection[-inf-identity] PASSED [ 64%]
tests/test_protein_colinearity.py::test_hsp_private_boundary_and_public_numeric_rejection[-inf-alignment_length] PASSED [ 64%]
tests/test_protein_colinearity.py::test_hsp_private_boundary_and_public_numeric_rejection[-inf-qstart] PASSED [ 64%]
tests/test_protein_colinearity.py::test_hsp_private_boundary_and_public_numeric_rejection[-inf-qend] PASSED [ 64%]
tests/test_protein_colinearity.py::test_hsp_private_boundary_and_public_numeric_rejection[-inf-sstart] PASSED [ 64%]
tests/test_protein_colinearity.py::test_hsp_private_boundary_and_public_numeric_rejection[-inf-send] PASSED [ 64%]
tests/test_protein_colinearity.py::test_hsp_private_boundary_and_public_numeric_rejection[bad-bitscore] PASSED [ 64%]
tests/test_protein_colinearity.py::test_hsp_private_boundary_and_public_numeric_rejection[bad-evalue] PASSED [ 64%]
tests/test_protein_colinearity.py::test_hsp_private_boundary_and_public_numeric_rejection[bad-identity] PASSED [ 64%]
tests/test_protein_colinearity.py::test_hsp_private_boundary_and_public_numeric_rejection[bad-alignment_length] PASSED [ 64%]
tests/test_protein_colinearity.py::test_hsp_private_boundary_and_public_numeric_rejection[bad-qstart] PASSED [ 64%]
tests/test_protein_colinearity.py::test_hsp_private_boundary_and_public_numeric_rejection[bad-qend] PASSED [ 64%]
tests/test_protein_colinearity.py::test_hsp_private_boundary_and_public_numeric_rejection[bad-sstart] PASSED [ 64%]
tests/test_protein_colinearity.py::test_hsp_private_boundary_and_public_numeric_rejection[bad-send] PASSED [ 64%]
tests/test_protein_colinearity.py::test_hsp_private_boundary_and_public_numeric_rejection[None-bitscore] PASSED [ 64%]
tests/test_protein_colinearity.py::test_hsp_private_boundary_and_public_numeric_rejection[None-evalue] PASSED [ 64%]
tests/test_protein_colinearity.py::test_hsp_private_boundary_and_public_numeric_rejection[None-identity] PASSED [ 64%]
tests/test_protein_colinearity.py::test_hsp_private_boundary_and_public_numeric_rejection[None-alignment_length] PASSED [ 64%]
tests/test_protein_colinearity.py::test_hsp_private_boundary_and_public_numeric_rejection[None-qstart] PASSED [ 64%]
tests/test_protein_colinearity.py::test_hsp_private_boundary_and_public_numeric_rejection[None-qend] PASSED [ 64%]
tests/test_protein_colinearity.py::test_hsp_private_boundary_and_public_numeric_rejection[None-sstart] PASSED [ 64%]
tests/test_protein_colinearity.py::test_hsp_private_boundary_and_public_numeric_rejection[None-send] PASSED [ 64%]
tests/test_protein_colinearity.py::test_hsp_private_boundary_and_public_numeric_rejection[value5-bitscore] PASSED [ 64%]
tests/test_protein_colinearity.py::test_hsp_private_boundary_and_public_numeric_rejection[value5-evalue] PASSED [ 64%]
tests/test_protein_colinearity.py::test_hsp_private_boundary_and_public_numeric_rejection[value5-identity] PASSED [ 64%]
tests/test_protein_colinearity.py::test_hsp_private_boundary_and_public_numeric_rejection[value5-alignment_length] PASSED [ 64%]
tests/test_protein_colinearity.py::test_hsp_private_boundary_and_public_numeric_rejection[value5-qstart] PASSED [ 64%]
tests/test_protein_colinearity.py::test_hsp_private_boundary_and_public_numeric_rejection[value5-qend] PASSED [ 64%]
tests/test_protein_colinearity.py::test_hsp_private_boundary_and_public_numeric_rejection[value5-sstart] PASSED [ 64%]
tests/test_protein_colinearity.py::test_hsp_private_boundary_and_public_numeric_rejection[value5-send] PASSED [ 64%]
tests/test_protein_colinearity.py::test_hsp_missing_ids_never_become_valid_strings[object] PASSED [ 64%]
tests/test_protein_colinearity.py::test_hsp_missing_ids_never_become_valid_strings[string] PASSED [ 64%]
tests/test_protein_colinearity.py::test_hsp_missing_ids_never_become_valid_strings[category] PASSED [ 64%]
tests/test_protein_colinearity.py::test_hsp_empty_output_columns_and_types[None] PASSED [ 64%]
tests/test_protein_colinearity.py::test_hsp_empty_output_columns_and_types[hits1] PASSED [ 64%]
tests/test_protein_colinearity.py::test_hsp_empty_output_columns_and_types[hits2] PASSED [ 64%]
tests/test_protein_colinearity.py::test_hsp_empty_output_columns_and_types[hits3] PASSED [ 64%]
tests/test_protein_colinearity.py::test_hsp_empty_output_columns_and_types[hits4] PASSED [ 64%]
tests/test_protein_colinearity.py::test_hsp_empty_output_columns_and_types[hits5] PASSED [ 64%]
tests/test_protein_colinearity.py::test_hsp_representative_rank_and_complete_tie_order[bitscore-101] PASSED [ 64%]
tests/test_protein_colinearity.py::test_hsp_representative_rank_and_complete_tie_order[evalue-0] PASSED [ 64%]
tests/test_protein_colinearity.py::test_hsp_representative_rank_and_complete_tie_order[identity-100] PASSED [ 64%]
tests/test_protein_colinearity.py::test_hsp_representative_rank_and_complete_tie_order[alignment_length-101] PASSED [ 64%]
tests/test_protein_colinearity.py::test_hsp_representative_rank_and_complete_tie_order[qstart-0] PASSED [ 65%]
tests/test_protein_colinearity.py::test_hsp_representative_rank_and_complete_tie_order[qend-99] PASSED [ 65%]
tests/test_protein_colinearity.py::test_hsp_representative_rank_and_complete_tie_order[sstart-0] PASSED [ 65%]
tests/test_protein_colinearity.py::test_hsp_representative_rank_and_complete_tie_order[send-99] PASSED [ 65%]
tests/test_protein_colinearity.py::test_hsp_representative_rank_and_complete_tie_order[None-None] PASSED [ 65%]
tests/test_protein_colinearity.py::test_hsp_adjacent_reverse_clamped_union_and_all_selected_hsps PASSED [ 65%]
tests/test_protein_colinearity.py::test_hsp_errors_follow_pair_appearance_not_interleaved_error_row[nan-inf] PASSED [ 65%]
tests/test_protein_colinearity.py::test_hsp_errors_follow_pair_appearance_not_interleaved_error_row[inf-nan] PASSED [ 65%]
tests/test_protein_colinearity.py::test_hsp_group_key_coercion_matches_pandas[identifiers0] PASSED [ 65%]
tests/test_protein_colinearity.py::test_hsp_group_key_coercion_matches_pandas[identifiers1] PASSED [ 65%]
tests/test_protein_colinearity.py::test_hsp_group_key_coercion_matches_pandas[identifiers2] PASSED [ 65%]
tests/test_protein_colinearity.py::test_hsp_group_key_coercion_matches_pandas[identifiers3] PASSED [ 65%]
tests/test_protein_colinearity.py::test_hsp_group_key_coercion_matches_pandas[identifiers4] PASSED [ 65%]
tests/test_protein_colinearity.py::test_hsp_aggregation_iterates_table_once_without_pair_dataframes PASSED [ 65%]
tests/test_protein_colinearity.py::test_hsp_union_coverage_uses_merged_intervals PASSED [ 65%]
tests/test_protein_colinearity.py::test_overlapping_hsps_do_not_double_count_coverage PASSED [ 65%]
tests/test_protein_colinearity.py::test_invalid_hsp_coordinates_do_not_inflate_aggregate_coverage PASSED [ 65%]
tests/test_protein_colinearity.py::test_run_losatp_blastp_passes_num_threads PASSED [ 65%]
tests/test_protein_colinearity.py::test_run_losatp_blastp_uses_bundled_binary_by_default PASSED [ 65%]
tests/test_protein_colinearity.py::test_run_losatp_blastp_uses_path_losat_before_blastp PASSED [ 65%]
tests/test_protein_colinearity.py::test_run_losatp_blastp_falls_back_to_path_ncbi_blastp PASSED [ 65%]
tests/test_protein_colinearity.py::test_run_losatp_blastp_explicit_ncbi_blastp_bypasses_losat_discovery PASSED [ 65%]
tests/test_protein_colinearity.py::test_run_losatp_blastp_rejects_ambiguous_explicit_runtimes PASSED [ 65%]
tests/test_protein_colinearity.py::test_run_losatp_blastp_explicit_losat_bypasses_discovery PASSED [ 65%]
tests/test_protein_colinearity.py::test_run_losatp_blastp_missing_runtime_error_is_actionable PASSED [ 65%]
tests/test_protein_colinearity.py::test_bundled_losatp_platform_dir_is_platform_specific PASSED [ 65%]
tests/test_protein_colinearity.py::test_run_losatp_blastp_omits_hsp_cap_when_requested PASSED [ 65%]
tests/test_protein_colinearity.py::test_build_losat_blastp_command_uses_losat_flags PASSED [ 65%]
tests/test_protein_colinearity.py::test_build_ncbi_blastp_command_uses_ncbi_flags PASSED [ 65%]
tests/test_protein_colinearity.py::test_build_blastp_commands_omit_hsp_cap_when_requested PASSED [ 65%]
tests/test_protein_colinearity.py::test_run_losatp_blastp_calls_raw_output_callback_for_ncbi PASSED [ 65%]
tests/test_protein_colinearity.py::test_run_losatp_blastp_ncbi_failure_includes_stderr PASSED [ 65%]
tests/test_protein_colinearity.py::test_external_ncbi_blastp_smoke_when_enabled SKIPPEDst.) [ 65%]
tests/test_protein_colinearity.py::test_build_pairwise_protein_blastp_comparisons_accepts_test_runner_without_orthogroups PASSED [ 65%]
tests/test_protein_colinearity.py::test_pairwise_blastp_uses_web_losat_cache_without_external_run PASSED [ 65%]
tests/test_protein_colinearity.py::test_pairwise_blastp_reuses_only_verified_legacy_web_losat_cache PASSED [ 65%]
tests/test_protein_colinearity.py::test_legacy_protein_cache_promotion_rejects_hash_args_and_ambiguous_empty_output PASSED [ 65%]
tests/test_protein_colinearity.py::test_linear_cli_save_session_writes_web_losat_cache_entries PASSED [ 65%]
tests/test_protein_colinearity.py::test_linear_cli_writes_hydrated_raw_protein_evidence_and_honors_overwrite PASSED [ 65%]
tests/test_protein_colinearity.py::test_linear_cli_validates_raw_protein_output_option PASSED [ 65%]
tests/test_protein_colinearity.py::test_pairwise_blastp_search_keeps_one_hsp_cap PASSED [ 65%]
tests/test_protein_colinearity.py::test_orthogroup_blastp_search_omits_one_hsp_cap PASSED [ 65%]
tests/test_protein_colinearity.py::test_candidate_and_pairwise_display_limits_reach_independent_consumers[None] PASSED [ 65%]
tests/test_protein_colinearity.py::test_candidate_and_pairwise_display_limits_reach_independent_consumers[7] PASSED [ 66%]
tests/test_protein_colinearity.py::test_member_hit_limit_bounds_derived_candidates_and_preserves_their_hsps[None] PASSED [ 66%]
tests/test_protein_colinearity.py::test_member_hit_limit_bounds_derived_candidates_and_preserves_their_hsps[2] PASSED [ 66%]
tests/test_protein_colinearity.py::test_member_hit_limit_bounds_derived_candidates_and_preserves_their_hsps[5] PASSED [ 66%]
tests/test_protein_colinearity.py::test_anchor_core_assigns_member_with_multi_hsp_union_coverage PASSED [ 66%]
tests/test_protein_colinearity.py::test_anchor_core_prefers_membership_support_over_domain_only_top_hit PASSED [ 66%]
tests/test_protein_colinearity.py::test_anchor_core_keeps_true_domain_only_multi_hsp_hit_unassigned PASSED [ 66%]
tests/test_protein_colinearity.py::test_build_rbh_orthogroup_protein_blastp_comparisons_keeps_transitive_all_vs_all_grouping PASSED [ 66%]
tests/test_protein_colinearity.py::test_orthogroup_expanded_display_edges_include_non_rbh_coorthologs PASSED [ 66%]
tests/test_protein_colinearity.py::test_anchor_core_separates_weakly_bridged_outparalog_families_for_legacy_aliases PASSED [ 66%]
tests/test_protein_colinearity.py::test_anchor_core_display_edges_include_direct_adjacent_assigned_same_orthogroup_hits PASSED [ 66%]
tests/test_protein_colinearity.py::test_family_merge_display_edges_suppress_already_covered_cross_links PASSED [ 66%]
tests/test_protein_colinearity.py::test_family_merge_display_edges_prefer_uncovered_alternative_links PASSED [ 66%]
tests/test_protein_colinearity.py::test_convert_protein_hits_to_genomic_links_only_sets_matching_orthogroup_id PASSED [ 66%]
tests/test_protein_colinearity.py::test_web_losat_nucleotide_display_transform_keeps_orientation PASSED [ 66%]
tests/test_protein_colinearity.py::test_web_cds_span_transform_maps_reverse_display_span_and_strand PASSED [ 66%]
tests/test_protein_colinearity.py::test_web_extract_cds_protein_fasta_uses_coordinate_stable_ids PASSED [ 66%]
tests/test_protein_colinearity.py::test_web_protein_cache_keys_validate_once_and_preserve_direction_and_options PASSED [ 66%]
tests/test_protein_colinearity.py::test_web_losatp_pairwise_payload_uses_display_view_transform PASSED [ 66%]
tests/test_protein_colinearity.py::test_web_losatp_blastp_payload_helper_uses_rbh_edges_for_orthogroups PASSED [ 66%]
tests/test_protein_colinearity.py::test_web_losatp_blastp_payload_helper_rejects_legacy_list_payload PASSED [ 66%]
tests/test_protein_colinearity.py::test_orthogroup_alignment_offsets_align_selected_member_to_representatives PASSED [ 66%]
tests/test_protein_colinearity.py::test_orthogroup_alignment_dedup_ignores_public_source_protein_id PASSED [ 66%]
tests/test_protein_colinearity.py::test_orthogroup_alignment_rejects_conflicting_group_for_one_feature PASSED [ 66%]
tests/test_protein_colinearity.py::test_orthogroup_alignment_canvas_adjustment_fits_negative_record_offsets PASSED [ 66%]
tests/test_protein_colinearity.py::test_orthogroup_alignment_canvas_adjustment_extends_positive_record_offsets PASSED [ 66%]
tests/test_protein_colinearity.py::test_orthogroup_alignment_canvas_extents_use_shifted_record_bounds_for_ruler PASSED [ 66%]
tests/test_protein_colinearity.py::test_pairwise_match_group_applies_record_specific_alignment_offsets PASSED [ 66%]
tests/test_protein_colinearity.py::test_assemble_linear_diagram_accepts_precomputed_protein_comparisons PASSED [ 66%]
tests/test_protein_colinearity.py::test_build_linear_diagram_forwards_protein_blastp_options PASSED [ 66%]
tests/test_protein_colinearity.py::test_build_linear_diagram_forwards_ncbi_blastp_bin PASSED [ 66%]
tests/test_protein_colinearity.py::test_build_linear_diagram_forwards_orthogroup_alignment_option PASSED [ 66%]
tests/test_protein_colinearity.py::test_linear_cli_rejects_blast_with_protein_blastp_mode PASSED [ 66%]
tests/test_protein_colinearity.py::test_linear_cli_requires_two_records_for_protein_blastp_mode PASSED [ 66%]
tests/test_protein_colinearity.py::test_linear_cli_forwards_protein_blastp_options PASSED [ 66%]
tests/test_protein_colinearity.py::test_linear_cli_forwards_ncbi_blastp_bin PASSED [ 66%]
tests/test_protein_colinearity.py::test_linear_cli_forwards_orthogroup_alignment_option PASSED [ 66%]
tests/test_protein_colinearity.py::test_orthogroup_display_pairs_do_not_restrict_all_record_membership[False] PASSED [ 66%]
tests/test_protein_colinearity.py::test_orthogroup_display_pairs_do_not_restrict_all_record_membership[True] PASSED [ 66%]
tests/test_protein_comparison_benchmark.py::test_comparison_rejects_scientific_differences_and_reports_noise PASSED [ 66%]
tests/test_protein_comparison_benchmark.py::test_comparison_refuses_different_input_or_environment[fixture] PASSED [ 66%]
tests/test_protein_comparison_benchmark.py::test_comparison_refuses_different_input_or_environment[dependencies] PASSED [ 66%]
tests/test_protein_comparison_benchmark.py::test_comparison_refuses_different_input_or_environment[settings] PASSED [ 66%]
tests/test_protein_comparison_benchmark.py::test_oracle_preserves_types_order_and_nonfinite_values PASSED [ 67%]
tests/test_protein_comparison_benchmark.py::test_cli_compares_archived_reports PASSED [ 67%]
tests/test_protein_comparison_benchmark.py::test_foreign_import_is_rejected_before_loading_requested_source PASSED [ 67%]
tests/test_protein_comparison_benchmark.py::test_fresh_process_oracles_repeat_and_measure_existing_work PASSED [ 67%]
tests/test_public_contract.py::test_public_api_and_cli_contract_snapshot PASSED [ 67%]
tests/test_public_contract.py::test_low_level_api_owners_are_explicit PASSED [ 67%]
tests/test_python_howto_recipe_contracts.py::test_python_evidence_entries_match_their_approved_scenarios PASSED [ 67%]
tests/test_python_howto_recipe_contracts.py::test_python_evidence_uses_pinned_fixture_files PASSED [ 67%]
tests/test_python_howto_recipe_contracts.py::test_every_python_evidence_marker_has_one_internal_owner_and_compiles PASSED [ 67%]
tests/test_python_howto_recipe_contracts.py::test_python_evidence_recipes_regenerate_from_a_clean_external_context PASSED [ 67%]
tests/test_python_howto_recipe_contracts.py::test_typed_session_artifact_is_current_and_deterministic PASSED [ 67%]
tests/test_python_howto_recipe_contracts.py::test_python_circular_artifacts_use_every_cds_gene_label PASSED [ 67%]
tests/test_python_howto_recipe_contracts.py::test_python_tracks_artifact_retains_depth_annotation_and_label_semantics PASSED [ 67%]
tests/test_python_interface.py::test_root_namespace_is_the_small_beginner_facing_api PASSED [ 67%]
tests/test_python_interface.py::test_root_and_typed_track_option_tiers_have_distinct_canonical_names PASSED [ 67%]
tests/test_python_interface.py::test_comparison_ring_names_are_canonical_with_conservation_aliases PASSED [ 67%]
tests/test_python_interface.py::test_circular_options_names_comparison_ring_type_in_validation PASSED [ 67%]
tests/test_python_interface.py::test_circular_options_exposes_comparison_rings_with_conservation_alias PASSED [ 67%]
tests/test_python_interface.py::test_circular_options_alias_survives_dataclass_replace PASSED [ 67%]
tests/test_python_interface.py::test_draw_circular_dispatches_from_record_count PASSED [ 67%]
tests/test_python_interface.py::test_root_api_builds_metadata_only_for_explicit_interactive_render PASSED [ 67%]
tests/test_python_interface.py::test_root_interactive_svg_uses_orthogroups_computed_by_builder PASSED [ 67%]
tests/test_python_interface.py::test_draw_circular_one_record_layout_reaches_grid_builder PASSED [ 67%]
tests/test_python_interface.py::test_draw_circular_one_record_layout_real_render PASSED [ 67%]
tests/test_python_interface.py::test_grouped_options_compile_to_the_existing_render_engine PASSED [ 67%]
tests/test_python_interface.py::test_draw_linear_routes_through_typed_request_plan PASSED [ 67%]
tests/test_python_interface.py::test_root_draw_functions_carry_hidden_scale_override_through_rendering PASSED [ 67%]
tests/test_python_interface.py::test_circular_companion_sequence_reaches_interactive_context PASSED [ 67%]
tests/test_python_interface.py::test_draw_functions_require_mode_specific_options PASSED [ 67%]
tests/test_python_interface.py::test_root_api_rejects_wrong_mode_config_override_paths PASSED [ 67%]
tests/test_python_interface.py::test_diagram_save_writes_exactly_the_requested_file PASSED [ 67%]
tests/test_python_interface.py::test_diagram_save_rejects_dangling_symlink_without_overwrite PASSED [ 67%]
tests/test_python_interface.py::test_diagram_save_overwrite_replaces_symlink_not_its_target PASSED [ 67%]
tests/test_python_interface.py::test_diagram_save_does_not_follow_target_created_after_preflight PASSED [ 67%]
tests/test_python_interface.py::test_diagram_save_rejects_windows_reserved_output_name PASSED [ 67%]
tests/test_python_interface.py::test_read_genbank_accepts_one_path PASSED [ 67%]
tests/test_python_interface.py::test_beginner_circular_workflow_runs PASSED [ 67%]
tests/test_python_tutorial_recipe_contracts.py::test_python_tutorial_recipe_regenerates_from_a_clean_external_context[T-PY-02] PASSED [ 67%]
tests/test_python_tutorial_recipe_contracts.py::test_python_tutorial_recipe_regenerates_from_a_clean_external_context[T-PY-03] PASSED [ 67%]
tests/test_python_tutorial_recipe_contracts.py::test_python_tutorial_recipe_regenerates_from_a_clean_external_context[T-PY-04] PASSED [ 67%]
tests/test_python_tutorial_recipe_contracts.py::test_python_tutorial_recipe_regenerates_from_a_clean_external_context[T-PY-06] PASSED [ 67%]
tests/test_python_tutorial_recipe_contracts.py::test_python_tutorial_recipe_regenerates_from_a_clean_external_context[T-PY-08] PASSED [ 67%]
tests/test_python_tutorial_recipe_contracts.py::test_python_tutorial_recipe_regenerates_from_a_clean_external_context[T-PY-09] PASSED [ 67%]
tests/test_python_tutorial_recipe_contracts.py::test_python_tutorial_recipe_regenerates_from_a_clean_external_context[T-PY-11] PASSED [ 68%]
tests/test_record_display_comparisons.py::test_annotation_and_underlay_project_source_coverage[coordinate-False-circular] PASSED [ 68%]
tests/test_record_display_comparisons.py::test_annotation_and_underlay_project_source_coverage[coordinate-False-linear] PASSED [ 68%]
tests/test_record_display_comparisons.py::test_annotation_and_underlay_project_source_coverage[coordinate-True-circular] PASSED [ 68%]
tests/test_record_display_comparisons.py::test_annotation_and_underlay_project_source_coverage[coordinate-True-linear] PASSED [ 68%]
tests/test_record_display_comparisons.py::test_annotation_and_underlay_project_source_coverage[feature-False-circular] PASSED [ 68%]
tests/test_record_display_comparisons.py::test_annotation_and_underlay_project_source_coverage[feature-False-linear] PASSED [ 68%]
tests/test_record_display_comparisons.py::test_annotation_and_underlay_project_source_coverage[feature-True-circular] PASSED [ 68%]
tests/test_record_display_comparisons.py::test_annotation_and_underlay_project_source_coverage[feature-True-linear] PASSED [ 68%]
tests/test_record_display_comparisons.py::test_origin_wrap_annotation_uses_resolved_topology_in_both_modes[False-circular] PASSED [ 68%]
tests/test_record_display_comparisons.py::test_origin_wrap_annotation_uses_resolved_topology_in_both_modes[False-linear] PASSED [ 68%]
tests/test_record_display_comparisons.py::test_origin_wrap_annotation_uses_resolved_topology_in_both_modes[True-circular] PASSED [ 68%]
tests/test_record_display_comparisons.py::test_origin_wrap_annotation_uses_resolved_topology_in_both_modes[True-linear] PASSED [ 68%]
tests/test_record_display_comparisons.py::test_linear_hsp_common_t_path_count_and_source_endpoints[starts0-1] PASSED [ 68%]
tests/test_record_display_comparisons.py::test_linear_hsp_common_t_path_count_and_source_endpoints[starts1-2] PASSED [ 68%]
tests/test_record_display_comparisons.py::test_linear_hsp_common_t_path_count_and_source_endpoints[starts2-2] PASSED [ 68%]
tests/test_record_display_comparisons.py::test_linear_hsp_common_t_path_count_and_source_endpoints[starts3-3] PASSED [ 68%]
tests/test_record_display_comparisons.py::test_circular_comparison_projects_reference_span_and_keeps_raw_endpoints[False] PASSED [ 68%]
tests/test_record_display_comparisons.py::test_circular_comparison_projects_reference_span_and_keeps_raw_endpoints[True] PASSED [ 68%]
tests/test_record_display_comparisons.py::test_interactive_catalog_has_one_source_match_for_all_dom_fragments[linear] PASSED [ 68%]
tests/test_record_display_comparisons.py::test_interactive_catalog_has_one_source_match_for_all_dom_fragments[circular] PASSED [ 68%]
tests/test_record_display_comparisons.py::test_hsp_common_t_independent_oracle[directed0-starts0-reverses0] PASSED [ 68%]
tests/test_record_display_comparisons.py::test_hsp_common_t_independent_oracle[directed0-starts1-reverses1] PASSED [ 68%]
tests/test_record_display_comparisons.py::test_hsp_common_t_independent_oracle[directed0-starts2-reverses2] PASSED [ 68%]
tests/test_record_display_comparisons.py::test_hsp_common_t_independent_oracle[directed0-starts3-reverses3] PASSED [ 68%]
tests/test_record_display_comparisons.py::test_hsp_common_t_independent_oracle[directed0-starts4-reverses4] PASSED [ 68%]
tests/test_record_display_comparisons.py::test_hsp_common_t_independent_oracle[directed0-starts5-reverses5] PASSED [ 68%]
tests/test_record_display_comparisons.py::test_hsp_common_t_independent_oracle[directed0-starts6-reverses6] PASSED [ 68%]
tests/test_record_display_comparisons.py::test_hsp_common_t_independent_oracle[directed0-starts7-reverses7] PASSED [ 68%]
tests/test_record_display_comparisons.py::test_hsp_common_t_independent_oracle[directed0-starts8-reverses8] PASSED [ 68%]
tests/test_record_display_comparisons.py::test_hsp_common_t_independent_oracle[directed0-starts9-reverses9] PASSED [ 68%]
tests/test_record_display_comparisons.py::test_hsp_common_t_independent_oracle[directed0-starts10-reverses10] PASSED [ 68%]
tests/test_record_display_comparisons.py::test_hsp_common_t_independent_oracle[directed1-starts0-reverses0] PASSED [ 68%]
tests/test_record_display_comparisons.py::test_hsp_common_t_independent_oracle[directed1-starts1-reverses1] PASSED [ 68%]
tests/test_record_display_comparisons.py::test_hsp_common_t_independent_oracle[directed1-starts2-reverses2] PASSED [ 68%]
tests/test_record_display_comparisons.py::test_hsp_common_t_independent_oracle[directed1-starts3-reverses3] PASSED [ 68%]
tests/test_record_display_comparisons.py::test_hsp_common_t_independent_oracle[directed1-starts4-reverses4] PASSED [ 68%]
tests/test_record_display_comparisons.py::test_hsp_common_t_independent_oracle[directed1-starts5-reverses5] PASSED [ 68%]
tests/test_record_display_comparisons.py::test_hsp_common_t_independent_oracle[directed1-starts6-reverses6] PASSED [ 68%]
tests/test_record_display_comparisons.py::test_hsp_common_t_independent_oracle[directed1-starts7-reverses7] PASSED [ 68%]
tests/test_record_display_comparisons.py::test_hsp_common_t_independent_oracle[directed1-starts8-reverses8] PASSED [ 68%]
tests/test_record_display_comparisons.py::test_hsp_common_t_independent_oracle[directed1-starts9-reverses9] PASSED [ 68%]
tests/test_record_display_comparisons.py::test_hsp_common_t_independent_oracle[directed1-starts10-reverses10] PASSED [ 68%]
tests/test_record_display_comparisons.py::test_hsp_common_t_independent_oracle[directed2-starts0-reverses0] PASSED [ 69%]
tests/test_record_display_comparisons.py::test_hsp_common_t_independent_oracle[directed2-starts1-reverses1] PASSED [ 69%]
tests/test_record_display_comparisons.py::test_hsp_common_t_independent_oracle[directed2-starts2-reverses2] PASSED [ 69%]
tests/test_record_display_comparisons.py::test_hsp_common_t_independent_oracle[directed2-starts3-reverses3] PASSED [ 69%]
tests/test_record_display_comparisons.py::test_hsp_common_t_independent_oracle[directed2-starts4-reverses4] PASSED [ 69%]
tests/test_record_display_comparisons.py::test_hsp_common_t_independent_oracle[directed2-starts5-reverses5] PASSED [ 69%]
tests/test_record_display_comparisons.py::test_hsp_common_t_independent_oracle[directed2-starts6-reverses6] PASSED [ 69%]
tests/test_record_display_comparisons.py::test_hsp_common_t_independent_oracle[directed2-starts7-reverses7] PASSED [ 69%]
tests/test_record_display_comparisons.py::test_hsp_common_t_independent_oracle[directed2-starts8-reverses8] PASSED [ 69%]
tests/test_record_display_comparisons.py::test_hsp_common_t_independent_oracle[directed2-starts9-reverses9] PASSED [ 69%]
tests/test_record_display_comparisons.py::test_hsp_common_t_independent_oracle[directed2-starts10-reverses10] PASSED [ 69%]
tests/test_record_display_comparisons.py::test_hsp_common_t_independent_oracle[directed3-starts0-reverses0] PASSED [ 69%]
tests/test_record_display_comparisons.py::test_hsp_common_t_independent_oracle[directed3-starts1-reverses1] PASSED [ 69%]
tests/test_record_display_comparisons.py::test_hsp_common_t_independent_oracle[directed3-starts2-reverses2] PASSED [ 69%]
tests/test_record_display_comparisons.py::test_hsp_common_t_independent_oracle[directed3-starts3-reverses3] PASSED [ 69%]
tests/test_record_display_comparisons.py::test_hsp_common_t_independent_oracle[directed3-starts4-reverses4] PASSED [ 69%]
tests/test_record_display_comparisons.py::test_hsp_common_t_independent_oracle[directed3-starts5-reverses5] PASSED [ 69%]
tests/test_record_display_comparisons.py::test_hsp_common_t_independent_oracle[directed3-starts6-reverses6] PASSED [ 69%]
tests/test_record_display_comparisons.py::test_hsp_common_t_independent_oracle[directed3-starts7-reverses7] PASSED [ 69%]
tests/test_record_display_comparisons.py::test_hsp_common_t_independent_oracle[directed3-starts8-reverses8] PASSED [ 69%]
tests/test_record_display_comparisons.py::test_hsp_common_t_independent_oracle[directed3-starts9-reverses9] PASSED [ 69%]
tests/test_record_display_comparisons.py::test_hsp_common_t_independent_oracle[directed3-starts10-reverses10] PASSED [ 69%]
tests/test_record_display_comparisons.py::test_hsp_short_valid_spans_keep_coverage[ends0] PASSED [ 69%]
tests/test_record_display_comparisons.py::test_hsp_short_valid_spans_keep_coverage[ends1] PASSED [ 69%]
tests/test_record_display_comparisons.py::test_hsp_short_valid_spans_keep_coverage[ends2] PASSED [ 69%]
tests/test_record_display_comparisons.py::test_annotation_artificial_seam_has_no_bracket_caps[False-circular] PASSED [ 69%]
tests/test_record_display_comparisons.py::test_annotation_artificial_seam_has_no_bracket_caps[False-linear] PASSED [ 69%]
tests/test_record_display_comparisons.py::test_annotation_artificial_seam_has_no_bracket_caps[True-circular] PASSED [ 69%]
tests/test_record_display_comparisons.py::test_annotation_artificial_seam_has_no_bracket_caps[True-linear] PASSED [ 69%]
tests/test_record_display_comparisons.py::test_interactive_rejects_real_fragment_identity_conflicts[duplicate_index] PASSED [ 69%]
tests/test_record_display_comparisons.py::test_interactive_rejects_real_fragment_identity_conflicts[duplicate_dom] PASSED [ 69%]
tests/test_record_display_comparisons.py::test_interactive_rejects_real_fragment_identity_conflicts[missing_marker] PASSED [ 69%]
tests/test_record_display_comparisons.py::test_interactive_rejects_real_fragment_identity_conflicts[conflicting_endpoint] PASSED [ 69%]
tests/test_record_display_comparisons.py::test_interactive_rejects_real_fragment_identity_conflicts[missing_endpoint] PASSED [ 69%]
tests/test_record_display_comparisons.py::test_interactive_rejects_real_fragment_identity_conflicts[conflicting_alias] PASSED [ 69%]
tests/test_record_display_comparisons.py::test_group_alignment_projects_member_centers_before_translation PASSED [ 69%]
tests/test_record_display_comparisons.py::test_final_hsp_vertices_equal_independent_common_t_oracle[False] PASSED [ 69%]
tests/test_record_display_comparisons.py::test_final_hsp_vertices_equal_independent_common_t_oracle[True] PASSED [ 69%]
tests/test_record_display_comparisons.py::test_comparison_annotation_prepared_cache_a_b_a[circular] PASSED [ 69%]
tests/test_record_display_comparisons.py::test_comparison_annotation_prepared_cache_a_b_a[linear] PASSED [ 69%]
tests/test_record_display_comparisons.py::test_rotated_mixed_groups_keep_semantic_membership_and_presentation_scope[starts0] PASSED [ 69%]
tests/test_record_display_comparisons.py::test_rotated_mixed_groups_keep_semantic_membership_and_presentation_scope[starts1] PASSED [ 69%]
tests/test_record_display_comparisons.py::test_circular_multiple_rings_keep_coverage_and_unique_ids[query] PASSED [ 69%]
tests/test_record_display_comparisons.py::test_circular_multiple_rings_keep_coverage_and_unique_ids[subject] PASSED [ 70%]
tests/test_record_display_comparisons.py::test_annotation_band_outlines_exclude_artificial_edges[circular] PASSED [ 70%]
tests/test_record_display_comparisons.py::test_annotation_band_outlines_exclude_artificial_edges[linear] PASSED [ 70%]
tests/test_record_display_comparisons.py::test_duplicate_record_instances_use_their_own_comparison_transform[linear] PASSED [ 70%]
tests/test_record_display_comparisons.py::test_duplicate_record_instances_use_their_own_comparison_transform[circular] PASSED [ 70%]
tests/test_record_display_comparisons.py::test_unrotated_circular_grid_keeps_duplicate_record_features_distinct PASSED [ 70%]
tests/test_record_display_consumers.py::test_plan_rotation_moves_final_label_without_changing_source[circular] PASSED [ 70%]
tests/test_record_display_consumers.py::test_plan_rotation_moves_final_label_without_changing_source[linear] PASSED [ 70%]
tests/test_record_display_consumers.py::test_source_tick_text_position_and_wrapped_definition[None-False-circular] PASSED [ 70%]
tests/test_record_display_consumers.py::test_source_tick_text_position_and_wrapped_definition[None-False-linear] PASSED [ 70%]
tests/test_record_display_consumers.py::test_source_tick_text_position_and_wrapped_definition[None-True-circular] PASSED [ 70%]
tests/test_record_display_consumers.py::test_source_tick_text_position_and_wrapped_definition[None-True-linear] PASSED [ 70%]
tests/test_record_display_consumers.py::test_source_tick_text_position_and_wrapped_definition[1-False-circular] PASSED [ 70%]
tests/test_record_display_consumers.py::test_source_tick_text_position_and_wrapped_definition[1-False-linear] PASSED [ 70%]
tests/test_record_display_consumers.py::test_source_tick_text_position_and_wrapped_definition[1-True-circular] PASSED [ 70%]
tests/test_record_display_consumers.py::test_source_tick_text_position_and_wrapped_definition[1-True-linear] PASSED [ 70%]
tests/test_record_display_consumers.py::test_source_tick_text_position_and_wrapped_definition[10000-False-circular] PASSED [ 70%]
tests/test_record_display_consumers.py::test_source_tick_text_position_and_wrapped_definition[10000-False-linear] PASSED [ 70%]
tests/test_record_display_consumers.py::test_source_tick_text_position_and_wrapped_definition[10000-True-circular] PASSED [ 70%]
tests/test_record_display_consumers.py::test_source_tick_text_position_and_wrapped_definition[10000-True-linear] PASSED [ 70%]
tests/test_record_display_consumers.py::test_source_tick_text_position_and_wrapped_definition[4001-False-circular] PASSED [ 70%]
tests/test_record_display_consumers.py::test_source_tick_text_position_and_wrapped_definition[4001-False-linear] PASSED [ 70%]
tests/test_record_display_consumers.py::test_source_tick_text_position_and_wrapped_definition[4001-True-circular] PASSED [ 70%]
tests/test_record_display_consumers.py::test_source_tick_text_position_and_wrapped_definition[4001-True-linear] PASSED [ 70%]
tests/test_record_display_consumers.py::test_plan_series_preserve_samples_and_open_svg_seam[1-False-circular] PASSED [ 70%]
tests/test_record_display_consumers.py::test_plan_series_preserve_samples_and_open_svg_seam[1-False-linear] PASSED [ 70%]
tests/test_record_display_consumers.py::test_plan_series_preserve_samples_and_open_svg_seam[1-True-circular] PASSED [ 70%]
tests/test_record_display_consumers.py::test_plan_series_preserve_samples_and_open_svg_seam[1-True-linear] PASSED [ 70%]
tests/test_record_display_consumers.py::test_plan_series_preserve_samples_and_open_svg_seam[4001-False-circular] PASSED [ 70%]
tests/test_record_display_consumers.py::test_plan_series_preserve_samples_and_open_svg_seam[4001-False-linear] PASSED [ 70%]
tests/test_record_display_consumers.py::test_plan_series_preserve_samples_and_open_svg_seam[4001-True-circular] PASSED [ 70%]
tests/test_record_display_consumers.py::test_plan_series_preserve_samples_and_open_svg_seam[4001-True-linear] PASSED [ 70%]
tests/test_record_display_consumers.py::test_plan_series_preserve_samples_and_open_svg_seam[5001-False-circular] PASSED [ 70%]
tests/test_record_display_consumers.py::test_plan_series_preserve_samples_and_open_svg_seam[5001-False-linear] PASSED [ 70%]
tests/test_record_display_consumers.py::test_plan_series_preserve_samples_and_open_svg_seam[5001-True-circular] PASSED [ 70%]
tests/test_record_display_consumers.py::test_plan_series_preserve_samples_and_open_svg_seam[5001-True-linear] PASSED [ 70%]
tests/test_record_display_consumers.py::test_plan_series_preserve_samples_and_open_svg_seam[10000-False-circular] PASSED [ 70%]
tests/test_record_display_consumers.py::test_plan_series_preserve_samples_and_open_svg_seam[10000-False-linear] PASSED [ 70%]
tests/test_record_display_consumers.py::test_plan_series_preserve_samples_and_open_svg_seam[10000-True-circular] PASSED [ 70%]
tests/test_record_display_consumers.py::test_plan_series_preserve_samples_and_open_svg_seam[10000-True-linear] PASSED [ 70%]
tests/test_record_display_consumers.py::test_plan_labels_select_projected_coverage_and_connect_leaders[ordinary-False-circular-horizontal] PASSED [ 70%]
tests/test_record_display_consumers.py::test_plan_labels_select_projected_coverage_and_connect_leaders[ordinary-False-circular-radial] PASSED [ 70%]
tests/test_record_display_consumers.py::test_plan_labels_select_projected_coverage_and_connect_leaders[ordinary-False-linear-auto] PASSED [ 70%]
tests/test_record_display_consumers.py::test_plan_labels_select_projected_coverage_and_connect_leaders[ordinary-False-linear-above_feature] PASSED [ 71%]
tests/test_record_display_consumers.py::test_plan_labels_select_projected_coverage_and_connect_leaders[ordinary-True-circular-horizontal] PASSED [ 71%]
tests/test_record_display_consumers.py::test_plan_labels_select_projected_coverage_and_connect_leaders[ordinary-True-circular-radial] PASSED [ 71%]
tests/test_record_display_consumers.py::test_plan_labels_select_projected_coverage_and_connect_leaders[ordinary-True-linear-auto] PASSED [ 71%]
tests/test_record_display_consumers.py::test_plan_labels_select_projected_coverage_and_connect_leaders[ordinary-True-linear-above_feature] PASSED [ 71%]
tests/test_record_display_consumers.py::test_plan_labels_select_projected_coverage_and_connect_leaders[cut-False-circular-horizontal] PASSED [ 71%]
tests/test_record_display_consumers.py::test_plan_labels_select_projected_coverage_and_connect_leaders[cut-False-circular-radial] PASSED [ 71%]
tests/test_record_display_consumers.py::test_plan_labels_select_projected_coverage_and_connect_leaders[cut-False-linear-auto] PASSED [ 71%]
tests/test_record_display_consumers.py::test_plan_labels_select_projected_coverage_and_connect_leaders[cut-False-linear-above_feature] PASSED [ 71%]
tests/test_record_display_consumers.py::test_plan_labels_select_projected_coverage_and_connect_leaders[cut-True-circular-horizontal] PASSED [ 71%]
tests/test_record_display_consumers.py::test_plan_labels_select_projected_coverage_and_connect_leaders[cut-True-circular-radial] PASSED [ 71%]
tests/test_record_display_consumers.py::test_plan_labels_select_projected_coverage_and_connect_leaders[cut-True-linear-auto] PASSED [ 71%]
tests/test_record_display_consumers.py::test_plan_labels_select_projected_coverage_and_connect_leaders[cut-True-linear-above_feature] PASSED [ 71%]
tests/test_record_display_consumers.py::test_plan_labels_select_projected_coverage_and_connect_leaders[multipart-False-circular-horizontal] PASSED [ 71%]
tests/test_record_display_consumers.py::test_plan_labels_select_projected_coverage_and_connect_leaders[multipart-False-circular-radial] PASSED [ 71%]
tests/test_record_display_consumers.py::test_plan_labels_select_projected_coverage_and_connect_leaders[multipart-False-linear-auto] PASSED [ 71%]
tests/test_record_display_consumers.py::test_plan_labels_select_projected_coverage_and_connect_leaders[multipart-False-linear-above_feature] PASSED [ 71%]
tests/test_record_display_consumers.py::test_plan_labels_select_projected_coverage_and_connect_leaders[multipart-True-circular-horizontal] PASSED [ 71%]
tests/test_record_display_consumers.py::test_plan_labels_select_projected_coverage_and_connect_leaders[multipart-True-circular-radial] PASSED [ 71%]
tests/test_record_display_consumers.py::test_plan_labels_select_projected_coverage_and_connect_leaders[multipart-True-linear-auto] PASSED [ 71%]
tests/test_record_display_consumers.py::test_plan_labels_select_projected_coverage_and_connect_leaders[multipart-True-linear-above_feature] PASSED [ 71%]
tests/test_record_display_consumers.py::test_plan_labels_select_projected_coverage_and_connect_leaders[origin-False-circular-horizontal] PASSED [ 71%]
tests/test_record_display_consumers.py::test_plan_labels_select_projected_coverage_and_connect_leaders[origin-False-circular-radial] PASSED [ 71%]
tests/test_record_display_consumers.py::test_plan_labels_select_projected_coverage_and_connect_leaders[origin-False-linear-auto] PASSED [ 71%]
tests/test_record_display_consumers.py::test_plan_labels_select_projected_coverage_and_connect_leaders[origin-False-linear-above_feature] PASSED [ 71%]
tests/test_record_display_consumers.py::test_plan_labels_select_projected_coverage_and_connect_leaders[origin-True-circular-horizontal] PASSED [ 71%]
tests/test_record_display_consumers.py::test_plan_labels_select_projected_coverage_and_connect_leaders[origin-True-circular-radial] PASSED [ 71%]
tests/test_record_display_consumers.py::test_plan_labels_select_projected_coverage_and_connect_leaders[origin-True-linear-auto] PASSED [ 71%]
tests/test_record_display_consumers.py::test_plan_labels_select_projected_coverage_and_connect_leaders[origin-True-linear-above_feature] PASSED [ 71%]
tests/test_record_display_consumers.py::test_plan_labels_select_projected_coverage_and_connect_leaders[tie-False-circular-horizontal] PASSED [ 71%]
tests/test_record_display_consumers.py::test_plan_labels_select_projected_coverage_and_connect_leaders[tie-False-circular-radial] PASSED [ 71%]
tests/test_record_display_consumers.py::test_plan_labels_select_projected_coverage_and_connect_leaders[tie-False-linear-auto] PASSED [ 71%]
tests/test_record_display_consumers.py::test_plan_labels_select_projected_coverage_and_connect_leaders[tie-False-linear-above_feature] PASSED [ 71%]
tests/test_record_display_consumers.py::test_plan_labels_select_projected_coverage_and_connect_leaders[tie-True-circular-horizontal] PASSED [ 71%]
tests/test_record_display_consumers.py::test_plan_labels_select_projected_coverage_and_connect_leaders[tie-True-circular-radial] PASSED [ 71%]
tests/test_record_display_consumers.py::test_plan_labels_select_projected_coverage_and_connect_leaders[tie-True-linear-auto] PASSED [ 71%]
tests/test_record_display_consumers.py::test_plan_labels_select_projected_coverage_and_connect_leaders[tie-True-linear-above_feature] PASSED [ 71%]
tests/test_record_display_consumers.py::test_plan_labels_select_projected_coverage_and_connect_leaders[empty-False-circular-horizontal] PASSED [ 71%]
tests/test_record_display_consumers.py::test_plan_labels_select_projected_coverage_and_connect_leaders[empty-False-circular-radial] PASSED [ 71%]
tests/test_record_display_consumers.py::test_plan_labels_select_projected_coverage_and_connect_leaders[empty-False-linear-auto] PASSED [ 71%]
tests/test_record_display_consumers.py::test_plan_labels_select_projected_coverage_and_connect_leaders[empty-False-linear-above_feature] PASSED [ 71%]
tests/test_record_display_consumers.py::test_plan_labels_select_projected_coverage_and_connect_leaders[empty-True-circular-horizontal] PASSED [ 71%]
tests/test_record_display_consumers.py::test_plan_labels_select_projected_coverage_and_connect_leaders[empty-True-circular-radial] PASSED [ 71%]
tests/test_record_display_consumers.py::test_plan_labels_select_projected_coverage_and_connect_leaders[empty-True-linear-auto] PASSED [ 72%]
tests/test_record_display_consumers.py::test_plan_labels_select_projected_coverage_and_connect_leaders[empty-True-linear-above_feature] PASSED [ 72%]
tests/test_record_display_consumers.py::test_consumer_cache_a_b_a_preserves_parse_identity_and_entire_svg[circular] PASSED [ 72%]
tests/test_record_display_consumers.py::test_consumer_cache_a_b_a_preserves_parse_identity_and_entire_svg[linear] PASSED [ 72%]
tests/test_record_display_consumers.py::test_rotation_preserves_physical_and_value_axes_and_definition_visibility[False-circular] PASSED [ 72%]
tests/test_record_display_consumers.py::test_rotation_preserves_physical_and_value_axes_and_definition_visibility[False-linear] PASSED [ 72%]
tests/test_record_display_consumers.py::test_rotation_preserves_physical_and_value_axes_and_definition_visibility[True-circular] PASSED [ 72%]
tests/test_record_display_consumers.py::test_rotation_preserves_physical_and_value_axes_and_definition_visibility[True-linear] PASSED [ 72%]
tests/test_record_display_consumers.py::test_multi_record_consumers_keep_instance_order_and_sparse_depth[circular-grid] PASSED [ 72%]
tests/test_record_display_consumers.py::test_multi_record_consumers_keep_instance_order_and_sparse_depth[circular-batch] PASSED [ 72%]
tests/test_record_display_consumers.py::test_multi_record_consumers_keep_instance_order_and_sparse_depth[linear-rows] PASSED [ 72%]
tests/test_record_display_consumers.py::test_multi_record_consumers_keep_instance_order_and_sparse_depth[linear-multi] PASSED [ 72%]
tests/test_record_display_consumers.py::test_empty_gc_series_pass_through_real_plan_without_phantom_data[circular] PASSED [ 72%]
tests/test_record_display_consumers.py::test_empty_gc_series_pass_through_real_plan_without_phantom_data[linear] PASSED [ 72%]
tests/test_record_display_consumers.py::test_dense_rotated_labels_keep_collision_bounds_and_actual_leader_endpoints[circular-horizontal] PASSED [ 72%]
tests/test_record_display_consumers.py::test_dense_rotated_labels_keep_collision_bounds_and_actual_leader_endpoints[circular-radial] PASSED [ 72%]
tests/test_record_display_consumers.py::test_dense_rotated_labels_keep_collision_bounds_and_actual_leader_endpoints[linear-auto] PASSED [ 72%]
tests/test_record_display_consumers.py::test_circular_tick_radial_reservation_is_rotation_invariant PASSED [ 72%]
tests/test_record_display_geometry.py::test_plan_factory_drawer_rotation_and_none_nonmutation[False-circular] PASSED [ 72%]
tests/test_record_display_geometry.py::test_plan_factory_drawer_rotation_and_none_nonmutation[False-linear] PASSED [ 72%]
tests/test_record_display_geometry.py::test_plan_factory_drawer_rotation_and_none_nonmutation[True-circular] PASSED [ 72%]
tests/test_record_display_geometry.py::test_plan_factory_drawer_rotation_and_none_nonmutation[True-linear] PASSED [ 72%]
tests/test_record_display_geometry.py::test_feature_fragment_coverage_terminals_and_unknown_strand[bounds0-False-1] PASSED [ 72%]
tests/test_record_display_geometry.py::test_feature_fragment_coverage_terminals_and_unknown_strand[bounds0-False--1] PASSED [ 72%]
tests/test_record_display_geometry.py::test_feature_fragment_coverage_terminals_and_unknown_strand[bounds0-False-None] PASSED [ 72%]
tests/test_record_display_geometry.py::test_feature_fragment_coverage_terminals_and_unknown_strand[bounds0-False-0] PASSED [ 72%]
tests/test_record_display_geometry.py::test_feature_fragment_coverage_terminals_and_unknown_strand[bounds0-True-1] PASSED [ 72%]
tests/test_record_display_geometry.py::test_feature_fragment_coverage_terminals_and_unknown_strand[bounds0-True--1] PASSED [ 72%]
tests/test_record_display_geometry.py::test_feature_fragment_coverage_terminals_and_unknown_strand[bounds0-True-None] PASSED [ 72%]
tests/test_record_display_geometry.py::test_feature_fragment_coverage_terminals_and_unknown_strand[bounds0-True-0] PASSED [ 72%]
tests/test_record_display_geometry.py::test_feature_fragment_coverage_terminals_and_unknown_strand[bounds1-False-1] PASSED [ 72%]
tests/test_record_display_geometry.py::test_feature_fragment_coverage_terminals_and_unknown_strand[bounds1-False--1] PASSED [ 72%]
tests/test_record_display_geometry.py::test_feature_fragment_coverage_terminals_and_unknown_strand[bounds1-False-None] PASSED [ 72%]
tests/test_record_display_geometry.py::test_feature_fragment_coverage_terminals_and_unknown_strand[bounds1-False-0] PASSED [ 72%]
tests/test_record_display_geometry.py::test_feature_fragment_coverage_terminals_and_unknown_strand[bounds1-True-1] PASSED [ 72%]
tests/test_record_display_geometry.py::test_feature_fragment_coverage_terminals_and_unknown_strand[bounds1-True--1] PASSED [ 72%]
tests/test_record_display_geometry.py::test_feature_fragment_coverage_terminals_and_unknown_strand[bounds1-True-None] PASSED [ 72%]
tests/test_record_display_geometry.py::test_feature_fragment_coverage_terminals_and_unknown_strand[bounds1-True-0] PASSED [ 72%]
tests/test_record_display_geometry.py::test_feature_fragment_coverage_terminals_and_unknown_strand[bounds2-False-1] PASSED [ 72%]
tests/test_record_display_geometry.py::test_feature_fragment_coverage_terminals_and_unknown_strand[bounds2-False--1] PASSED [ 72%]
tests/test_record_display_geometry.py::test_feature_fragment_coverage_terminals_and_unknown_strand[bounds2-False-None] PASSED [ 72%]
tests/test_record_display_geometry.py::test_feature_fragment_coverage_terminals_and_unknown_strand[bounds2-False-0] PASSED [ 72%]
tests/test_record_display_geometry.py::test_feature_fragment_coverage_terminals_and_unknown_strand[bounds2-True-1] PASSED [ 72%]
tests/test_record_display_geometry.py::test_feature_fragment_coverage_terminals_and_unknown_strand[bounds2-True--1] PASSED [ 72%]
tests/test_record_display_geometry.py::test_feature_fragment_coverage_terminals_and_unknown_strand[bounds2-True-None] PASSED [ 73%]
tests/test_record_display_geometry.py::test_feature_fragment_coverage_terminals_and_unknown_strand[bounds2-True-0] PASSED [ 73%]
tests/test_record_display_geometry.py::test_feature_fragment_coverage_terminals_and_unknown_strand[bounds3-False-1] PASSED [ 73%]
tests/test_record_display_geometry.py::test_feature_fragment_coverage_terminals_and_unknown_strand[bounds3-False--1] PASSED [ 73%]
tests/test_record_display_geometry.py::test_feature_fragment_coverage_terminals_and_unknown_strand[bounds3-False-None] PASSED [ 73%]
tests/test_record_display_geometry.py::test_feature_fragment_coverage_terminals_and_unknown_strand[bounds3-False-0] PASSED [ 73%]
tests/test_record_display_geometry.py::test_feature_fragment_coverage_terminals_and_unknown_strand[bounds3-True-1] PASSED [ 73%]
tests/test_record_display_geometry.py::test_feature_fragment_coverage_terminals_and_unknown_strand[bounds3-True--1] PASSED [ 73%]
tests/test_record_display_geometry.py::test_feature_fragment_coverage_terminals_and_unknown_strand[bounds3-True-None] PASSED [ 73%]
tests/test_record_display_geometry.py::test_feature_fragment_coverage_terminals_and_unknown_strand[bounds3-True-0] PASSED [ 73%]
tests/test_record_display_geometry.py::test_feature_fragment_coverage_terminals_and_unknown_strand[bounds4-False-1] PASSED [ 73%]
tests/test_record_display_geometry.py::test_feature_fragment_coverage_terminals_and_unknown_strand[bounds4-False--1] PASSED [ 73%]
tests/test_record_display_geometry.py::test_feature_fragment_coverage_terminals_and_unknown_strand[bounds4-False-None] PASSED [ 73%]
tests/test_record_display_geometry.py::test_feature_fragment_coverage_terminals_and_unknown_strand[bounds4-False-0] PASSED [ 73%]
tests/test_record_display_geometry.py::test_feature_fragment_coverage_terminals_and_unknown_strand[bounds4-True-1] PASSED [ 73%]
tests/test_record_display_geometry.py::test_feature_fragment_coverage_terminals_and_unknown_strand[bounds4-True--1] PASSED [ 73%]
tests/test_record_display_geometry.py::test_feature_fragment_coverage_terminals_and_unknown_strand[bounds4-True-None] PASSED [ 73%]
tests/test_record_display_geometry.py::test_feature_fragment_coverage_terminals_and_unknown_strand[bounds4-True-0] PASSED [ 73%]
tests/test_record_display_geometry.py::test_prepared_cache_start_a_b_a_reuses_source_and_record_membership[circular] PASSED [ 73%]
tests/test_record_display_geometry.py::test_prepared_cache_start_a_b_a_reuses_source_and_record_membership[linear] PASSED [ 73%]
tests/test_record_display_geometry.py::test_multipart_origin_and_connector_cut_keep_part_order[bounds0-1-False] PASSED [ 73%]
tests/test_record_display_geometry.py::test_multipart_origin_and_connector_cut_keep_part_order[bounds0-1-True] PASSED [ 73%]
tests/test_record_display_geometry.py::test_multipart_origin_and_connector_cut_keep_part_order[bounds0--1-False] PASSED [ 73%]
tests/test_record_display_geometry.py::test_multipart_origin_and_connector_cut_keep_part_order[bounds0--1-True] PASSED [ 73%]
tests/test_record_display_geometry.py::test_multipart_origin_and_connector_cut_keep_part_order[bounds1-1-False] PASSED [ 73%]
tests/test_record_display_geometry.py::test_multipart_origin_and_connector_cut_keep_part_order[bounds1-1-True] PASSED [ 73%]
tests/test_record_display_geometry.py::test_multipart_origin_and_connector_cut_keep_part_order[bounds1--1-False] PASSED [ 73%]
tests/test_record_display_geometry.py::test_multipart_origin_and_connector_cut_keep_part_order[bounds1--1-True] PASSED [ 73%]
tests/test_record_display_geometry.py::test_multipart_origin_and_connector_cut_keep_part_order[bounds2-1-False] PASSED [ 73%]
tests/test_record_display_geometry.py::test_multipart_origin_and_connector_cut_keep_part_order[bounds2-1-True] PASSED [ 73%]
tests/test_record_display_geometry.py::test_multipart_origin_and_connector_cut_keep_part_order[bounds2--1-False] PASSED [ 73%]
tests/test_record_display_geometry.py::test_multipart_origin_and_connector_cut_keep_part_order[bounds2--1-True] PASSED [ 73%]
tests/test_record_display_geometry.py::test_multi_record_builder_receives_each_instance_transform[circular] PASSED [ 73%]
tests/test_record_display_geometry.py::test_multi_record_builder_receives_each_instance_transform[linear] PASSED [ 73%]
tests/test_record_display_geometry.py::test_full_builder_empty_and_boundary_features[bounds0-1-circular] PASSED [ 73%]
tests/test_record_display_geometry.py::test_full_builder_empty_and_boundary_features[bounds0-1-linear] PASSED [ 73%]
tests/test_record_display_geometry.py::test_full_builder_empty_and_boundary_features[bounds0-10-circular] PASSED [ 73%]
tests/test_record_display_geometry.py::test_full_builder_empty_and_boundary_features[bounds0-10-linear] PASSED [ 73%]
tests/test_record_display_geometry.py::test_full_builder_empty_and_boundary_features[bounds1-1-circular] PASSED [ 73%]
tests/test_record_display_geometry.py::test_full_builder_empty_and_boundary_features[bounds1-1-linear] PASSED [ 73%]
tests/test_record_display_geometry.py::test_full_builder_empty_and_boundary_features[bounds1-10-circular] PASSED [ 73%]
tests/test_record_display_geometry.py::test_full_builder_empty_and_boundary_features[bounds1-10-linear] PASSED [ 73%]
tests/test_record_display_geometry.py::test_full_builder_empty_and_boundary_features[bounds2-1-circular] PASSED [ 73%]
tests/test_record_display_geometry.py::test_full_builder_empty_and_boundary_features[bounds2-1-linear] PASSED [ 74%]
tests/test_record_display_geometry.py::test_full_builder_empty_and_boundary_features[bounds2-10-circular] PASSED [ 74%]
tests/test_record_display_geometry.py::test_full_builder_empty_and_boundary_features[bounds2-10-linear] PASSED [ 74%]
tests/test_record_display_geometry.py::test_full_builder_empty_and_boundary_features[bounds3-1-circular] PASSED [ 74%]
tests/test_record_display_geometry.py::test_full_builder_empty_and_boundary_features[bounds3-1-linear] PASSED [ 74%]
tests/test_record_display_geometry.py::test_full_builder_empty_and_boundary_features[bounds3-10-circular] PASSED [ 74%]
tests/test_record_display_geometry.py::test_full_builder_empty_and_boundary_features[bounds3-10-linear] PASSED [ 74%]
tests/test_record_display_geometry.py::test_already_resolved_collection_rebinds_display_without_rc_or_crop PASSED [ 74%]
tests/test_record_display_geometry.py::test_empty_and_mixed_strand_parts_do_not_gain_connectors_or_new_terminals PASSED [ 74%]
tests/test_record_display_interactive_browser.py::test_display_fragments_preview_and_standalone_source_actions[linear-False-False] PASSED [ 74%]
tests/test_record_display_interactive_browser.py::test_display_fragments_preview_and_standalone_source_actions[circular-False-False] PASSED [ 74%]
tests/test_record_display_interactive_browser.py::test_display_fragments_preview_and_standalone_source_actions[linear-True-False] PASSED [ 74%]
tests/test_record_display_interactive_browser.py::test_display_fragments_preview_and_standalone_source_actions[circular-True-False] PASSED [ 74%]
tests/test_record_display_interactive_browser.py::test_display_fragments_preview_and_standalone_source_actions[linear-True-True] PASSED [ 74%]
tests/test_record_display_interactive_browser.py::test_display_fragments_preview_and_standalone_source_actions[circular-True-True] PASSED [ 74%]
tests/test_record_display_interactive_browser.py::test_standalone_rejects_conflicting_fragment_or_source_identity[endpoint] PASSED [ 74%]
tests/test_record_display_interactive_browser.py::test_standalone_rejects_conflicting_fragment_or_source_identity[fragment_index] PASSED [ 74%]
tests/test_record_display_interactive_browser.py::test_standalone_rejects_conflicting_fragment_or_source_identity[feature_claim] PASSED [ 74%]
tests/test_record_display_interactive_browser.py::test_circular_grid_match_actions_resolve_duplicate_record_instances PASSED [ 74%]
tests/test_record_display_surfaces.py::test_root_exports_the_typed_display_class PASSED [ 74%]
tests/test_record_display_surfaces.py::test_root_display_reaches_the_typed_renderer[None-circular] PASSED [ 74%]
tests/test_record_display_surfaces.py::test_root_display_reaches_the_typed_renderer[None-linear] PASSED [ 74%]
tests/test_record_display_surfaces.py::test_root_display_reaches_the_typed_renderer[1-circular] PASSED [ 74%]
tests/test_record_display_surfaces.py::test_root_display_reaches_the_typed_renderer[1-linear] PASSED [ 74%]
tests/test_record_display_surfaces.py::test_root_display_reaches_the_typed_renderer[120-circular] PASSED [ 74%]
tests/test_record_display_surfaces.py::test_root_display_reaches_the_typed_renderer[120-linear] PASSED [ 74%]
tests/test_record_display_surfaces.py::test_root_display_reaches_the_typed_renderer[25-circular] PASSED [ 74%]
tests/test_record_display_surfaces.py::test_root_display_reaches_the_typed_renderer[25-linear] PASSED [ 74%]
tests/test_record_display_surfaces.py::test_records_table_preserves_order_and_per_instance_display PASSED [ 74%]
tests/test_record_display_surfaces.py::test_current_writer_preserves_raw_display[display0] PASSED [ 74%]
tests/test_record_display_surfaces.py::test_current_writer_preserves_raw_display[display1] PASSED [ 74%]
tests/test_record_display_surfaces.py::test_current_writer_preserves_raw_display[display2] PASSED [ 74%]
tests/test_record_display_surfaces.py::test_root_validates_display_sequence[bad0-circular] PASSED [ 74%]
tests/test_record_display_surfaces.py::test_root_validates_display_sequence[bad0-linear] PASSED [ 74%]
tests/test_record_display_surfaces.py::test_root_validates_display_sequence[bad1-circular] PASSED [ 74%]
tests/test_record_display_surfaces.py::test_root_validates_display_sequence[bad1-linear] PASSED [ 74%]
tests/test_record_display_surfaces.py::test_root_validates_display_sequence[values2-circular] PASSED [ 74%]
tests/test_record_display_surfaces.py::test_root_validates_display_sequence[values2-linear] PASSED [ 74%]
tests/test_record_display_surfaces.py::test_root_validates_display_sequence[values3-circular] PASSED [ 74%]
tests/test_record_display_surfaces.py::test_root_validates_display_sequence[values3-linear] PASSED [ 74%]
tests/test_record_display_surfaces.py::test_root_validates_display_sequence[values4-circular] PASSED [ 74%]
tests/test_record_display_surfaces.py::test_root_validates_display_sequence[values4-linear] PASSED [ 74%]
tests/test_record_display_surfaces.py::test_root_validates_display_sequence[values5-circular] PASSED [ 74%]
tests/test_record_display_surfaces.py::test_root_validates_display_sequence[values5-linear] PASSED [ 75%]
tests/test_record_display_surfaces.py::test_root_uses_shared_biological_validation[linear-None-1-circular] PASSED [ 75%]
tests/test_record_display_surfaces.py::test_root_uses_shared_biological_validation[linear-None-1-linear] PASSED [ 75%]
tests/test_record_display_surfaces.py::test_root_uses_shared_biological_validation[unknown-None-25-circular] PASSED [ 75%]
tests/test_record_display_surfaces.py::test_root_uses_shared_biological_validation[unknown-None-25-linear] PASSED [ 75%]
tests/test_record_display_surfaces.py::test_root_uses_shared_biological_validation[circular-None-121-circular] PASSED [ 75%]
tests/test_record_display_surfaces.py::test_root_uses_shared_biological_validation[circular-None-121-linear] PASSED [ 75%]
tests/test_record_display_surfaces.py::test_root_and_typed_svg_parity[None-circular] PASSED [ 75%]
tests/test_record_display_surfaces.py::test_root_and_typed_svg_parity[None-linear] PASSED [ 75%]
tests/test_record_display_surfaces.py::test_root_and_typed_svg_parity[1-circular] PASSED [ 75%]
tests/test_record_display_surfaces.py::test_root_and_typed_svg_parity[1-linear] PASSED [ 75%]
tests/test_record_display_surfaces.py::test_root_and_typed_svg_parity[120-circular] PASSED [ 75%]
tests/test_record_display_surfaces.py::test_root_and_typed_svg_parity[120-linear] PASSED [ 75%]
tests/test_record_display_surfaces.py::test_root_and_typed_svg_parity[25-circular] PASSED [ 75%]
tests/test_record_display_surfaces.py::test_root_and_typed_svg_parity[25-linear] PASSED [ 75%]
tests/test_record_display_surfaces.py::test_cli_records_table_resolves_and_renders_like_typed[False-None-circular] PASSED [ 75%]
tests/test_record_display_surfaces.py::test_cli_records_table_resolves_and_renders_like_typed[False-None-linear] PASSED [ 75%]
tests/test_record_display_surfaces.py::test_cli_records_table_resolves_and_renders_like_typed[False-1-circular] PASSED [ 75%]
tests/test_record_display_surfaces.py::test_cli_records_table_resolves_and_renders_like_typed[False-1-linear] PASSED [ 75%]
tests/test_record_display_surfaces.py::test_cli_records_table_resolves_and_renders_like_typed[False-120-circular] PASSED [ 75%]
tests/test_record_display_surfaces.py::test_cli_records_table_resolves_and_renders_like_typed[False-120-linear] PASSED [ 75%]
tests/test_record_display_surfaces.py::test_cli_records_table_resolves_and_renders_like_typed[False-25-circular] PASSED [ 75%]
tests/test_record_display_surfaces.py::test_cli_records_table_resolves_and_renders_like_typed[False-25-linear] PASSED [ 75%]
tests/test_record_display_surfaces.py::test_cli_records_table_resolves_and_renders_like_typed[True-None-circular] PASSED [ 75%]
tests/test_record_display_surfaces.py::test_cli_records_table_resolves_and_renders_like_typed[True-None-linear] PASSED [ 75%]
tests/test_record_display_surfaces.py::test_cli_records_table_resolves_and_renders_like_typed[True-1-circular] PASSED [ 75%]
tests/test_record_display_surfaces.py::test_cli_records_table_resolves_and_renders_like_typed[True-1-linear] PASSED [ 75%]
tests/test_record_display_surfaces.py::test_cli_records_table_resolves_and_renders_like_typed[True-120-circular] PASSED [ 75%]
tests/test_record_display_surfaces.py::test_cli_records_table_resolves_and_renders_like_typed[True-120-linear] PASSED [ 75%]
tests/test_record_display_surfaces.py::test_cli_records_table_resolves_and_renders_like_typed[True-25-circular] PASSED [ 75%]
tests/test_record_display_surfaces.py::test_cli_records_table_resolves_and_renders_like_typed[True-25-linear] PASSED [ 75%]
tests/test_record_display_surfaces.py::test_cli_direct_flags_validate_cardinality_and_table_conflict[circular] PASSED [ 75%]
tests/test_record_display_surfaces.py::test_cli_direct_flags_validate_cardinality_and_table_conflict[linear] PASSED [ 75%]
tests/test_record_display_surfaces.py::test_table_reports_invalid_cell[wrong---topology] PASSED [ 75%]
tests/test_record_display_surfaces.py::test_table_reports_invalid_cell[auto-0--display_start] PASSED [ 75%]
tests/test_record_display_surfaces.py::test_table_reports_invalid_cell[auto-1.5--display_start] PASSED [ 75%]
tests/test_record_display_surfaces.py::test_table_reports_invalid_cell[linear-1--display_start] PASSED [ 75%]
tests/test_record_display_surfaces.py::test_table_reports_invalid_cell[circular-1-1-20-display_start] PASSED [ 75%]
tests/test_record_display_surfaces.py::test_api_session_save_preserves_display[circular] PASSED [ 75%]
tests/test_record_display_surfaces.py::test_api_session_save_preserves_display[linear] PASSED [ 75%]
tests/test_record_display_surfaces.py::test_cli_session_save_preserves_display[circular] PASSED [ 75%]
tests/test_record_display_surfaces.py::test_cli_session_save_preserves_display[linear] PASSED [ 75%]
tests/test_record_display_surfaces.py::test_direct_cli_command_executes_approved_flags[circular] PASSED [ 75%]
tests/test_record_display_surfaces.py::test_direct_cli_command_executes_approved_flags[linear] PASSED [ 76%]
tests/test_record_display_transform.py::test_raw_defaults_frozen_export_and_positional_compatibility PASSED [ 76%]
tests/test_record_display_transform.py::test_override_is_strict_bool[0] PASSED [ 76%]
tests/test_record_display_transform.py::test_override_is_strict_bool[1] PASSED [ 76%]
tests/test_record_display_transform.py::test_override_is_strict_bool[true] PASSED [ 76%]
tests/test_record_display_transform.py::test_override_is_strict_bool[] PASSED [ 76%]
tests/test_record_display_transform.py::test_override_is_strict_bool[value4] PASSED [ 76%]
tests/test_record_display_transform.py::test_override_is_strict_bool[1.0] PASSED [ 76%]
tests/test_record_display_transform.py::test_start_is_positive_non_bool_integer[True] PASSED [ 76%]
tests/test_record_display_transform.py::test_start_is_positive_non_bool_integer[False] PASSED [ 76%]
tests/test_record_display_transform.py::test_start_is_positive_non_bool_integer[0] PASSED [ 76%]
tests/test_record_display_transform.py::test_start_is_positive_non_bool_integer[-1] PASSED [ 76%]
tests/test_record_display_transform.py::test_start_is_positive_non_bool_integer[1.0] PASSED [ 76%]
tests/test_record_display_transform.py::test_start_is_positive_non_bool_integer[1] PASSED [ 76%]
tests/test_record_display_transform.py::test_start_is_positive_non_bool_integer[value6] PASSED [ 76%]
tests/test_record_display_transform.py::test_explicit_linear_start_rejected PASSED [ 76%]
tests/test_record_display_transform.py::test_resolved_topology[None-circular] PASSED [ 76%]
tests/test_record_display_transform.py::test_resolved_topology[None-linear] PASSED [ 76%]
tests/test_record_display_transform.py::test_resolved_topology[None-unknown] PASSED [ 76%]
tests/test_record_display_transform.py::test_resolved_topology[True-circular] PASSED [ 76%]
tests/test_record_display_transform.py::test_resolved_topology[True-linear] PASSED [ 76%]
tests/test_record_display_transform.py::test_resolved_topology[True-unknown] PASSED [ 76%]
tests/test_record_display_transform.py::test_resolved_topology[False-circular] PASSED [ 76%]
tests/test_record_display_transform.py::test_resolved_topology[False-linear] PASSED [ 76%]
tests/test_record_display_transform.py::test_resolved_topology[False-unknown] PASSED [ 76%]
tests/test_record_display_transform.py::test_resolved_validation[kwargs0] PASSED [ 76%]
tests/test_record_display_transform.py::test_resolved_validation[kwargs1] PASSED [ 76%]
tests/test_record_display_transform.py::test_resolved_validation[kwargs2] PASSED [ 76%]
tests/test_record_display_transform.py::test_resolved_validation[kwargs3] PASSED [ 76%]
tests/test_record_display_transform.py::test_resolved_validation[kwargs4] PASSED [ 76%]
tests/test_record_display_transform.py::test_resolved_validation[kwargs5] PASSED [ 76%]
tests/test_record_display_transform.py::test_resolved_validation[kwargs6] PASSED [ 76%]
tests/test_record_display_transform.py::test_resolved_validation[kwargs7] PASSED [ 76%]
tests/test_record_display_transform.py::test_resolved_validation[kwargs8] PASSED [ 76%]
tests/test_record_display_transform.py::test_resolved_validation[kwargs9] PASSED [ 76%]
tests/test_record_display_transform.py::test_resolved_validation[kwargs10] PASSED [ 76%]
tests/test_record_display_transform.py::test_resolved_validation[kwargs11] PASSED [ 76%]
tests/test_record_display_transform.py::test_resolved_validation[kwargs12] PASSED [ 76%]
tests/test_record_display_transform.py::test_resolved_validation[kwargs13] PASSED [ 76%]
tests/test_record_display_transform.py::test_resolved_validation[kwargs14] PASSED [ 76%]
tests/test_record_display_transform.py::test_unknown_and_linear_require_override[linear] PASSED [ 76%]
tests/test_record_display_transform.py::test_unknown_and_linear_require_override[unknown] PASSED [ 76%]
tests/test_record_display_transform.py::test_independent_base_and_boundary_oracle[1-None-bases0-boundaries0] PASSED [ 76%]
tests/test_record_display_transform.py::test_independent_base_and_boundary_oracle[1-1-bases1-boundaries1] PASSED [ 77%]
tests/test_record_display_transform.py::test_independent_base_and_boundary_oracle[1-10-bases2-boundaries2] PASSED [ 77%]
tests/test_record_display_transform.py::test_independent_base_and_boundary_oracle[1-5-bases3-boundaries3] PASSED [ 77%]
tests/test_record_display_transform.py::test_independent_base_and_boundary_oracle[-1-None-bases4-boundaries4] PASSED [ 77%]
tests/test_record_display_transform.py::test_independent_base_and_boundary_oracle[-1-1-bases5-boundaries5] PASSED [ 77%]
tests/test_record_display_transform.py::test_independent_base_and_boundary_oracle[-1-10-bases6-boundaries6] PASSED [ 77%]
tests/test_record_display_transform.py::test_independent_base_and_boundary_oracle[-1-5-bases7-boundaries7] PASSED [ 77%]
tests/test_record_display_transform.py::test_inverse_permutation_and_fragment_length_properties[1] PASSED [ 77%]
tests/test_record_display_transform.py::test_inverse_permutation_and_fragment_length_properties[-1] PASSED [ 77%]
tests/test_record_display_transform.py::test_transform_constructor_validation[kwargs0] PASSED [ 77%]
tests/test_record_display_transform.py::test_transform_constructor_validation[kwargs1] PASSED [ 77%]
tests/test_record_display_transform.py::test_transform_constructor_validation[kwargs2] PASSED [ 77%]
tests/test_record_display_transform.py::test_transform_constructor_validation[kwargs3] PASSED [ 77%]
tests/test_record_display_transform.py::test_transform_constructor_validation[kwargs4] PASSED [ 77%]
tests/test_record_display_transform.py::test_transform_constructor_validation[kwargs5] PASSED [ 77%]
tests/test_record_display_transform.py::test_transform_constructor_validation[kwargs6] PASSED [ 77%]
tests/test_record_display_transform.py::test_scalar_domains[source_base_to_display_index-values0] PASSED [ 77%]
tests/test_record_display_transform.py::test_scalar_domains[source_boundary_to_display_offset-values1] PASSED [ 77%]
tests/test_record_display_transform.py::test_scalar_domains[display_index_to_source_base-values2] PASSED [ 77%]
tests/test_record_display_transform.py::test_cut_fragments_have_real_terminals_only[1-5-expected0] PASSED [ 77%]
tests/test_record_display_transform.py::test_cut_fragments_have_real_terminals_only[-1-5-expected1] PASSED [ 77%]
tests/test_record_display_transform.py::test_multipart_origin_order_and_terminals[1-1] PASSED [ 77%]
tests/test_record_display_transform.py::test_multipart_origin_order_and_terminals[1--1] PASSED [ 77%]
tests/test_record_display_transform.py::test_multipart_origin_order_and_terminals[-1-1] PASSED [ 77%]
tests/test_record_display_transform.py::test_multipart_origin_order_and_terminals[-1--1] PASSED [ 77%]
tests/test_record_display_transform.py::test_length_one_base_boundary_full_and_empty[1] PASSED [ 77%]
tests/test_record_display_transform.py::test_length_one_base_boundary_full_and_empty[-1] PASSED [ 77%]
tests/test_record_display_transform.py::test_unset_local_fast_paths_and_existing_crop_affine_meaning PASSED [ 77%]
tests/test_record_display_transform.py::test_series_sampled_unsampled_and_origin_gap[1-5-expected0-True] PASSED [ 77%]
tests/test_record_display_transform.py::test_series_sampled_unsampled_and_origin_gap[1-4-expected1-False] PASSED [ 77%]
tests/test_record_display_transform.py::test_series_sampled_unsampled_and_origin_gap[-1-4-expected2-True] PASSED [ 77%]
tests/test_record_display_transform.py::test_series_sampled_unsampled_and_origin_gap[-1-3-expected3-False] PASSED [ 77%]
tests/test_record_display_transform.py::test_series_sampled_unsampled_and_origin_gap[1-10-expected4-False] PASSED [ 77%]
tests/test_record_display_transform.py::test_empty_single_sample_and_unset_series PASSED [ 77%]
tests/test_record_display_transform.py::test_alignment_cut_oracle[1-None-span0-expected0] PASSED [ 77%]
tests/test_record_display_transform.py::test_alignment_cut_oracle[1-1-span1-expected1] PASSED [ 77%]
tests/test_record_display_transform.py::test_alignment_cut_oracle[1-5-span2-expected2] PASSED [ 77%]
tests/test_record_display_transform.py::test_alignment_cut_oracle[-1-5-span3-expected3] PASSED [ 77%]
tests/test_record_display_transform.py::test_alignment_cut_oracle[1-5-span4-expected4] PASSED [ 77%]
tests/test_record_display_transform.py::test_alignment_cut_oracle[-1-5-span5-expected5] PASSED [ 77%]
tests/test_record_display_transform.py::test_alignment_cut_oracle[1-5-span6-expected6] PASSED [ 77%]
tests/test_record_display_transform.py::test_alignment_cut_oracle[1-5-span7-expected7] PASSED [ 77%]
tests/test_record_display_transform.py::test_alignment_cut_oracle[1-5-span8-expected8] PASSED [ 77%]
tests/test_record_display_transform.py::test_alignment_query_subject_union_uses_one_parameter PASSED [ 78%]
tests/test_record_display_transform.py::test_projection_nonmutation_and_local_explicit_equivalence PASSED [ 78%]
tests/test_record_display_transform.py::test_transform_import_boundary PASSED [ 78%]
tests/test_record_display_transform.py::test_unset_forward_and_reverse_crop_source_fragments[1] PASSED [ 78%]
tests/test_record_display_transform.py::test_unset_forward_and_reverse_crop_source_fragments[-1] PASSED [ 78%]
tests/test_record_display_transform.py::test_nonuniform_periodic_series_interpolation_preserves_sample_identity PASSED [ 78%]
tests/test_record_display_transform.py::test_empty_parts_have_no_terminals[parts0] PASSED [ 78%]
tests/test_record_display_transform.py::test_empty_parts_have_no_terminals[parts1] PASSED [ 78%]
tests/test_record_display_transform.py::test_multipart_preserves_explicitly_absent_terminals_and_default_ordinals PASSED [ 78%]
tests/test_record_display_transform.py::test_interval_domain_validation[args0] PASSED [ 78%]
tests/test_record_display_transform.py::test_interval_domain_validation[args1] PASSED [ 78%]
tests/test_record_display_transform.py::test_interval_domain_validation[args2] PASSED [ 78%]
tests/test_record_display_transform.py::test_interval_domain_validation[args3] PASSED [ 78%]
tests/test_record_display_transform.py::test_interval_domain_validation[args4] PASSED [ 78%]
tests/test_record_display_transform.py::test_interval_domain_validation[args5] PASSED [ 78%]
tests/test_record_display_transform.py::test_projection_rejects_out_of_source_domain PASSED [ 78%]
tests/test_record_display_transform.py::test_series_rejects_nonfinite_or_coerced_values[nan-1] PASSED [ 78%]
tests/test_record_display_transform.py::test_series_rejects_nonfinite_or_coerced_values[0-inf] PASSED [ 78%]
tests/test_record_display_transform.py::test_series_rejects_nonfinite_or_coerced_values[True-1] PASSED [ 78%]
tests/test_record_display_transform.py::test_series_rejects_nonfinite_or_coerced_values[1-2] PASSED [ 78%]
tests/test_record_planning.py::test_display_context_preserves_source_and_orientation[None-False] PASSED [ 78%]
tests/test_record_planning.py::test_display_context_preserves_source_and_orientation[None-True] PASSED [ 78%]
tests/test_record_planning.py::test_display_context_preserves_source_and_orientation[1-False] PASSED [ 78%]
tests/test_record_planning.py::test_display_context_preserves_source_and_orientation[1-True] PASSED [ 78%]
tests/test_record_planning.py::test_display_context_preserves_source_and_orientation[5-False] PASSED [ 78%]
tests/test_record_planning.py::test_display_context_preserves_source_and_orientation[5-True] PASSED [ 78%]
tests/test_record_planning.py::test_display_context_preserves_source_and_orientation[10-False] PASSED [ 78%]
tests/test_record_planning.py::test_display_context_preserves_source_and_orientation[10-True] PASSED [ 78%]
tests/test_record_planning.py::test_display_all_reports_the_invalid_record PASSED [ 78%]
tests/test_record_planning.py::test_record_cardinality_exactly_one_first_and_all PASSED [ 78%]
tests/test_record_planning.py::test_record_source_is_loaded_once_for_multiple_selectors PASSED [ 78%]
tests/test_record_planning.py::test_selection_reverse_region_order_and_provenance PASSED [ 78%]
tests/test_record_planning.py::test_region_reverse_crops_once_and_flips_boundary_crossing_feature PASSED [ 78%]
tests/test_record_planning.py::test_batch_output_policy_disambiguates_duplicate_record_ids PASSED [ 78%]
tests/test_record_planning.py::test_implicit_circular_output_rejects_path_like_record_ids[nested/record] PASSED [ 78%]
tests/test_record_planning.py::test_implicit_circular_output_rejects_path_like_record_ids[../record] PASSED [ 78%]
tests/test_record_planning.py::test_implicit_circular_output_rejects_path_like_record_ids[/absolute/record] PASSED [ 78%]
tests/test_record_planning.py::test_implicit_circular_output_rejects_path_like_record_ids[nested\\record] PASSED [ 78%]
tests/test_record_planning.py::test_implicit_circular_output_rejects_path_like_record_ids[record\x00hidden] PASSED [ 78%]
tests/test_record_planning.py::test_implicit_circular_output_rejects_path_like_record_ids[record\nhidden] PASSED [ 78%]
tests/test_record_planning.py::test_implicit_circular_output_rejects_path_like_record_ids[NUL] PASSED [ 78%]
tests/test_record_planning.py::test_implicit_circular_output_rejects_path_like_record_ids[record:stream] PASSED [ 78%]
tests/test_record_planning.py::test_implicit_circular_grid_output_rejects_path_like_record_id PASSED [ 78%]
tests/test_record_planning.py::test_batch_request_expands_all_records_before_resolving_outputs PASSED [ 79%]
tests/test_record_planning.py::test_linear_comparison_table_resolves_after_record_expansion PASSED [ 79%]
tests/test_record_planning.py::test_linear_comparison_reader_does_not_hide_unexpected_errors PASSED [ 79%]
tests/test_record_planning.py::test_current_schema_round_trips_unresolved_then_materializes_session PASSED [ 79%]
tests/test_record_planning.py::test_cli_legacy_cardinality_is_explicit[False-1-False-all] PASSED [ 79%]
tests/test_record_planning.py::test_cli_legacy_cardinality_is_explicit[False-1-True-all] PASSED [ 79%]
tests/test_record_planning.py::test_cli_legacy_cardinality_is_explicit[False-2-True-first] PASSED [ 79%]
tests/test_record_planning.py::test_cli_legacy_cardinality_is_explicit[True-1-False-all] PASSED [ 79%]
tests/test_record_planning.py::test_cli_legacy_cardinality_is_explicit[True-1-True-first] PASSED [ 79%]
tests/test_record_planning.py::test_record_collection_labels_are_strict_strings PASSED [ 79%]
tests/test_record_planning.py::test_cli_adapters_do_not_import_or_call_domain_table_readers PASSED [ 79%]
tests/test_record_planning.py::test_display_resolver_observes_source_topology[circular-None-True] PASSED [ 79%]
tests/test_record_planning.py::test_display_resolver_observes_source_topology[linear-None-False] PASSED [ 79%]
tests/test_record_planning.py::test_display_resolver_observes_source_topology[None-None-False] PASSED [ 79%]
tests/test_record_planning.py::test_display_resolver_observes_source_topology[other-True-True] PASSED [ 79%]
tests/test_record_planning.py::test_display_resolver_observes_source_topology[LINEAR-True-True] PASSED [ 79%]
tests/test_record_planning.py::test_display_resolver_observes_source_topology[ Circular -None-True] PASSED [ 79%]
tests/test_record_planning.py::test_display_materialization_and_replanning_keeps_rotation[False] PASSED [ 79%]
tests/test_record_planning.py::test_display_materialization_and_replanning_keeps_rotation[True] PASSED [ 79%]
tests/test_record_planning.py::test_display_collection_crop_targets_only_the_selected_record PASSED [ 79%]
tests/test_record_planning.py::test_display_input_crop_and_known_materialized_crop_validation PASSED [ 79%]
tests/test_record_planning.py::test_display_batch_and_duplicate_instances_keep_aligned_context PASSED [ 79%]
tests/test_record_planning.py::test_display_zero_length_rejected_with_context PASSED [ 79%]
tests/test_record_planning.py::test_display_unset_preserves_external_crop_source_length[False-False-False] PASSED [ 79%]
tests/test_record_planning.py::test_display_unset_preserves_external_crop_source_length[False-False-True] PASSED [ 79%]
tests/test_record_planning.py::test_display_unset_preserves_external_crop_source_length[False-True-False] PASSED [ 79%]
tests/test_record_planning.py::test_display_unset_preserves_external_crop_source_length[False-True-True] PASSED [ 79%]
tests/test_record_planning.py::test_display_unset_preserves_external_crop_source_length[True-False-False] PASSED [ 79%]
tests/test_record_planning.py::test_display_unset_preserves_external_crop_source_length[True-False-True] PASSED [ 79%]
tests/test_record_planning.py::test_display_unset_preserves_external_crop_source_length[True-True-False] PASSED [ 79%]
tests/test_record_planning.py::test_display_unset_preserves_external_crop_source_length[True-True-True] PASSED [ 79%]
tests/test_refresh_gallery_sessions.py::test_default_refresh_inventory_covers_gallery_and_test_input_sessions PASSED [ 79%]
tests/test_refresh_gallery_sessions.py::test_gallery_file_transaction_restores_all_outputs_on_failure PASSED [ 79%]
tests/test_refresh_gallery_sessions.py::test_prepare_gallery_assets_help_imports_without_circular_dependency PASSED [ 79%]
tests/test_refresh_gallery_sessions.py::test_session_path_prefers_existing_compressed_gallery_session PASSED [ 79%]
tests/test_refresh_gallery_sessions.py::test_gallery_artifact_limits_match_phase_two_targets PASSED [ 79%]
tests/test_refresh_gallery_sessions.py::test_interactive_svg_measurements_decode_compressed_schema_three PASSED [ 79%]
tests/test_refresh_gallery_sessions.py::test_vibrio_gallery_interactive_svg_meets_regenerated_targets PASSED [ 79%]
tests/test_refresh_gallery_sessions.py::test_session_artifact_measurements_report_component_bytes PASSED [ 79%]
tests/test_refresh_gallery_sessions.py::test_current_session_catalog_structure_rejects_duplicate_payloads PASSED [ 79%]
tests/test_refresh_gallery_sessions.py::test_vibrio_gallery_session_retains_complete_compact_cache PASSED [ 79%]
tests/test_refresh_gallery_sessions.py::test_gallery_session_inventory_matches_files_and_examples PASSED [ 79%]
tests/test_refresh_gallery_sessions.py::test_all_bundled_sessions_use_supported_request_and_current_artifact_schemas PASSED [ 79%]
tests/test_refresh_gallery_sessions.py::test_bundled_gallery_sources_match_current_session_results PASSED [ 80%]
tests/test_refresh_gallery_sessions.py::test_staged_gallery_validator_requires_fresh_track_geometry PASSED [ 80%]
tests/test_refresh_gallery_sessions.py::test_staged_gallery_validator_rejects_circular_feature_lane_regression PASSED [ 80%]
tests/test_refresh_gallery_sessions.py::test_staged_gallery_validator_rejects_linear_spacing_regression PASSED [ 80%]
tests/test_refresh_gallery_sessions.py::test_staged_gallery_validator_skips_empty_feature_before_numeric_tracks PASSED [ 80%]
tests/test_refresh_gallery_sessions.py::test_staged_gallery_validator_allows_custom_extra_spacing PASSED [ 80%]
tests/test_refresh_gallery_sessions.py::test_refresh_records_resolved_track_geometry PASSED [ 80%]
tests/test_refresh_gallery_sessions.py::test_linear_schema5_publication_preserves_materialized_cardinality_round_trip PASSED [ 80%]
tests/test_refresh_gallery_sessions.py::test_staged_gallery_validator_accepts_current_artifact_schemas PASSED [ 80%]
tests/test_refresh_gallery_sessions.py::test_gallery_session_refresh_does_not_partially_replace_on_failure PASSED [ 80%]
tests/test_refresh_gallery_sessions.py::test_prepare_gallery_assets_preserves_existing_source_svgs PASSED [ 80%]
tests/test_refresh_gallery_sessions.py::test_gallery_result_sync_updates_track_geometry_result_name PASSED [ 80%]
tests/test_refresh_gallery_sessions.py::test_gallery_source_refresh_replaces_existing_svg_from_session PASSED [ 80%]
tests/test_refresh_gallery_sessions.py::test_gallery_source_migrates_legacy_multipart_feature_ids PASSED [ 80%]
tests/test_refresh_gallery_sessions.py::test_gallery_source_rejects_feature_metadata_without_popup_details PASSED [ 80%]
tests/test_refresh_gallery_sessions.py::test_gallery_validators_materialize_catalog_sequence_references PASSED [ 80%]
tests/test_refresh_gallery_sessions.py::test_gallery_sequence_source_validation_is_bounded_by_source_count PASSED [ 80%]
tests/test_refresh_gallery_sessions.py::test_gallery_payload_requires_complete_resolvable_orthogroups PASSED [ 80%]
tests/test_refresh_gallery_sessions.py::test_gallery_payload_keeps_hidden_orthogroup_members_in_biological_catalog PASSED [ 80%]
tests/test_refresh_gallery_sessions.py::test_gallery_session_features_seed_biological_catalog PASSED [ 80%]
tests/test_refresh_gallery_sessions.py::test_orthogroup_gallery_preserves_session_members_and_rendered_ids[hepatoplasmataceae_orthogroup-577-2566-0] PASSED [ 80%]
tests/test_refresh_gallery_sessions.py::test_orthogroup_gallery_preserves_session_members_and_rendered_ids[majanivirus_orthogroup-152-826-0] PASSED [ 80%]
tests/test_regression.py::TestBasicFunctionality::test_help_command PASSED [ 80%]
tests/test_regression.py::TestBasicFunctionality::test_circular_help PASSED [ 80%]
tests/test_regression.py::TestBasicFunctionality::test_linear_help PASSED [ 80%]
tests/test_regression.py::TestBasicFunctionality::test_unknown_command_lists_every_surface PASSED [ 80%]
tests/test_regression.py::TestCircularRegression::test_mje_nmv_basic PASSED [ 80%]
tests/test_regression.py::TestCircularRegression::test_mje_nmv_with_labels PASSED [ 80%]
tests/test_regression.py::TestCircularRegression::test_track_types PASSED [ 80%]
tests/test_regression.py::TestCircularRegression::test_gc_skew_options PASSED [ 80%]
tests/test_regression.py::TestLinearRegression::test_single_genome_linear PASSED [ 80%]
tests/test_regression.py::TestLinearRegression::test_multi_genome_linear PASSED [ 80%]
tests/test_regression.py::TestLinearRegression::test_linear_with_blast PASSED [ 80%]
tests/test_regression.py::TestLinearRegression::test_linear_with_gc_skew PASSED [ 80%]
tests/test_regression.py::TestColorPalettes::test_palette[default] PASSED [ 80%]
tests/test_regression.py::TestColorPalettes::test_palette[ajisai] PASSED [ 80%]
tests/test_regression.py::TestColorPalettes::test_palette[arctic] PASSED [ 80%]
tests/test_regression.py::TestColorPalettes::test_palette[autumn] PASSED [ 80%]
tests/test_regression.py::TestColorPalettes::test_palette[forest] PASSED [ 80%]
tests/test_regression.py::TestColorPalettes::test_palette[fugaku] PASSED [ 80%]
tests/test_regression.py::TestColorPalettes::test_palette[mint] PASSED   [ 80%]
tests/test_regression.py::TestColorPalettes::test_palette[orchid] PASSED [ 80%]
tests/test_regression.py::TestColorPalettes::test_palette[sakura] PASSED [ 80%]
tests/test_regression.py::TestColorPalettes::test_palette[soft_pastels] PASSED [ 81%]
tests/test_regression.py::TestSVGComparison::test_identical_svgs PASSED  [ 81%]
tests/test_regression.py::TestSVGComparison::test_different_svgs PASSED  [ 81%]
tests/test_regression.py::TestSVGComparison::test_float_tolerance PASSED [ 81%]
tests/test_regression.py::TestSVGComparison::test_composition_metadata_float_tolerance PASSED [ 81%]
tests/test_regression.py::TestSVGComparison::test_basic_css_color_keyword_tolerance PASSED [ 81%]
tests/test_regression.py::TestSVGComparison::test_attribute_order_tolerance PASSED [ 81%]
tests/test_release_pipeline.py::test_release_admits_exact_main_tag[False] PASSED [ 81%]
tests/test_release_pipeline.py::test_release_admits_exact_main_tag[True] PASSED [ 81%]
tests/test_release_pipeline.py::test_release_admits_final_and_historical_main_source PASSED [ 81%]
tests/test_release_pipeline.py::test_release_rejects_missing_source_refs[refs/remotes/origin/main] PASSED [ 81%]
tests/test_release_pipeline.py::test_release_rejects_missing_source_refs[refs/tags/v0.14.0rc1] PASSED [ 81%]
tests/test_release_pipeline.py::test_release_rejects_wrong_event_identity[GITHUB_REF-refs/tags/v0.14.0] PASSED [ 81%]
tests/test_release_pipeline.py::test_release_rejects_wrong_event_identity[GITHUB_REF-refs/heads/main] PASSED [ 81%]
tests/test_release_pipeline.py::test_release_rejects_wrong_event_identity[GITHUB_REF-v0.14.0rc1] PASSED [ 81%]
tests/test_release_pipeline.py::test_release_rejects_wrong_event_identity[GITHUB_REF-refs/tags/v0.14.0b0] PASSED [ 81%]
tests/test_release_pipeline.py::test_release_rejects_wrong_event_identity[GITHUB_REF-refs/tags/v0.14.0rc1/extra] PASSED [ 81%]
tests/test_release_pipeline.py::test_release_rejects_wrong_event_identity[GITHUB_REF_TYPE-branch] PASSED [ 81%]
tests/test_release_pipeline.py::test_release_rejects_wrong_event_identity[GITHUB_EVENT_NAME-workflow_dispatch] PASSED [ 81%]
tests/test_release_pipeline.py::test_release_rejects_wrong_event_identity[GITHUB_EVENT_NAME-push] PASSED [ 81%]
tests/test_release_pipeline.py::test_release_rejects_wrong_event_identity[GITHUB_SHA-HEAD] PASSED [ 81%]
tests/test_release_pipeline.py::test_release_rejects_wrong_event_identity[GITHUB_SHA-0000000000000000000000000000000000000000] PASSED [ 81%]
tests/test_release_pipeline.py::test_release_rejects_other_release_actions[created] PASSED [ 81%]
tests/test_release_pipeline.py::test_release_rejects_other_release_actions[edited] PASSED [ 81%]
tests/test_release_pipeline.py::test_release_rejects_other_release_actions[deleted] PASSED [ 81%]
tests/test_release_pipeline.py::test_release_rejects_other_release_actions[unpublished] PASSED [ 81%]
tests/test_release_pipeline.py::test_release_rejects_other_release_actions[released] PASSED [ 81%]
tests/test_release_pipeline.py::test_release_rejects_other_release_actions[prereleased] PASSED [ 81%]
tests/test_release_pipeline.py::test_release_rejects_unpublished_or_mismatched_release[None] PASSED [ 81%]
tests/test_release_pipeline.py::test_release_rejects_unpublished_or_mismatched_release[release1] PASSED [ 81%]
tests/test_release_pipeline.py::test_release_rejects_unpublished_or_mismatched_release[release2] PASSED [ 81%]
tests/test_release_pipeline.py::test_release_rejects_unpublished_or_mismatched_release[release3] PASSED [ 81%]
tests/test_release_pipeline.py::test_release_rejects_unpublished_or_mismatched_release[release4] PASSED [ 81%]
tests/test_release_pipeline.py::test_release_rejects_wrong_source[non-main] PASSED [ 81%]
tests/test_release_pipeline.py::test_release_rejects_wrong_source[side-parent] PASSED [ 81%]
tests/test_release_pipeline.py::test_release_rejects_wrong_source[wrong-checkout] PASSED [ 81%]
tests/test_release_pipeline.py::test_release_rejects_wrong_source[moved-tag] PASSED [ 81%]
tests/test_release_pipeline.py::test_release_rejects_wrong_source[dirty] PASSED [ 81%]
tests/test_release_pipeline.py::test_release_distribution_pair_reuses_package_inspectors[missing-wheel] PASSED [ 81%]
tests/test_release_pipeline.py::test_release_distribution_pair_reuses_package_inspectors[missing-sdist] PASSED [ 81%]
tests/test_release_pipeline.py::test_release_distribution_pair_reuses_package_inspectors[extra] PASSED [ 81%]
tests/test_release_pipeline.py::test_release_distribution_pair_reuses_package_inspectors[wheel-version] PASSED [ 81%]
tests/test_release_pipeline.py::test_release_distribution_pair_reuses_package_inspectors[sdist-version] PASSED [ 81%]
tests/test_release_pipeline.py::test_release_distribution_pair_reuses_package_inspectors[missing-content] PASSED [ 81%]
tests/test_release_pipeline.py::test_release_distribution_pair_reuses_package_inspectors[missing-wheel-content] PASSED [ 82%]
tests/test_release_pipeline.py::test_release_distribution_pair_reuses_package_inspectors[None] PASSED [ 82%]
tests/test_render_composition.py::test_apply_plan_composes_outer_transforms_and_syncs_root_once PASSED [ 82%]
tests/test_render_composition.py::test_composition_metadata_schema_one_is_exact_and_deterministic PASSED [ 82%]
tests/test_render_composition.py::test_apply_plan_preserves_defs_ids_and_local_references PASSED [ 82%]
tests/test_render_composition.py::test_absent_decorations_are_explicit_in_metadata PASSED [ 82%]
tests/test_render_composition.py::test_directly_constructed_target_accepts_internal_role_metadata PASSED [ 82%]
tests/test_render_composition.py::test_reapplication_fails_without_mutating_applied_state PASSED [ 82%]
tests/test_render_composition.py::test_binding_error_is_reported_before_any_svg_mutation PASSED [ 82%]
tests/test_render_composition.py::test_legend_reflow_metrics_are_required_and_strict[None-legend target requires legend reflow metrics] PASSED [ 82%]
tests/test_render_composition.py::test_legend_reflow_metrics_are_required_and_strict[metrics1-invalid field set] PASSED [ 82%]
tests/test_render_composition.py::test_legend_reflow_metrics_are_required_and_strict[metrics2-finite and positive] PASSED [ 82%]
tests/test_render_composition.py::test_legend_reflow_metrics_are_required_and_strict[metrics3-finite and positive] PASSED [ 82%]
tests/test_render_composition.py::test_legend_reflow_metrics_are_required_and_strict[metrics4-finite and positive] PASSED [ 82%]
tests/test_render_composition.py::test_legend_reflow_metrics_are_required_and_strict[metrics5-finite and positive] PASSED [ 82%]
tests/test_render_profiles.py::test_render_profiles_read_independent_mode_specific_label_settings[outer-all] PASSED [ 82%]
tests/test_render_profiles.py::test_render_profiles_read_independent_mode_specific_label_settings[none-none] PASSED [ 82%]
tests/test_render_profiles.py::test_render_profiles_read_independent_mode_specific_label_settings[both-first] PASSED [ 82%]
tests/test_render_profiles.py::test_render_profiles_read_independent_mode_specific_label_settings[outer-orthogroup_top] PASSED [ 82%]
tests/test_render_profiles.py::test_config_rejects_linear_label_policies_in_circular_schema[first] PASSED [ 82%]
tests/test_render_profiles.py::test_config_rejects_linear_label_policies_in_circular_schema[orthogroup_top] PASSED [ 82%]
tests/test_render_profiles.py::test_circular_option_resolution_rejects_linear_label_policies[first] PASSED [ 82%]
tests/test_render_profiles.py::test_circular_option_resolution_rejects_linear_label_policies[orthogroup_top] PASSED [ 82%]
tests/test_render_profiles.py::test_circular_option_resolution_rejects_linear_label_policies[sometimes] PASSED [ 82%]
tests/test_render_profiles.py::test_circular_options_reject_linear_label_scope_override PASSED [ 82%]
tests/test_render_profiles.py::test_linear_options_reject_circular_label_scope_override PASSED [ 82%]
tests/test_render_profiles.py::test_circular_profile_never_interprets_linear_label_policy PASSED [ 82%]
tests/test_render_profiles.py::test_render_profiles_capture_active_canvas_values PASSED [ 82%]
tests/test_render_profiles.py::test_linear_canvas_active_values_are_read_only_profile_projections PASSED [ 82%]
tests/test_render_profiles.py::test_circular_canvas_active_values_are_read_only_profile_projections PASSED [ 82%]
tests/test_render_profiles.py::test_linear_record_render_context_owns_resolved_active_layout PASSED [ 82%]
tests/test_render_profiles.py::test_render_profiles_are_frozen PASSED    [ 82%]
tests/test_render_profiles.py::test_config_rejects_retired_canvas_label_settings[None-show_labels-canvas.show_labels] PASSED [ 82%]
tests/test_render_profiles.py::test_config_rejects_retired_canvas_label_settings[circular-show_labels-canvas.circular.show_labels] PASSED [ 82%]
tests/test_render_profiles.py::test_config_rejects_retired_canvas_label_settings[circular-allow_inner_labels-canvas.circular.allow_inner_labels] PASSED [ 82%]
tests/test_render_profiles.py::test_config_rejects_retired_canvas_label_settings[linear-show_labels-canvas.linear.show_labels] PASSED [ 82%]
tests/test_render_profiles.py::test_config_rejects_invalid_linear_label_scope[True] PASSED [ 82%]
tests/test_render_profiles.py::test_config_rejects_invalid_linear_label_scope[False] PASSED [ 82%]
tests/test_render_profiles.py::test_config_rejects_invalid_linear_label_scope[sometimes] PASSED [ 82%]
tests/test_render_profiles.py::test_config_rejects_invalid_label_placement[linear-placement-on_feature-labels.linear.placement] PASSED [ 82%]
tests/test_render_profiles.py::test_config_rejects_invalid_label_placement[linear-placement-garbage-labels.linear.placement] PASSED [ 82%]
tests/test_render_profiles.py::test_config_rejects_invalid_label_placement[circular-placement-None-circular label placement] PASSED [ 82%]
tests/test_render_profiles.py::test_config_rejects_invalid_label_rendering[None] PASSED [ 82%]
tests/test_render_profiles.py::test_config_rejects_invalid_label_rendering[garbage] PASSED [ 83%]
tests/test_render_profiles.py::test_config_rejects_invalid_label_rendering[True] PASSED [ 83%]
tests/test_reproduce_examples.py::test_manifest_counts_and_unique_paths PASSED [ 83%]
tests/test_reproduce_examples.py::test_showcase_comparisons_keep_worked_example_context PASSED [ 83%]
tests/test_reproduce_examples.py::test_non_layout_linear_showcases_use_on_axis_features_and_line_styling PASSED [ 83%]
tests/test_reproduce_examples.py::test_palette_manifest_stays_in_sync_with_palette_file PASSED [ 83%]
tests/test_reproduce_examples.py::test_palette_page_is_generated_from_palette_file PASSED [ 83%]
tests/test_reproduce_examples.py::test_palette_explorer_uses_one_semantic_circular_svg PASSED [ 83%]
tests/test_reproduce_examples.py::test_public_markdown_local_targets_exist PASSED [ 83%]
tests/test_reproduce_examples.py::test_public_figures_have_reproduction_inventory_coverage PASSED [ 83%]
tests/test_reproduce_examples.py::test_alias_resolution_and_support_asset_materialization PASSED [ 83%]
tests/test_reproduce_examples.py::test_label_override_showcase_uses_its_manifest_owned_table PASSED [ 83%]
tests/test_reproduce_examples.py::test_missing_report_structure_for_missing_figure PASSED [ 83%]
tests/test_reproduce_examples.py::test_smoke_render_subset_via_cli PASSED [ 83%]
tests/test_reproduce_examples.py::test_gallery_session_arrow_geometry_variants_reproduce_tracked_svgs PASSED [ 83%]
tests/test_reproduce_examples.py::test_gallery_session_arrow_geometry_variants_only_change_feature_paths PASSED [ 83%]
tests/test_retained_visual_journeys.py::test_load_preserves_original_valid_argument[args0-kwargs0-True] PASSED [ 83%]
tests/test_retained_visual_journeys.py::test_load_preserves_original_valid_argument[args1-kwargs1-True] PASSED [ 83%]
tests/test_retained_visual_journeys.py::test_load_preserves_original_valid_argument[args2-kwargs2-False] PASSED [ 83%]
tests/test_retained_visual_journeys.py::test_load_preserves_original_valid_argument[args3-kwargs3-False] PASSED [ 83%]
tests/test_retained_visual_journeys.py::test_c01_waits_for_definition_callback_after_valid_load PASSED [ 83%]
tests/test_retained_visual_journeys.py::test_color_comparison_precedes_close_and_preserves_pointer_arguments PASSED [ 83%]
tests/test_retained_visual_journeys.py::test_unverified_color_boundary_cannot_close_or_pass[timeout] PASSED [ 83%]
tests/test_retained_visual_journeys.py::test_unverified_color_boundary_cannot_close_or_pass[observer] PASSED [ 83%]
tests/test_retained_visual_journeys.py::test_unverified_color_boundary_cannot_close_or_pass[mismatch] PASSED [ 83%]
tests/test_retained_visual_journeys.py::test_unverified_color_boundary_cannot_close_or_pass[empty] PASSED [ 83%]
tests/test_retained_visual_journeys.py::test_unverified_color_boundary_cannot_close_or_pass[missing] PASSED [ 83%]
tests/test_retained_visual_journeys.py::test_in_progress_observation_is_explicit_without_blocking_async_generate PASSED [ 83%]
tests/test_retained_visual_journeys.py::test_mobile_label_pointer_path_does_not_gain_color_wait PASSED [ 83%]
tests/test_reverse_complement_feature_identity.py::test_reverse_complement_metadata_separates_biological_and_rendered_ids PASSED [ 83%]
tests/test_reverse_complement_feature_identity.py::test_reverse_complement_protein_extraction_uses_biological_hash_parts PASSED [ 83%]
tests/test_reverse_complement_feature_identity.py::test_web_losatp_typed_result_separates_stable_view_and_dom_ids PASSED [ 83%]
tests/test_reverse_complement_feature_identity.py::test_web_helper_uses_cropped_view_parts_for_forward_and_reverse_ids PASSED [ 83%]
tests/test_reverse_complement_feature_identity.py::test_interactive_svg_maps_biological_id_to_actual_reversed_dom_path PASSED [ 83%]
tests/test_run_info_exact_replay.py::test_downloaded_exact_replay_after_original_history PASSED [ 83%]
tests/test_session_compat.py::test_version_39_multiline_conservation_labels_expand_at_compat_boundary PASSED [ 83%]
tests/test_session_compat.py::test_multiline_conservation_label_migration_is_version_39_only[33] PASSED [ 83%]
tests/test_session_compat.py::test_multiline_conservation_label_migration_is_version_39_only[42] PASSED [ 83%]
tests/test_session_compat.py::test_version_39_multiline_conservation_label_count_mismatch_stays_strict PASSED [ 83%]
tests/test_session_compat.py::test_session_adapter_passes_plain_prepared_request_to_current_renderer PASSED [ 83%]
tests/test_session_compat.py::test_unresolved_session_batch_preflights_all_resolved_outputs PASSED [ 83%]
tests/test_session_compat.py::test_rewrite_protein_artifact_references_rejects_key_collisions PASSED [ 83%]
tests/test_session_compat.py::test_rewrite_protein_artifact_references_updates_compound_ids PASSED [ 83%]
tests/test_session_compat.py::test_feature_analysis_ids_fail_closed_across_protein_request_artifacts[comparison-exact] PASSED [ 84%]
tests/test_session_compat.py::test_feature_analysis_ids_fail_closed_across_protein_request_artifacts[comparison-compound] PASSED [ 84%]
tests/test_session_compat.py::test_feature_analysis_ids_fail_closed_across_protein_request_artifacts[alignment-target-exact] PASSED [ 84%]
tests/test_session_compat.py::test_feature_analysis_ids_fail_closed_across_protein_request_artifacts[alignment-target-compound] PASSED [ 84%]
tests/test_session_compat.py::test_typed_protein_results_fail_closed_for_unresolved_analysis_ids[orthogroup-result-exact] PASSED [ 84%]
tests/test_session_compat.py::test_typed_protein_results_fail_closed_for_unresolved_analysis_ids[orthogroup-result-compound] PASSED [ 84%]
tests/test_session_compat.py::test_typed_protein_results_fail_closed_for_unresolved_analysis_ids[collinearity-result-exact] PASSED [ 84%]
tests/test_session_compat.py::test_typed_protein_results_fail_closed_for_unresolved_analysis_ids[collinearity-result-compound] PASSED [ 84%]
tests/test_session_compat.py::test_released_session_versions_write_current_reloadable_sidecars[v27-cli] PASSED [ 84%]
tests/test_session_compat.py::test_released_session_versions_write_current_reloadable_sidecars[v28-cli] PASSED [ 84%]
tests/test_session_compat.py::test_released_session_versions_write_current_reloadable_sidecars[v29-cli] PASSED [ 84%]
tests/test_session_compat.py::test_released_session_versions_write_current_reloadable_sidecars[v30-cli] PASSED [ 84%]
tests/test_session_compat.py::test_released_session_versions_write_current_reloadable_sidecars[v31-v1] PASSED [ 84%]
tests/test_session_compat.py::test_released_session_versions_write_current_reloadable_sidecars[v32-v2] PASSED [ 84%]
tests/test_session_compat.py::test_released_session_versions_write_current_reloadable_sidecars[v33-v2] PASSED [ 84%]
tests/test_session_compat.py::test_supported_v32_session_replays_through_compatibility_adapter PASSED [ 84%]
tests/test_session_compat.py::test_released_schema_v2_fixture_promotes_to_current_typed_artifacts PASSED [ 84%]
tests/test_session_compat.py::test_released_schema_v2_alignment_target_promotes_with_protein_artifacts PASSED [ 84%]
tests/test_session_compat.py::test_released_schema_v2_fixture_cli_sidecar_is_current_and_rerenders PASSED [ 84%]
tests/test_session_compat.py::test_version_39_typed_replay_retains_dormant_comparison_resource PASSED [ 84%]
tests/test_session_compat.py::test_current_typed_replay_retains_web_only_conservation_fastas PASSED [ 84%]
tests/test_session_compat.py::test_released_schema_v2_fixture_sidecar_collision_is_atomic PASSED [ 84%]
tests/test_session_compat.py::test_session_adapter_rejects_unsupported_session_schema PASSED [ 84%]
tests/test_session_compat.py::test_current_artifact_type_rejects_legacy_cache_schema PASSED [ 84%]
tests/test_session_compat.py::test_released_noncanonical_linear_cli_replay_promotes_current_sidecar PASSED [ 84%]
tests/test_session_compat.py::test_main_schema1_binding_witness_reads_without_promotion PASSED [ 84%]
tests/test_session_io.py::test_write_session_json_does_not_use_predictable_temp_path PASSED [ 84%]
tests/test_session_io.py::test_write_session_json_no_replace_commit_preserves_late_target PASSED [ 84%]
tests/test_session_io.py::test_current_protein_raw_numeric_contract[integer zero] PASSED [ 84%]
tests/test_session_io.py::test_current_protein_raw_numeric_contract[integer positive sign] PASSED [ 84%]
tests/test_session_io.py::test_current_protein_raw_numeric_contract[integer negative sign] PASSED [ 84%]
tests/test_session_io.py::test_current_protein_raw_numeric_contract[integer leading zero] PASSED [ 84%]
tests/test_session_io.py::test_current_protein_raw_numeric_contract[decimal integer] PASSED [ 84%]
tests/test_session_io.py::test_current_protein_raw_numeric_contract[decimal fraction] PASSED [ 84%]
tests/test_session_io.py::test_current_protein_raw_numeric_contract[decimal leading point] PASSED [ 84%]
tests/test_session_io.py::test_current_protein_raw_numeric_contract[decimal trailing point] PASSED [ 84%]
tests/test_session_io.py::test_current_protein_raw_numeric_contract[decimal exponent] PASSED [ 84%]
tests/test_session_io.py::test_current_protein_raw_numeric_contract[decimal signed exponent] PASSED [ 84%]
tests/test_session_io.py::test_current_protein_raw_numeric_contract[integer fraction] PASSED [ 84%]
tests/test_session_io.py::test_current_protein_raw_numeric_contract[integer exponent] PASSED [ 84%]
tests/test_session_io.py::test_current_protein_raw_numeric_contract[positive infinity] PASSED [ 84%]
tests/test_session_io.py::test_current_protein_raw_numeric_contract[negative infinity] PASSED [ 84%]
tests/test_session_io.py::test_current_protein_raw_numeric_contract[long infinity] PASSED [ 84%]
tests/test_session_io.py::test_current_protein_raw_numeric_contract[not a number] PASSED [ 85%]
tests/test_session_io.py::test_current_protein_raw_numeric_contract[hexadecimal] PASSED [ 85%]
tests/test_session_io.py::test_current_protein_raw_numeric_contract[binary] PASSED [ 85%]
tests/test_session_io.py::test_current_protein_raw_numeric_contract[overflowing exponent] PASSED [ 85%]
tests/test_session_io.py::test_current_protein_raw_numeric_contract[empty] PASSED [ 85%]
tests/test_session_io.py::test_current_protein_raw_numeric_contract[bare point] PASSED [ 85%]
tests/test_session_io.py::test_current_protein_raw_numeric_contract[bare sign] PASSED [ 85%]
tests/test_session_io.py::test_current_protein_raw_numeric_contract[missing exponent] PASSED [ 85%]
tests/test_session_io.py::test_current_protein_raw_numeric_contract[double sign] PASSED [ 85%]
tests/test_session_io.py::test_current_protein_raw_numeric_contract[numeric separator] PASSED [ 85%]
tests/test_session_io.py::test_current_protein_raw_numeric_contract[leading whitespace] PASSED [ 85%]
tests/test_session_io.py::test_current_protein_raw_numeric_contract[trailing whitespace] PASSED [ 85%]
tests/test_session_io.py::test_current_protein_raw_numeric_contract[embedded tab] PASSED [ 85%]
tests/test_session_io.py::test_current_session_materializes_manifest_once_for_multiple_protein_entries PASSED [ 85%]
tests/test_session_io.py::test_session_sidecar_saves_complete_orthogroup_state PASSED [ 85%]
tests/test_session_io.py::test_current_session_version_matches_web_config PASSED [ 85%]
tests/test_session_io.py::test_current_session_feature_catalog_is_single_and_lossless PASSED [ 85%]
tests/test_session_io.py::test_feature_catalog_compaction_falls_back_for_partial_metadata PASSED [ 85%]
tests/test_session_io.py::test_feature_catalog_equality_preserves_json_scalar_types PASSED [ 85%]
tests/test_session_io.py::test_current_session_validates_mixed_protein_and_nucleotide_raw_cache PASSED [ 85%]
tests/test_session_io.py::test_current_session_rejects_obsolete_web_state_field_names[config0-Web state field adv.depth_tick_interval is obsolete; use adv.depth_large_tick_interval.] PASSED [ 85%]
tests/test_session_io.py::test_current_session_rejects_obsolete_web_state_field_names[config1-Web state field adv.depth_tracks[0].tick_interval is obsolete; use large_tick_interval.] PASSED [ 85%]
tests/test_session_io.py::test_current_session_rejects_obsolete_web_state_field_names[config2-Web state field losat.blastp.collinearMaxGeneGap is obsolete; use losat.blastp.collinearMaxUnitGap.] PASSED [ 85%]
tests/test_session_io.py::test_released_web_state_field_names_migrate_copy_on_write PASSED [ 85%]
tests/test_session_io.py::test_current_session_accepts_strict_zero_hit_derived_results[orthogroup-True] PASSED [ 85%]
tests/test_session_io.py::test_current_session_accepts_strict_zero_hit_derived_results[collinear-True] PASSED [ 85%]
tests/test_session_io.py::test_current_session_accepts_strict_zero_hit_derived_results[collinear-False] PASSED [ 85%]
tests/test_session_io.py::test_current_session_rejects_near_miss_zero_hit_derived_results[arbitrary-field] PASSED [ 85%]
tests/test_session_io.py::test_current_session_rejects_near_miss_zero_hit_derived_results[nonempty-rows] PASSED [ 85%]
tests/test_session_io.py::test_current_session_rejects_near_miss_zero_hit_derived_results[nonempty-tsv] PASSED [ 85%]
tests/test_session_io.py::test_current_session_rejects_near_miss_zero_hit_derived_results[nonzero-hit-count] PASSED [ 85%]
tests/test_session_io.py::test_current_session_rejects_near_miss_zero_hit_derived_results[noninteger-pair-index] PASSED [ 85%]
tests/test_session_io.py::test_current_session_rejects_near_miss_zero_hit_derived_results[partial-record-indices] PASSED [ 85%]
tests/test_session_io.py::test_current_session_rejects_near_miss_zero_hit_derived_results[missing-pair-results] PASSED [ 85%]
tests/test_session_io.py::test_current_session_rejects_near_miss_zero_hit_derived_results[nonempty-orthogroups] PASSED [ 85%]
tests/test_session_io.py::test_current_session_rejects_near_miss_zero_hit_derived_results[nonempty-collinear-groups] PASSED [ 85%]
tests/test_session_io.py::test_current_session_rejects_near_miss_zero_hit_derived_results[nonempty-collinearity-blocks] PASSED [ 85%]
tests/test_session_io.py::test_current_session_rejects_near_miss_zero_hit_derived_results[invalid-collinear-scope] PASSED [ 85%]
tests/test_session_io.py::test_current_session_rejects_near_miss_zero_hit_derived_results[null-identity] PASSED [ 85%]
tests/test_session_io.py::test_current_session_rejects_near_miss_zero_hit_derived_results[invalid-raw-cache-binding] PASSED [ 85%]
tests/test_session_io.py::test_current_session_rejects_near_miss_zero_hit_derived_results[identity-mode-mismatch] PASSED [ 85%]
tests/test_session_io.py::test_current_derived_cache_accepts_compound_collinear_runtime_references PASSED [ 85%]
tests/test_session_io.py::test_current_derived_cache_validates_runtime_handles_in_unit_ids[queryUnitId] PASSED [ 85%]
tests/test_session_io.py::test_current_derived_cache_validates_runtime_handles_in_unit_ids[subjectUnitId] PASSED [ 86%]
tests/test_session_io.py::test_current_derived_cache_validates_runtime_handles_in_unit_ids[query_unit_id] PASSED [ 86%]
tests/test_session_io.py::test_current_derived_cache_validates_runtime_handles_in_unit_ids[subject_unit_id] PASSED [ 86%]
tests/test_session_io.py::test_current_derived_cache_allows_non_protein_collinearity_unit_ids PASSED [ 86%]
tests/test_session_io.py::test_current_derived_cache_rejects_unresolved_compound_edge_references[supportingEdges] PASSED [ 86%]
tests/test_session_io.py::test_current_derived_cache_rejects_unresolved_compound_edge_references[edgeIds] PASSED [ 86%]
tests/test_session_io.py::test_current_derived_cache_rejects_non_string_compound_edge_references[supportingEdges-7] PASSED [ 86%]
tests/test_session_io.py::test_current_derived_cache_rejects_non_string_compound_edge_references[supporting_edges-invalid_value1] PASSED [ 86%]
tests/test_session_io.py::test_current_derived_cache_rejects_non_string_compound_edge_references[edgeIds-invalid_value2] PASSED [ 86%]
tests/test_session_io.py::test_current_derived_cache_rejects_non_string_compound_edge_references[edge_ids-invalid_value3] PASSED [ 86%]
tests/test_session_io.py::test_current_derived_cache_rejects_embedded_legacy_references[p_r_old_0_9_1_deadbeefdead] PASSED [ 86%]
tests/test_session_io.py::test_current_derived_cache_rejects_embedded_legacy_references[f_bbbbbbbbbbbbbbbbbbbbbbbbbbbbbbbbbbbbbbbbbbbbbbbbbbbbbbbbbbbbbbbb] PASSED [ 86%]
tests/test_session_io.py::test_current_session_rejects_legacy_protein_entry_in_current_cache PASSED [ 86%]
tests/test_session_io.py::test_current_writer_requires_typed_request_to_promote_legacy_schema PASSED [ 86%]
tests/test_session_io.py::test_current_writer_resolves_noncanonical_request_before_encoding PASSED [ 86%]
tests/test_session_io.py::test_version_39_writer_promotes_once_and_preserves_web_inventory PASSED [ 86%]
tests/test_session_io.py::test_genuine_version_39_shape_retains_disabled_layout_upload_draft PASSED [ 86%]
tests/test_session_io.py::test_pre40_web_comparison_draft_migrates_directly_to_final_plan PASSED [ 86%]
tests/test_session_io.py::test_pre40_adjacent_upload_migration_consumes_mirrored_binding PASSED [ 86%]
tests/test_session_io.py::test_current_comparison_authority_rejects_retired_version40_shape PASSED [ 86%]
tests/test_session_io.py::test_current_session_rejects_retired_circular_track_draft_paths[cli_circular_track_order] PASSED [ 86%]
tests/test_session_io.py::test_current_session_rejects_retired_circular_track_draft_paths[cli_circular_track_slots] PASSED [ 86%]
tests/test_session_io.py::test_current_comparison_authority_validates_file_bindings PASSED [ 86%]
tests/test_session_io.py::test_current_writer_quarantines_v27_to_v33_protein_artifacts PASSED [ 86%]
tests/test_session_io.py::test_future_session_version_fails PASSED       [ 86%]
tests/test_session_io.py::test_current_session_rejects_legacy_files_but_version_39_accepts_them PASSED [ 86%]
tests/test_session_io.py::test_branch_internal_session_versions_are_rejected_at_read_and_rewrite_boundaries[34] PASSED [ 86%]
tests/test_session_io.py::test_branch_internal_session_versions_are_rejected_at_read_and_rewrite_boundaries[35] PASSED [ 86%]
tests/test_session_io.py::test_branch_internal_session_versions_are_rejected_at_read_and_rewrite_boundaries[36] PASSED [ 86%]
tests/test_session_io.py::test_branch_internal_session_versions_are_rejected_at_read_and_rewrite_boundaries[37] PASSED [ 86%]
tests/test_session_io.py::test_branch_internal_session_versions_are_rejected_at_read_and_rewrite_boundaries[38] PASSED [ 86%]
tests/test_session_io.py::test_branch_internal_request_schemas_are_rejected_at_session_boundaries[33-3] PASSED [ 86%]
tests/test_session_io.py::test_branch_internal_request_schemas_are_rejected_at_session_boundaries[33-4] PASSED [ 86%]
tests/test_session_io.py::test_branch_internal_request_schemas_are_rejected_at_session_boundaries[42-3] PASSED [ 86%]
tests/test_session_io.py::test_branch_internal_request_schemas_are_rejected_at_session_boundaries[42-4] PASSED [ 86%]
tests/test_session_io.py::test_session_version_27_remains_supported PASSED [ 86%]
tests/test_session_io.py::test_legacy_cli_repeat_shape_migration_is_selective_and_idempotent PASSED [ 86%]
tests/test_session_io.py::test_legacy_gui_config_migrates_repeat_to_rectangle_without_mutating_source PASSED [ 86%]
tests/test_session_io.py::test_gui_session_replays_arrow_shape_and_geometry_flags PASSED [ 86%]
tests/test_session_io.py::test_cli_session_keeps_arrow_options_as_cli_provenance_only[auto-1-circular] PASSED [ 86%]
tests/test_session_io.py::test_cli_session_keeps_arrow_options_as_cli_provenance_only[auto-1-linear] PASSED [ 86%]
tests/test_session_io.py::test_cli_session_keeps_arrow_options_as_cli_provenance_only[1.25-0.25-circular] PASSED [ 86%]
tests/test_session_io.py::test_cli_session_keeps_arrow_options_as_cli_provenance_only[1.25-0.25-linear] PASSED [ 86%]
tests/test_session_io.py::test_main_backed_and_current_canonical_session_schemas_remain_supported[31-1] PASSED [ 87%]
tests/test_session_io.py::test_main_backed_and_current_canonical_session_schemas_remain_supported[32-2] PASSED [ 87%]
tests/test_session_io.py::test_main_backed_and_current_canonical_session_schemas_remain_supported[33-2] PASSED [ 87%]
tests/test_session_io.py::test_main_backed_and_current_canonical_session_schemas_remain_supported[39-7] PASSED [ 87%]
tests/test_session_io.py::test_main_backed_and_current_canonical_session_schemas_remain_supported[40-7] PASSED [ 87%]
tests/test_session_io.py::test_main_backed_and_current_canonical_session_schemas_remain_supported[41-7] PASSED [ 87%]
tests/test_session_io.py::test_main_backed_and_current_canonical_session_schemas_remain_supported[42-7] PASSED [ 87%]
tests/test_session_io.py::test_session_json_gzip_round_trip PASSED       [ 87%]
tests/test_session_io.py::test_embedded_file_materialization_sanitizes_name PASSED [ 87%]
tests/test_session_io.py::test_embedded_file_size_mismatch_fails PASSED  [ 87%]
tests/test_session_io.py::test_depth_payload_decode_matches_browser_codec_shape PASSED [ 87%]
tests/test_session_io.py::test_cli_invocation_restoration_substitutes_embedded_files PASSED [ 87%]
tests/test_session_io.py::test_circular_legacy_cli_invocation_is_canonicalized_after_materialization PASSED [ 87%]
tests/test_session_io.py::test_linear_legacy_cli_invocation_is_canonicalized_after_materialization[spreadout-above] PASSED [ 87%]
tests/test_session_io.py::test_linear_legacy_cli_invocation_is_canonicalized_after_materialization[tuckin-below] PASSED [ 87%]
tests/test_session_io.py::test_cli_session_capture_embeds_records_table_dependencies PASSED [ 87%]
tests/test_session_io.py::test_cli_session_capture_embeds_only_canonical_depth_track_option[circular] PASSED [ 87%]
tests/test_session_io.py::test_cli_session_capture_embeds_only_canonical_depth_track_option[linear] PASSED [ 87%]
tests/test_session_io.py::test_cli_invocation_restoration_rewrites_records_table_paths PASSED [ 87%]
tests/test_session_io.py::test_cli_session_round_trip_rewrites_bom_records_table_first_column PASSED [ 87%]
tests/test_session_io.py::test_gui_only_circular_session_maps_to_cli_args PASSED [ 87%]
tests/test_session_io.py::test_gui_only_session_restores_hidden_scale_as_cli_flag[circular] PASSED [ 87%]
tests/test_session_io.py::test_gui_only_session_restores_hidden_scale_as_cli_flag[linear] PASSED [ 87%]
tests/test_session_io.py::test_sparse_gui_session_keeps_scale_visible_by_default[circular] PASSED [ 87%]
tests/test_session_io.py::test_sparse_gui_session_keeps_scale_visible_by_default[linear] PASSED [ 87%]
tests/test_session_io.py::test_gui_only_linear_session_restores_losatp_blastp_args PASSED [ 87%]
tests/test_session_io.py::test_linear_cli_accepts_orthogroup_top_show_labels PASSED [ 87%]
tests/test_session_io.py::test_gui_only_linear_session_restores_row_options PASSED [ 87%]
tests/test_session_io.py::test_gui_only_linear_session_restores_orthogroup_alignment_target PASSED [ 87%]
tests/test_session_io.py::test_gui_only_linear_session_restores_top_level_losatp_keys PASSED [ 87%]
tests/test_session_io.py::test_cli_session_keeps_hidden_scale_in_canonical_request[circular] PASSED [ 87%]
tests/test_session_io.py::test_cli_session_keeps_hidden_scale_in_canonical_request[linear] PASSED [ 87%]
tests/test_session_io.py::test_cli_session_keeps_lossless_cli_provenance_out_of_web_config PASSED [ 87%]
tests/test_session_io.py::test_current_cli_session_writer_uses_canonical_linear_inventory PASSED [ 87%]
tests/test_session_io.py::test_current_cli_session_writer_omits_legacy_ambiguous_linear_files PASSED [ 87%]
tests/test_session_io.py::test_session_pre_parse_rejects_unsupported_options PASSED [ 87%]
tests/test_session_io.py::test_session_cli_help_uses_underscore_options PASSED [ 87%]
tests/test_session_io.py::test_session_preparser_rejects_removed_hyphen_aliases[option_args0-circular] PASSED [ 87%]
tests/test_session_io.py::test_session_preparser_rejects_removed_hyphen_aliases[option_args0-linear] PASSED [ 87%]
tests/test_session_io.py::test_session_preparser_rejects_removed_hyphen_aliases[option_args1-circular] PASSED [ 87%]
tests/test_session_io.py::test_session_preparser_rejects_removed_hyphen_aliases[option_args1-linear] PASSED [ 87%]
tests/test_session_io.py::test_current_cli_rejects_removed_feature_table[_get_args0] PASSED [ 87%]
tests/test_session_io.py::test_current_cli_rejects_removed_feature_table[_get_args1] PASSED [ 87%]
tests/test_session_io.py::test_current_session_output_controls_are_stripped_before_writing PASSED [ 88%]
tests/test_session_io.py::test_default_sidecar_path_resolution PASSED    [ 88%]
tests/test_session_io.py::test_render_formats_do_not_include_session_json_aliases PASSED [ 88%]
tests/test_session_io.py::test_circular_cli_save_session_round_trip PASSED [ 88%]
tests/test_session_io.py::test_depth_session_entry_materializes_encoded_payload PASSED [ 88%]
tests/test_session_io.py::test_schema1_frozen_main_writer_is_preserved PASSED [ 88%]
tests/test_session_io.py::test_cli_composite_inventory_preserves_equal_byte_occurrences_and_metadata[0] PASSED [ 88%]
tests/test_session_io.py::test_cli_composite_inventory_preserves_equal_byte_occurrences_and_metadata[0.5] PASSED [ 88%]
tests/test_session_io.py::test_schema2_composite_load_write_preserves_order_and_metadata PASSED [ 88%]
tests/test_session_io.py::test_schema2_composite_rejects_malformed_bindings[schema] PASSED [ 88%]
tests/test_session_io.py::test_schema2_composite_rejects_malformed_bindings[kind] PASSED [ 88%]
tests/test_session_io.py::test_schema2_composite_rejects_malformed_bindings[nested] PASSED [ 88%]
tests/test_session_io.py::test_schema2_composite_rejects_malformed_bindings[empty] PASSED [ 88%]
tests/test_session_io.py::test_schema2_composite_rejects_malformed_bindings[singleton] PASSED [ 88%]
tests/test_session_io.py::test_schema2_composite_rejects_malformed_bindings[missing] PASSED [ 88%]
tests/test_session_io.py::test_schema2_composite_rejects_malformed_bindings[dangling] PASSED [ 88%]
tests/test_session_io.py::test_schema2_composite_rejects_malformed_bindings[null] PASSED [ 88%]
tests/test_session_io.py::test_schema2_composite_rejects_malformed_bindings[metadata] PASSED [ 88%]
tests/test_session_io.py::test_schema2_composite_rejects_malformed_bindings[mixed] PASSED [ 88%]
tests/test_session_io.py::test_schema2_composite_rejects_malformed_bindings[slot] PASSED [ 88%]
tests/test_session_io.py::test_schema2_composite_rejects_malformed_bindings[encoding] PASSED [ 88%]
tests/test_session_io.py::test_schema2_composite_rejects_malformed_bindings[unknown] PASSED [ 88%]
tests/test_session_io.py::test_schema2_composite_rejects_malformed_bindings[leaf-field] PASSED [ 88%]
tests/test_session_io.py::test_schema2_composite_rejects_malformed_bindings[leaf-metadata] PASSED [ 88%]
tests/test_session_io.py::test_schema2_composite_rejects_malformed_bindings[old-version] PASSED [ 88%]
tests/test_session_io.py::test_composite_sidecar_rebuild_preserves_draft_and_scopes_collisions PASSED [ 88%]
tests/test_session_io.py::test_composite_sidecar_rejects_contradictory_source_table PASSED [ 88%]
tests/test_session_io.py::test_composite_sidecar_reads_a_new_repeated_component_once_without_reencoding PASSED [ 88%]
tests/test_session_io.py::test_cli_i24ab_composite_sidecar_preserves_six_sources[False-.json] PASSED [ 88%]
tests/test_session_io.py::test_cli_i24ab_composite_sidecar_preserves_six_sources[False-.json.gz] PASSED [ 88%]
tests/test_session_io.py::test_cli_i24ab_composite_sidecar_preserves_six_sources[True-.json] PASSED [ 88%]
tests/test_session_io.py::test_cli_i24ab_composite_sidecar_preserves_six_sources[True-.json.gz] PASSED [ 88%]
tests/test_session_io.py::test_cli_i24a_repeated_component_occurrences_survive_dedup PASSED [ 88%]
tests/test_session_io.py::test_cli_i24c_frozen_schema1_replay_emits_current_bindings PASSED [ 88%]
tests/test_session_io.py::test_cli_i24c_schema1_defaults_and_independent_arrays PASSED [ 88%]
tests/test_session_io.py::test_cli_i24d_schema2_ordinary_metadata_is_exact[0] PASSED [ 88%]
tests/test_session_io.py::test_cli_i24d_schema2_ordinary_metadata_is_exact[0.125] PASSED [ 88%]
tests/test_session_io.py::test_cli_i24e_explicit_slots_override_direct_sources[absent-False-conservationLosatFastaSources-c_conservation_fastas] PASSED [ 88%]
tests/test_session_io.py::test_cli_i24e_explicit_slots_override_direct_sources[absent-False-conservationSequenceSources-c_conservation_sequence_sources] PASSED [ 88%]
tests/test_session_io.py::test_cli_i24e_explicit_slots_override_direct_sources[absent-True-conservationLosatFastaSources-c_conservation_fastas] PASSED [ 88%]
tests/test_session_io.py::test_cli_i24e_explicit_slots_override_direct_sources[absent-True-conservationSequenceSources-c_conservation_sequence_sources] PASSED [ 88%]
tests/test_session_io.py::test_cli_i24e_explicit_slots_override_direct_sources[ordinary-False-conservationLosatFastaSources-c_conservation_fastas] PASSED [ 88%]
tests/test_session_io.py::test_cli_i24e_explicit_slots_override_direct_sources[ordinary-False-conservationSequenceSources-c_conservation_sequence_sources] PASSED [ 88%]
tests/test_session_io.py::test_cli_i24e_explicit_slots_override_direct_sources[ordinary-True-conservationLosatFastaSources-c_conservation_fastas] PASSED [ 89%]
tests/test_session_io.py::test_cli_i24e_explicit_slots_override_direct_sources[ordinary-True-conservationSequenceSources-c_conservation_sequence_sources] PASSED [ 89%]
tests/test_session_io.py::test_cli_i24e_explicit_slots_override_direct_sources[null-False-conservationLosatFastaSources-c_conservation_fastas] PASSED [ 89%]
tests/test_session_io.py::test_cli_i24e_explicit_slots_override_direct_sources[null-False-conservationSequenceSources-c_conservation_sequence_sources] PASSED [ 89%]
tests/test_session_io.py::test_cli_i24e_explicit_slots_override_direct_sources[null-True-conservationLosatFastaSources-c_conservation_fastas] PASSED [ 89%]
tests/test_session_io.py::test_cli_i24e_explicit_slots_override_direct_sources[null-True-conservationSequenceSources-c_conservation_sequence_sources] PASSED [ 89%]
tests/test_session_io.py::test_cli_i24e_explicit_slots_override_direct_sources[empty-False-conservationLosatFastaSources-c_conservation_fastas] PASSED [ 89%]
tests/test_session_io.py::test_cli_i24e_explicit_slots_override_direct_sources[empty-False-conservationSequenceSources-c_conservation_sequence_sources] PASSED [ 89%]
tests/test_session_io.py::test_cli_i24e_explicit_slots_override_direct_sources[empty-True-conservationLosatFastaSources-c_conservation_fastas] PASSED [ 89%]
tests/test_session_io.py::test_cli_i24e_explicit_slots_override_direct_sources[empty-True-conservationSequenceSources-c_conservation_sequence_sources] PASSED [ 89%]
tests/test_session_io.py::test_cli_i24e_explicit_slots_override_direct_sources[longer-False-conservationLosatFastaSources-c_conservation_fastas] PASSED [ 89%]
tests/test_session_io.py::test_cli_i24e_explicit_slots_override_direct_sources[longer-False-conservationSequenceSources-c_conservation_sequence_sources] PASSED [ 89%]
tests/test_session_io.py::test_cli_i24e_explicit_slots_override_direct_sources[longer-True-conservationLosatFastaSources-c_conservation_fastas] PASSED [ 89%]
tests/test_session_io.py::test_cli_i24e_explicit_slots_override_direct_sources[longer-True-conservationSequenceSources-c_conservation_sequence_sources] PASSED [ 89%]
tests/test_session_io.py::test_cli_i24f_invalid_bindings_reject_before_render_or_publication[False-missing] PASSED [ 89%]
tests/test_session_io.py::test_cli_i24f_invalid_bindings_reject_before_render_or_publication[False-metadata] PASSED [ 89%]
tests/test_session_io.py::test_cli_i24f_invalid_bindings_reject_before_render_or_publication[False-dangling] PASSED [ 89%]
tests/test_session_io.py::test_cli_i24f_invalid_bindings_reject_before_render_or_publication[False-unsupported] PASSED [ 89%]
tests/test_session_io.py::test_cli_i24f_invalid_bindings_reject_before_render_or_publication[False-nested] PASSED [ 89%]
tests/test_session_io.py::test_cli_i24f_invalid_bindings_reject_before_render_or_publication[True-missing] PASSED [ 89%]
tests/test_session_io.py::test_cli_i24f_invalid_bindings_reject_before_render_or_publication[True-metadata] PASSED [ 89%]
tests/test_session_io.py::test_cli_i24f_invalid_bindings_reject_before_render_or_publication[True-dangling] PASSED [ 89%]
tests/test_session_io.py::test_cli_i24f_invalid_bindings_reject_before_render_or_publication[True-unsupported] PASSED [ 89%]
tests/test_session_io.py::test_cli_i24f_invalid_bindings_reject_before_render_or_publication[True-nested] PASSED [ 89%]
tests/test_session_io.py::test_cli_i24_explicit_null_inventory_survives_without_direct_fields PASSED [ 89%]
tests/test_session_io.py::test_cli_projection_request_only_session_keeps_no_inventory PASSED [ 89%]
tests/test_session_io.py::test_internal_composite_transport_rejects_unsupported_shapes[mixed-leaf] PASSED [ 89%]
tests/test_session_io.py::test_internal_composite_transport_rejects_unsupported_shapes[mixed-composite] PASSED [ 89%]
tests/test_session_io.py::test_internal_composite_transport_rejects_unsupported_shapes[nested] PASSED [ 89%]
tests/test_session_io.py::test_internal_composite_transport_rejects_unsupported_shapes[null] PASSED [ 89%]
tests/test_session_request_codec.py::test_typed_collinearity_anchor_schema2_and_schema1_compatibility PASSED [ 89%]
tests/test_session_request_codec.py::test_schema6_round_trips_circular_batch_grouping_and_outputs PASSED [ 89%]
tests/test_session_request_codec.py::test_schema6_round_trips_unresolved_record_cardinality_and_row PASSED [ 89%]
tests/test_session_request_codec.py::test_schema5_defaults_record_cardinality_to_exactly_one PASSED [ 89%]
tests/test_session_request_codec.py::test_branch_only_request_schemas_are_rejected[3] PASSED [ 89%]
tests/test_session_request_codec.py::test_branch_only_request_schemas_are_rejected[4] PASSED [ 89%]
tests/test_session_request_codec.py::test_codec_module_does_not_import_cli_or_legacy_session_owners PASSED [ 89%]
tests/test_session_request_codec.py::test_circular_request_payload_round_trip_uses_stable_resources PASSED [ 89%]
tests/test_session_request_codec.py::test_supported_schemas_restore_mode_specific_nested_option_types[circular-1] PASSED [ 89%]
tests/test_session_request_codec.py::test_supported_schemas_restore_mode_specific_nested_option_types[circular-2] PASSED [ 89%]
tests/test_session_request_codec.py::test_supported_schemas_restore_mode_specific_nested_option_types[circular-5] PASSED [ 89%]
tests/test_session_request_codec.py::test_supported_schemas_restore_mode_specific_nested_option_types[circular-6] PASSED [ 89%]
tests/test_session_request_codec.py::test_supported_schemas_restore_mode_specific_nested_option_types[circular-7] PASSED [ 89%]
tests/test_session_request_codec.py::test_supported_schemas_restore_mode_specific_nested_option_types[linear-1] PASSED [ 90%]
tests/test_session_request_codec.py::test_supported_schemas_restore_mode_specific_nested_option_types[linear-2] PASSED [ 90%]
tests/test_session_request_codec.py::test_supported_schemas_restore_mode_specific_nested_option_types[linear-5] PASSED [ 90%]
tests/test_session_request_codec.py::test_supported_schemas_restore_mode_specific_nested_option_types[linear-6] PASSED [ 90%]
tests/test_session_request_codec.py::test_supported_schemas_restore_mode_specific_nested_option_types[linear-7] PASSED [ 90%]
tests/test_session_request_codec.py::test_supported_schemas_ignore_wrong_mode_shared_defaults[circular-depthTrackHeights-None-1] PASSED [ 90%]
tests/test_session_request_codec.py::test_supported_schemas_ignore_wrong_mode_shared_defaults[circular-depthTrackHeights-None-2] PASSED [ 90%]
tests/test_session_request_codec.py::test_supported_schemas_ignore_wrong_mode_shared_defaults[circular-depthTrackHeights-None-5] PASSED [ 90%]
tests/test_session_request_codec.py::test_supported_schemas_ignore_wrong_mode_shared_defaults[circular-depthTrackHeights-None-6] PASSED [ 90%]
tests/test_session_request_codec.py::test_supported_schemas_ignore_wrong_mode_shared_defaults[circular-depthTrackHeights-None-7] PASSED [ 90%]
tests/test_session_request_codec.py::test_supported_schemas_ignore_wrong_mode_shared_defaults[linear-conservationReference-auto-1] PASSED [ 90%]
tests/test_session_request_codec.py::test_supported_schemas_ignore_wrong_mode_shared_defaults[linear-conservationReference-auto-2] PASSED [ 90%]
tests/test_session_request_codec.py::test_supported_schemas_ignore_wrong_mode_shared_defaults[linear-conservationReference-auto-5] PASSED [ 90%]
tests/test_session_request_codec.py::test_supported_schemas_ignore_wrong_mode_shared_defaults[linear-conservationReference-auto-6] PASSED [ 90%]
tests/test_session_request_codec.py::test_supported_schemas_ignore_wrong_mode_shared_defaults[linear-conservationReference-auto-7] PASSED [ 90%]
tests/test_session_request_codec.py::test_current_schema_rejects_nondefault_wrong_mode_shared_options[circular-depthTrackHeights-value0] PASSED [ 90%]
tests/test_session_request_codec.py::test_current_schema_rejects_nondefault_wrong_mode_shared_options[linear-conservationReference-query] PASSED [ 90%]
tests/test_session_request_codec.py::test_current_schema_rejects_populated_wrong_mode_track_fields[circular-linearTrackAxisIndex-0-Linear track values] PASSED [ 90%]
tests/test_session_request_codec.py::test_current_schema_rejects_populated_wrong_mode_track_fields[linear-centerReservedRadius-10-Circular track values] PASSED [ 90%]
tests/test_session_request_codec.py::test_linear_comparison_kinds_and_payload_round_trip PASSED [ 90%]
tests/test_session_request_codec.py::test_supported_schemas_privately_migrate_standard_collinearity_parameters[1] PASSED [ 90%]
tests/test_session_request_codec.py::test_supported_schemas_privately_migrate_standard_collinearity_parameters[2] PASSED [ 90%]
tests/test_session_request_codec.py::test_standard_collinearity_embedded_max_paralog_does_not_override_explicit_setting PASSED [ 90%]
tests/test_session_request_codec.py::test_standard_collinearity_embedded_max_paralog_is_inert_in_orthogroup_mode PASSED [ 90%]
tests/test_session_request_codec.py::test_current_schema_rejects_standard_collinearity_parameters PASSED [ 90%]
tests/test_session_request_codec.py::test_schema2_nested_output_prefix_is_required_but_ignored PASSED [ 90%]
tests/test_session_request_codec.py::test_current_schema_rejects_legacy_nested_output_prefix PASSED [ 90%]
tests/test_session_request_codec.py::test_legacy_circular_schemas_migrate_removed_layout_values[1] PASSED [ 90%]
tests/test_session_request_codec.py::test_legacy_circular_schemas_migrate_removed_layout_values[2] PASSED [ 90%]
tests/test_session_request_codec.py::test_current_circular_writer_uses_only_canonical_layout_fields PASSED [ 90%]
tests/test_session_request_codec.py::test_current_schema_rejects_private_circular_track_params PASSED [ 90%]
tests/test_session_request_codec.py::test_legacy_factor_spacing_replays_but_cannot_leak_into_current_schema PASSED [ 90%]
tests/test_session_request_codec.py::test_schema2_migrates_removed_feature_table_field PASSED [ 90%]
tests/test_session_request_codec.py::test_current_schema_rejects_removed_feature_table_field PASSED [ 90%]
tests/test_session_request_codec.py::test_collinear_pipeline_ignores_legacy_derived_comparison_pairs PASSED [ 90%]
tests/test_session_request_codec.py::test_file_backed_options_and_typed_config_round_trip PASSED [ 90%]
tests/test_session_request_codec.py::test_schema5_round_trips_scale_visibility_in_full_config_and_override[CircularDiagramRequest-CircularDiagramOptions] PASSED [ 90%]
tests/test_session_request_codec.py::test_schema5_round_trips_scale_visibility_in_full_config_and_override[LinearDiagramRequest-LinearDiagramOptions] PASSED [ 90%]
tests/test_session_request_codec.py::test_schema5_round_trips_arrow_shape_and_geometry_overrides[CircularDiagramRequest-CircularDiagramOptions] PASSED [ 90%]
tests/test_session_request_codec.py::test_schema5_round_trips_arrow_shape_and_geometry_overrides[LinearDiagramRequest-LinearDiagramOptions] PASSED [ 90%]
tests/test_session_request_codec.py::test_schema5_full_config_missing_scale_visibility_defaults_visible[CircularDiagramRequest-CircularDiagramOptions] PASSED [ 90%]
tests/test_session_request_codec.py::test_schema5_full_config_missing_scale_visibility_defaults_visible[LinearDiagramRequest-LinearDiagramOptions] PASSED [ 90%]
tests/test_session_request_codec.py::test_canonical_depth_tracks_round_trip_mixed_sources PASSED [ 90%]
tests/test_session_request_codec.py::test_canonical_depth_track_shape_and_text_are_strict PASSED [ 90%]
tests/test_session_request_codec.py::test_legacy_depth_matrix_is_written_as_canonical_tracks PASSED [ 91%]
tests/test_session_request_codec.py::test_in_memory_record_is_encoded_as_a_genbank_resource PASSED [ 91%]
tests/test_session_request_codec.py::test_annotation_targets_and_styles_round_trip PASSED [ 91%]
tests/test_session_request_codec.py::test_decode_requires_caller_owned_output_directory PASSED [ 91%]
tests/test_session_request_codec.py::test_current_writer_serializes_resolved_mode_defaults[CircularDiagramRequest-expected_options0] PASSED [ 91%]
tests/test_session_request_codec.py::test_current_writer_serializes_resolved_mode_defaults[LinearDiagramRequest-expected_options1] PASSED [ 91%]
tests/test_session_request_codec.py::test_sparse_supported_schemas_retain_historical_defaults[CircularDiagramRequest-expected_overrides0-1] PASSED [ 91%]
tests/test_session_request_codec.py::test_sparse_supported_schemas_retain_historical_defaults[CircularDiagramRequest-expected_overrides0-2] PASSED [ 91%]
tests/test_session_request_codec.py::test_sparse_supported_schemas_retain_historical_defaults[LinearDiagramRequest-expected_overrides1-1] PASSED [ 91%]
tests/test_session_request_codec.py::test_sparse_supported_schemas_retain_historical_defaults[LinearDiagramRequest-expected_overrides1-2] PASSED [ 91%]
tests/test_session_request_codec.py::test_current_schema_sparse_options_use_current_mode_defaults[CircularDiagramRequest] PASSED [ 91%]
tests/test_session_request_codec.py::test_current_schema_sparse_options_use_current_mode_defaults[LinearDiagramRequest] PASSED [ 91%]
tests/test_session_request_codec.py::test_supported_schemas_preserve_explicit_serialized_defaults[1] PASSED [ 91%]
tests/test_session_request_codec.py::test_supported_schemas_preserve_explicit_serialized_defaults[2] PASSED [ 91%]
tests/test_session_request_codec.py::test_supported_schemas_preserve_explicit_serialized_defaults[5] PASSED [ 91%]
tests/test_session_request_codec.py::test_supported_schemas_preserve_explicit_serialized_defaults[6] PASSED [ 91%]
tests/test_session_request_codec.py::test_supported_schemas_preserve_explicit_serialized_defaults[7] PASSED [ 91%]
tests/test_session_request_codec.py::test_supported_schemas_migrate_legacy_flat_label_settings[CircularDiagramRequest-legacy_overrides0-labels.circular.scope-both-1] PASSED [ 91%]
tests/test_session_request_codec.py::test_supported_schemas_migrate_legacy_flat_label_settings[CircularDiagramRequest-legacy_overrides0-labels.circular.scope-both-2] PASSED [ 91%]
tests/test_session_request_codec.py::test_supported_schemas_migrate_legacy_flat_label_settings[CircularDiagramRequest-legacy_overrides0-labels.circular.scope-both-5] PASSED [ 91%]
tests/test_session_request_codec.py::test_supported_schemas_migrate_legacy_flat_label_settings[CircularDiagramRequest-legacy_overrides0-labels.circular.scope-both-6] PASSED [ 91%]
tests/test_session_request_codec.py::test_supported_schemas_migrate_legacy_flat_label_settings[CircularDiagramRequest-legacy_overrides0-labels.circular.scope-both-7] PASSED [ 91%]
tests/test_session_request_codec.py::test_supported_schemas_migrate_legacy_flat_label_settings[LinearDiagramRequest-legacy_overrides1-labels.linear.scope-orthogroup_top-1] PASSED [ 91%]
tests/test_session_request_codec.py::test_supported_schemas_migrate_legacy_flat_label_settings[LinearDiagramRequest-legacy_overrides1-labels.linear.scope-orthogroup_top-2] PASSED [ 91%]
tests/test_session_request_codec.py::test_supported_schemas_migrate_legacy_flat_label_settings[LinearDiagramRequest-legacy_overrides1-labels.linear.scope-orthogroup_top-5] PASSED [ 91%]
tests/test_session_request_codec.py::test_supported_schemas_migrate_legacy_flat_label_settings[LinearDiagramRequest-legacy_overrides1-labels.linear.scope-orthogroup_top-6] PASSED [ 91%]
tests/test_session_request_codec.py::test_supported_schemas_migrate_legacy_flat_label_settings[LinearDiagramRequest-legacy_overrides1-labels.linear.scope-orthogroup_top-7] PASSED [ 91%]
tests/test_session_request_codec.py::test_supported_schemas_migrate_legacy_full_config_label_settings[1] PASSED [ 91%]
tests/test_session_request_codec.py::test_supported_schemas_migrate_legacy_full_config_label_settings[2] PASSED [ 91%]
tests/test_session_request_codec.py::test_supported_schemas_migrate_legacy_full_config_label_settings[5] PASSED [ 91%]
tests/test_session_request_codec.py::test_supported_schemas_migrate_legacy_full_config_label_settings[6] PASSED [ 91%]
tests/test_session_request_codec.py::test_supported_schemas_migrate_legacy_full_config_label_settings[7] PASSED [ 91%]
tests/test_session_request_codec.py::test_legacy_schemas_migrate_retired_config_overrides[spreadout-above-1] PASSED [ 91%]
tests/test_session_request_codec.py::test_legacy_schemas_migrate_retired_config_overrides[spreadout-above-2] PASSED [ 91%]
tests/test_session_request_codec.py::test_legacy_schemas_migrate_retired_config_overrides[tuckin-below-1] PASSED [ 91%]
tests/test_session_request_codec.py::test_legacy_schemas_migrate_retired_config_overrides[tuckin-below-2] PASSED [ 91%]
tests/test_session_request_codec.py::test_current_schema_rejects_retired_config_overrides[overrides0-depth_tick_interval] PASSED [ 91%]
tests/test_session_request_codec.py::test_current_schema_rejects_retired_config_overrides[overrides1-label_placement] PASSED [ 91%]
tests/test_session_request_codec.py::test_current_schema_rejects_retired_config_overrides[overrides2-linear_track_layout] PASSED [ 91%]
tests/test_session_request_codec.py::test_current_schema_rejects_retired_config_overrides[overrides3-linear_track_layout] PASSED [ 91%]
tests/test_session_request_codec.py::test_current_schema_writer_rejects_retired_config_overrides[overrides0-depth_tick_interval] PASSED [ 91%]
tests/test_session_request_codec.py::test_current_schema_writer_rejects_retired_config_overrides[overrides1-label_placement] PASSED [ 91%]
tests/test_session_request_codec.py::test_current_schema_writer_rejects_retired_config_overrides[overrides2-linear_track_layout] PASSED [ 91%]
tests/test_session_request_codec.py::test_current_schema_writer_rejects_retired_config_overrides[overrides3-linear_track_layout] PASSED [ 92%]
tests/test_session_request_codec.py::test_legacy_canonical_schema_preserves_repeat_rectangle_default[1] PASSED [ 92%]
tests/test_session_request_codec.py::test_legacy_canonical_schema_preserves_repeat_rectangle_default[2] PASSED [ 92%]
tests/test_session_request_codec.py::test_current_canonical_schema_uses_underlay_default_and_round_trips_override PASSED [ 92%]
tests/test_session_request_codec.py::test_current_schema_rejects_unknown_or_invalid_structure[<lambda>-Unsupported canonical request schema] PASSED [ 92%]
tests/test_session_request_codec.py::test_current_schema_rejects_unknown_or_invalid_structure[<lambda>-Unsupported canonical request mode] PASSED [ 92%]
tests/test_session_request_codec.py::test_current_schema_rejects_unknown_or_invalid_structure[<lambda>-Missing required field] PASSED [ 92%]
tests/test_session_request_codec.py::test_current_schema_rejects_unknown_or_invalid_structure[<lambda>-Unknown field0] PASSED [ 92%]
tests/test_session_request_codec.py::test_current_schema_rejects_unknown_or_invalid_structure[<lambda>-Unknown field1] PASSED [ 92%]
tests/test_session_request_codec.py::test_current_schema_rejects_unknown_or_invalid_structure[<lambda>-Unsupported record source kind] PASSED [ 92%]
tests/test_session_request_codec.py::test_decode_rejects_unknown_comparison_kind PASSED [ 92%]
tests/test_session_request_codec.py::test_decode_rejects_missing_resource_reference PASSED [ 92%]
tests/test_session_request_codec.py::test_encode_rejects_noncanonical_option_values PASSED [ 92%]
tests/test_session_request_codec.py::test_schema_one_unknown_field_policy_is_explicit PASSED [ 92%]
tests/test_session_request_codec.py::test_collinear_inference_choice_round_trips_and_omission_preserves_old_sessions[False] PASSED [ 92%]
tests/test_session_request_codec.py::test_collinear_inference_choice_round_trips_and_omission_preserves_old_sessions[True] PASSED [ 92%]
tests/test_settings_only_session.py::test_settings_only_reader_and_nonrenderable_edge PASSED [ 92%]
tests/test_settings_only_session.py::test_settings_only_auxiliary_resource_materializes PASSED [ 92%]
tests/test_settings_only_session.py::test_settings_only_rejects_inconsistent_documents[old_version-requires a canonical renderRequest] PASSED [ 92%]
tests/test_settings_only_session.py::test_settings_only_rejects_inconsistent_documents[future_version-newer than] PASSED [ 92%]
tests/test_settings_only_session.py::test_settings_only_rejects_inconsistent_documents[missing_request-requires a canonical renderRequest] PASSED [ 92%]
tests/test_settings_only_session.py::test_settings_only_rejects_inconsistent_documents[config-active Web configuration] PASSED [ 92%]
tests/test_settings_only_session.py::test_settings_only_rejects_inconsistent_documents[binding-missing resource] PASSED [ 92%]
tests/test_settings_only_session.py::test_settings_only_rejects_inconsistent_documents[binding_schema-binding schema] PASSED [ 92%]
tests/test_settings_only_session.py::test_settings_only_rejects_inconsistent_documents[source-biological sources] PASSED [ 92%]
tests/test_settings_only_session.py::test_settings_only_rejects_inconsistent_documents[result-editorState.featureCatalog] PASSED [ 92%]
tests/test_settings_only_session.py::test_settings_only_rejects_inconsistent_documents[provenance-committed render artifacts] PASSED [ 92%]
tests/test_settings_only_session.py::test_cli_rejects_settings_only_without_creating_output PASSED [ 92%]
tests/test_sparse_support.py::test_direction_and_membership_diagnostic_priority[0-incoming] PASSED [ 92%]
tests/test_sparse_support.py::test_direction_and_membership_diagnostic_priority[0-outgoing] PASSED [ 92%]
tests/test_sparse_support.py::test_direction_and_membership_diagnostic_priority[0-both] PASSED [ 92%]
tests/test_sparse_support.py::test_direction_and_membership_diagnostic_priority[1-incoming] PASSED [ 92%]
tests/test_sparse_support.py::test_direction_and_membership_diagnostic_priority[1-outgoing] PASSED [ 92%]
tests/test_sparse_support.py::test_direction_and_membership_diagnostic_priority[1-both] PASSED [ 92%]
tests/test_sparse_support.py::test_seeded_candidate_and_local_competition_equivalence[0] PASSED [ 92%]
tests/test_sparse_support.py::test_seeded_candidate_and_local_competition_equivalence[1] PASSED [ 92%]
tests/test_sparse_support.py::test_seeded_candidate_and_local_competition_equivalence[2] PASSED [ 92%]
tests/test_sparse_support.py::test_seeded_candidate_and_local_competition_equivalence[3] PASSED [ 92%]
tests/test_sparse_support.py::test_seeded_candidate_and_local_competition_equivalence[4] PASSED [ 92%]
tests/test_sparse_support.py::test_seeded_candidate_and_local_competition_equivalence[5] PASSED [ 92%]
tests/test_sparse_support.py::test_seeded_candidate_and_local_competition_equivalence[6] PASSED [ 92%]
tests/test_sparse_support.py::test_seeded_candidate_and_local_competition_equivalence[7] PASSED [ 92%]
tests/test_sparse_support.py::test_seeded_candidate_and_local_competition_equivalence[8] PASSED [ 92%]
tests/test_sparse_support.py::test_seeded_candidate_and_local_competition_equivalence[9] PASSED [ 93%]
tests/test_sparse_support.py::test_seeded_candidate_and_local_competition_equivalence[10] PASSED [ 93%]
tests/test_sparse_support.py::test_seeded_candidate_and_local_competition_equivalence[11] PASSED [ 93%]
tests/test_sparse_support.py::test_seeded_candidate_and_local_competition_equivalence[12] PASSED [ 93%]
tests/test_sparse_support.py::test_seeded_candidate_and_local_competition_equivalence[13] PASSED [ 93%]
tests/test_sparse_support.py::test_seeded_candidate_and_local_competition_equivalence[14] PASSED [ 93%]
tests/test_sparse_support.py::test_seeded_candidate_and_local_competition_equivalence[15] PASSED [ 93%]
tests/test_sparse_support.py::test_seeded_candidate_and_local_competition_equivalence[16] PASSED [ 93%]
tests/test_sparse_support.py::test_seeded_candidate_and_local_competition_equivalence[17] PASSED [ 93%]
tests/test_sparse_support.py::test_seeded_candidate_and_local_competition_equivalence[18] PASSED [ 93%]
tests/test_sparse_support.py::test_seeded_candidate_and_local_competition_equivalence[19] PASSED [ 93%]
tests/test_sparse_support.py::test_seeded_candidate_and_local_competition_equivalence[20] PASSED [ 93%]
tests/test_sparse_support.py::test_seeded_candidate_and_local_competition_equivalence[21] PASSED [ 93%]
tests/test_sparse_support.py::test_seeded_candidate_and_local_competition_equivalence[22] PASSED [ 93%]
tests/test_sparse_support.py::test_seeded_candidate_and_local_competition_equivalence[23] PASSED [ 93%]
tests/test_sparse_support.py::test_seeded_candidate_and_local_competition_equivalence[24] PASSED [ 93%]
tests/test_sparse_support.py::test_seeded_candidate_and_local_competition_equivalence[25] PASSED [ 93%]
tests/test_sparse_support.py::test_seeded_candidate_and_local_competition_equivalence[26] PASSED [ 93%]
tests/test_sparse_support.py::test_seeded_candidate_and_local_competition_equivalence[27] PASSED [ 93%]
tests/test_sparse_support.py::test_seeded_candidate_and_local_competition_equivalence[28] PASSED [ 93%]
tests/test_sparse_support.py::test_seeded_candidate_and_local_competition_equivalence[29] PASSED [ 93%]
tests/test_sparse_support.py::test_seeded_candidate_and_local_competition_equivalence[30] PASSED [ 93%]
tests/test_sparse_support.py::test_seeded_candidate_and_local_competition_equivalence[31] PASSED [ 93%]
tests/test_sparse_support.py::test_seeded_candidate_and_local_competition_equivalence[32] PASSED [ 93%]
tests/test_sparse_support.py::test_seeded_candidate_and_local_competition_equivalence[33] PASSED [ 93%]
tests/test_sparse_support.py::test_seeded_candidate_and_local_competition_equivalence[34] PASSED [ 93%]
tests/test_sparse_support.py::test_seeded_candidate_and_local_competition_equivalence[35] PASSED [ 93%]
tests/test_sparse_support.py::test_seeded_candidate_and_local_competition_equivalence[36] PASSED [ 93%]
tests/test_sparse_support.py::test_seeded_candidate_and_local_competition_equivalence[37] PASSED [ 93%]
tests/test_sparse_support.py::test_seeded_candidate_and_local_competition_equivalence[38] PASSED [ 93%]
tests/test_sparse_support.py::test_seeded_candidate_and_local_competition_equivalence[39] PASSED [ 93%]
tests/test_sparse_support.py::test_fixed_core_then_expanded_competition_and_local_addition PASSED [ 93%]
tests/test_sparse_support.py::test_sparse_visits_and_giant_groups PASSED [ 93%]
tests/test_sparse_support.py::test_endpoint_first_match_counts_and_unknown_errors PASSED [ 93%]
tests/test_sparse_support.py::test_rbh_many_to_many_duplicate_text_ids_order_and_full_payload PASSED [ 93%]
tests/test_sparse_support.py::test_projection_suppression_preserves_inference_and_all_edges PASSED [ 93%]
tests/test_sparse_support.py::test_complete_ties_best_second_confidence_and_related_order[1] PASSED [ 93%]
tests/test_sparse_support.py::test_complete_ties_best_second_confidence_and_related_order[2] PASSED [ 93%]
tests/test_sparse_support.py::test_empty_unknown_self_and_nonpositive_candidate_boundaries[0.0] PASSED [ 93%]
tests/test_sparse_support.py::test_empty_unknown_self_and_nonpositive_candidate_boundaries[-1.0] PASSED [ 93%]
tests/test_sparse_support.py::test_empty_unknown_self_and_nonpositive_candidate_boundaries[nan] PASSED [ 93%]
tests/test_sparse_support.py::test_empty_unknown_self_and_nonpositive_candidate_boundaries[inf] PASSED [ 93%]
tests/test_sparse_support.py::test_empty_unknown_self_and_nonpositive_candidate_boundaries[bad] PASSED [ 93%]
tests/test_spatial_index.py::test_interval_and_aabb_normalize_reversed_bounds PASSED [ 94%]
tests/test_spatial_index.py::test_indexes_require_positive_finite_bucket_size[0] PASSED [ 94%]
tests/test_spatial_index.py::test_indexes_require_positive_finite_bucket_size[-1] PASSED [ 94%]
tests/test_spatial_index.py::test_indexes_require_positive_finite_bucket_size[inf] PASSED [ 94%]
tests/test_spatial_index.py::test_interval_index_query_padding_and_duplicate_suppression PASSED [ 94%]
tests/test_spatial_index.py::test_aabb_index_query_padding_and_duplicate_suppression PASSED [ 94%]
tests/test_spatial_index.py::test_split_circular_interval_splits_origin_spanning_ranges PASSED [ 94%]
tests/test_spatial_index.py::test_interval_index_candidates_do_not_miss_overlapping_intervals PASSED [ 94%]
tests/test_spatial_index.py::test_aabb_candidate_pairs_do_not_miss_overlapping_bboxes PASSED [ 94%]
tests/test_spatial_index.py::test_candidate_aabb_pairs_respects_padding PASSED [ 94%]
tests/test_svg_id_contract.py::test_instance_svg_id_distinguishes_values_with_the_same_safe_fragment PASSED [ 94%]
tests/test_svg_id_contract.py::test_definition_group_svg_id_is_valid_collision_safe_and_deterministic PASSED [ 94%]
tests/test_svg_id_contract.py::test_single_record_definition_id_and_hooks_handle_unsafe_leading_id[linear] PASSED [ 94%]
tests/test_svg_id_contract.py::test_single_record_definition_id_and_hooks_handle_unsafe_leading_id[circular] PASSED [ 94%]
tests/test_svg_id_contract.py::test_multi_record_definition_ids_disambiguate_duplicates_and_safe_aliases[linear] PASSED [ 94%]
tests/test_svg_id_contract.py::test_multi_record_definition_ids_disambiguate_duplicates_and_safe_aliases[circular] PASSED [ 94%]
tests/test_svg_id_contract.py::test_linear_skew_clip_id_is_deterministic_unique_and_referenced PASSED [ 94%]
tests/test_svg_id_contract.py::test_repeated_circular_skew_slots_get_distinct_deterministic_clip_ids PASSED [ 94%]
tests/test_svg_id_contract.py::test_linear_dual_legend_ids_are_namespaced_deterministic_and_referenced PASSED [ 94%]
tests/test_svg_id_contract.py::test_current_renderer_output_makes_removed_consumer_id_repair_a_noop PASSED [ 94%]
tests/test_svg_id_contract.py::test_identical_semantic_features_keep_stable_hooks_and_unique_dom_ids[circular] PASSED [ 94%]
tests/test_svg_id_contract.py::test_identical_semantic_features_keep_stable_hooks_and_unique_dom_ids[linear] PASSED [ 94%]
tests/test_svg_id_contract.py::test_identical_underlay_features_keep_stable_hooks_and_unique_dom_ids[circular] PASSED [ 94%]
tests/test_svg_id_contract.py::test_identical_underlay_features_keep_stable_hooks_and_unique_dom_ids[linear] PASSED [ 94%]
tests/test_svg_id_contract.py::test_repeated_circular_record_grid_namespaces_colliding_ids_and_references PASSED [ 94%]
tests/test_svg_id_contract.py::test_circular_multi_record_wrappers_expose_record_identity_hooks PASSED [ 94%]
tests/test_svg_id_contract.py::test_default_dinucleotide_tracks_expose_canonical_slot_hooks[circular] PASSED [ 94%]
tests/test_svg_id_contract.py::test_default_dinucleotide_tracks_expose_canonical_slot_hooks[linear] PASSED [ 94%]
tests/test_svg_id_contract.py::test_default_circular_ticks_expose_slot_hooks_without_renaming_group PASSED [ 94%]
tests/test_svg_id_contract.py::test_circular_multi_reserved_record_ids_do_not_collide_with_shared_groups PASSED [ 94%]
tests/test_svg_id_contract.py::test_record_group_ids_do_not_collide_with_renderer_owned_groups[linear-legend] PASSED [ 94%]
tests/test_svg_id_contract.py::test_record_group_ids_do_not_collide_with_renderer_owned_groups[linear-ordinary-record] PASSED [ 94%]
tests/test_svg_id_contract.py::test_record_group_ids_do_not_collide_with_renderer_owned_groups[circular-Axis] PASSED [ 94%]
tests/test_svg_id_contract.py::test_record_group_ids_do_not_collide_with_renderer_owned_groups[circular-tick] PASSED [ 94%]
tests/test_svg_id_contract.py::test_record_group_ids_do_not_collide_with_renderer_owned_groups[circular-ordinary-record] PASSED [ 94%]
tests/test_svg_id_contract.py::test_linear_record_id_does_not_collide_with_comparison_group PASSED [ 94%]
tests/test_svg_id_contract.py::test_annotation_track_prefix_record_id_is_semantic_only PASSED [ 94%]
tests/test_svg_id_contract.py::test_interactive_asset_ids_do_not_replace_record_groups[gbdraw-interactive-feature-metadata] PASSED [ 94%]
tests/test_svg_id_contract.py::test_interactive_asset_ids_do_not_replace_record_groups[gbdraw-interactive-feature-style] PASSED [ 94%]
tests/test_svg_id_contract.py::test_interactive_asset_ids_do_not_replace_record_groups[gbdraw-interactive-feature-script] PASSED [ 94%]
tests/test_svg_id_contract.py::test_interactive_asset_ids_do_not_replace_record_groups[gbdraw-interactive-feature-glow] PASSED [ 94%]
tests/test_svg_id_contract.py::test_interactive_asset_ids_do_not_replace_record_groups[gbdraw-interactive-feature-match-glow] PASSED [ 94%]
tests/test_svg_id_contract.py::test_interactive_asset_ids_do_not_replace_record_groups[gbdraw-viewport-controls] PASSED [ 94%]
tests/test_svg_id_contract.py::test_linear_user_slot_ids_are_namespaced_without_safe_fragment_aliases PASSED [ 95%]
tests/test_svg_id_contract.py::test_linear_depth_alias_slots_namespace_outer_and_axis_ids PASSED [ 95%]
tests/test_svg_id_contract.py::test_linear_user_slot_ids_are_record_scoped_in_multi_record_svg PASSED [ 95%]
tests/test_svg_id_contract.py::test_annotation_slot_ids_are_namespaced_without_safe_fragment_aliases[linear] PASSED [ 95%]
tests/test_svg_id_contract.py::test_annotation_slot_ids_are_namespaced_without_safe_fragment_aliases[circular] PASSED [ 95%]
tests/test_svg_id_contract.py::test_circular_text_paths_are_deterministic_and_slot_scoped PASSED [ 95%]
tests/test_svg_id_contract.py::test_circular_numeric_alias_slots_namespace_outer_and_child_ids PASSED [ 95%]
tests/test_svg_id_contract.py::test_repeated_circular_feature_and_tick_slots_have_unique_deterministic_ids PASSED [ 95%]
tests/test_svg_id_contract.py::test_reserved_circular_slot_names_are_semantic_only_not_dom_ids PASSED [ 95%]
tests/test_text_geometry.py::test_oriented_text_box_anchor_bounds[start-expected0] PASSED [ 95%]
tests/test_text_geometry.py::test_oriented_text_box_anchor_bounds[middle-expected1] PASSED [ 95%]
tests/test_text_geometry.py::test_oriented_text_box_anchor_bounds[end-expected2] PASSED [ 95%]
tests/test_text_geometry.py::test_oriented_text_box_cardinal_rotation_aabb[0.0-expected0] PASSED [ 95%]
tests/test_text_geometry.py::test_oriented_text_box_cardinal_rotation_aabb[90.0-expected1] PASSED [ 95%]
tests/test_text_geometry.py::test_oriented_text_box_cardinal_rotation_aabb[180.0-expected2] PASSED [ 95%]
tests/test_text_geometry.py::test_oriented_text_box_cardinal_rotation_aabb[270.0-expected3] PASSED [ 95%]
tests/test_text_geometry.py::test_oriented_text_box_padding_expands_all_sides PASSED [ 95%]
tests/test_text_geometry.py::test_oriented_box_sat_and_edge_touch_semantics PASSED [ 95%]
tests/test_text_geometry.py::test_segment_intersects_rotated_text_box PASSED [ 95%]
tests/test_text_geometry.py::test_segment_corner_touch_semantics PASSED  [ 95%]
tests/test_tutorial_documentation_contracts.py::test_url_host_matching_requires_exact_hostname PASSED [ 95%]
tests/test_tutorial_documentation_contracts.py::test_surface_indexes_list_each_canonical_tutorial_once_with_its_h1 PASSED [ 95%]
tests/test_tutorial_documentation_contracts.py::test_procedural_docs_acquire_sequences_from_authoritative_sources PASSED [ 95%]
tests/test_tutorial_documentation_contracts.py::test_procedural_docs_do_not_link_prebuilt_sessions PASSED [ 95%]
tests/test_tutorial_documentation_contracts.py::test_tutorial_root_routes_by_surface PASSED [ 95%]
tests/test_tutorial_documentation_contracts.py::test_documentation_landing_pages_state_distinct_information_roles PASSED [ 95%]
tests/test_tutorial_documentation_contracts.py::test_readme_and_docs_landing_route_to_the_four_public_destinations PASSED [ 95%]
tests/test_tutorial_documentation_contracts.py::test_public_docs_do_not_link_to_retired_categories PASSED [ 95%]
tests/test_tutorial_documentation_contracts.py::test_active_internal_documentation_local_links_resolve PASSED [ 95%]
tests/test_tutorial_documentation_contracts.py::test_public_tutorial_labels_route_to_the_canonical_index PASSED [ 95%]
tests/test_tutorial_documentation_contracts.py::test_tutorial_root_contains_only_the_index PASSED [ 95%]
tests/test_tutorial_documentation_contracts.py::test_public_docs_do_not_expose_the_example_maintenance_script PASSED [ 95%]
tests/test_tutorial_documentation_contracts.py::test_public_docs_do_not_expose_fixture_provenance_maintenance_details PASSED [ 95%]
tests/test_tutorial_fixture_manifest.py::test_git_attributes_keep_tutorial_fixture_bytes_stable PASSED [ 95%]
tests/test_tutorial_fixture_manifest.py::test_tutorial_fixture_manifest_is_complete_unique_and_within_budget PASSED [ 95%]
tests/test_tutorial_fixture_manifest.py::test_tutorial_fixture_retrieval_dates_follow_the_schema_v2_policy PASSED [ 95%]
tests/test_tutorial_fixture_manifest.py::test_bgc_comparison_and_circular_multi_record_fixtures_are_distinct PASSED [ 95%]
tests/test_tutorial_fixture_manifest.py::test_hepatoplasmataceae_fixture_supports_gallery_collinear_tutorial PASSED [ 95%]
tests/test_tutorial_fixture_manifest.py::test_hepatoplasmataceae_capture_mirrors_have_byte_verification PASSED [ 95%]
tests/test_tutorial_fixture_manifest.py::test_bgc_pair_is_not_assigned_to_nucleotide_comparison_scenarios PASSED [ 95%]
tests/test_tutorial_fixture_manifest.py::test_lambda_de3_comparison_fixture_uses_complete_sources_and_fixed_evidence PASSED [ 95%]
tests/test_tutorial_fixture_manifest.py::test_metazoan_mtdna_comparison_uses_complete_sources_and_fixed_evidence PASSED [ 95%]
tests/test_tutorial_fixture_manifest.py::test_metazoan_mtdna_fastas_match_complete_genbank_sources PASSED [ 95%]
tests/test_tutorial_fixture_manifest.py::test_metazoan_mtdna_comparison_builder_is_byte_reproducible PASSED [ 96%]
tests/test_tutorial_fixture_manifest.py::test_genbank_manifest_semantics_match_parsed_records PASSED [ 96%]
tests/test_tutorial_fixture_manifest.py::test_lambda_gff3_and_fasta_semantics_match_the_source_record PASSED [ 96%]
tests/test_tutorial_fixture_manifest.py::test_lambda_derivative_builder_is_byte_reproducible PASSED [ 96%]
tests/test_tutorial_fixture_manifest.py::test_extended_track_fixtures_are_real_complete_records_and_reproducible PASSED [ 96%]
tests/test_tutorial_fixture_manifest.py::test_artificial_lambda_split_is_absent_from_public_sources PASSED [ 96%]
tests/test_typed_track_validation.py::test_typed_track_option_compatibility_aliases_share_the_canonical_classes PASSED [ 96%]
tests/test_typed_track_validation.py::test_linear_track_options_reject_circular_only_renderer PASSED [ 96%]
tests/test_typed_track_validation.py::test_mode_specific_track_options_reject_invalid_axis_index[<lambda>0] PASSED [ 96%]
tests/test_typed_track_validation.py::test_mode_specific_track_options_reject_invalid_axis_index[<lambda>1] PASSED [ 96%]
tests/test_typed_track_validation.py::test_mode_specific_track_options_reject_invalid_axis_index[<lambda>2] PASSED [ 96%]
tests/test_typed_track_validation.py::test_mode_specific_track_options_reject_invalid_axis_index[<lambda>3] PASSED [ 96%]
tests/test_typed_track_validation.py::test_circular_track_options_reject_invalid_center_radius[-1] PASSED [ 96%]
tests/test_typed_track_validation.py::test_circular_track_options_reject_invalid_center_radius[nan] PASSED [ 96%]
tests/test_typed_track_validation.py::test_circular_track_options_reject_invalid_center_radius[inf] PASSED [ 96%]
tests/test_typed_track_validation.py::test_circular_track_options_reject_invalid_center_radius[1] PASSED [ 96%]
tests/test_typed_track_validation.py::test_circular_track_options_reject_invalid_center_radius[True] PASSED [ 96%]
tests/test_typed_track_validation.py::test_request_track_options_validate_slots_axes_and_radius PASSED [ 96%]
tests/test_typed_track_validation.py::test_fresh_track_options_reject_private_circular_transport[gc:dinucleotide_content@__gbdraw_legacy_spacing=4px] PASSED [ 96%]
tests/test_typed_track_validation.py::test_fresh_track_options_reject_private_circular_transport[gc:dinucleotide_content@_auto_compress=false] PASSED [ 96%]
tests/test_typed_track_validation.py::test_fresh_track_options_reject_private_circular_transport[slot2] PASSED [ 96%]
tests/test_typed_track_validation.py::test_fresh_track_options_reject_private_circular_transport[slot3] PASSED [ 96%]
tests/test_typed_track_validation.py::test_linear_request_rejects_valid_circular_only_track_bundle PASSED [ 96%]
tests/test_typed_track_validation.py::test_root_depth_track_rejects_invalid_source_elements[1] PASSED [ 96%]
tests/test_typed_track_validation.py::test_root_depth_track_rejects_invalid_source_elements[source1] PASSED [ 96%]
tests/test_typed_track_validation.py::test_diagram_options_reject_invalid_depth_source_types[kwargs0] PASSED [ 96%]
tests/test_typed_track_validation.py::test_diagram_options_reject_invalid_depth_source_types[kwargs1] PASSED [ 96%]
tests/test_typed_track_validation.py::test_diagram_options_reject_invalid_depth_source_types[kwargs2] PASSED [ 96%]
tests/test_typed_track_validation.py::test_diagram_options_reject_invalid_depth_source_types[kwargs3] PASSED [ 96%]
tests/test_typed_track_validation.py::test_diagram_options_reject_invalid_depth_source_types[kwargs4] PASSED [ 96%]
tests/test_typed_track_validation.py::test_diagram_options_reject_invalid_depth_source_types[kwargs5] PASSED [ 96%]
tests/test_web_config_overrides.py::test_known_typed_unmanaged_leaf_is_preserved_exactly PASSED [ 96%]
tests/test_web_config_overrides.py::test_invalid_overlay_inputs_are_rejected_explicitly[overrides0-Unknown config override path] PASSED [ 96%]
tests/test_web_config_overrides.py::test_invalid_overlay_inputs_are_rejected_explicitly[overrides1-not a leaf field] PASSED [ 96%]
tests/test_web_config_overrides.py::test_invalid_overlay_inputs_are_rejected_explicitly[overrides2-unsafe key] PASSED [ 96%]
tests/test_web_config_overrides.py::test_invalid_overlay_inputs_are_rejected_explicitly[overrides3-unsafe key] PASSED [ 96%]
tests/test_web_config_overrides.py::test_invalid_overlay_inputs_are_rejected_explicitly[overrides4-Invalid value] PASSED [ 96%]
tests/test_web_config_overrides.py::test_invalid_overlay_inputs_are_rejected_explicitly[overrides5-finite number in.*0.0, 1.0] PASSED [ 96%]
tests/test_web_config_overrides.py::test_invalid_overlay_inputs_are_rejected_explicitly[overrides6-allowed literal values] PASSED [ 96%]
tests/test_web_config_overrides.py::test_active_mode_incompatible_leaf_is_rejected[circular-objects.blast_match.curve_tension] PASSED [ 96%]
tests/test_web_config_overrides.py::test_active_mode_incompatible_leaf_is_rejected[linear-objects.axis.circular.stroke_color] PASSED [ 96%]
tests/test_web_config_overrides.py::test_gui_managed_paths_are_filtered_and_cannot_be_stored_as_unmanaged PASSED [ 96%]
tests/test_web_config_overrides.py::test_full_typed_config_projects_only_changed_unmanaged_leaves PASSED [ 96%]
tests/test_web_config_overrides.py::test_full_typed_circular_config_ignores_inactive_linear_leaf PASSED [ 97%]
tests/test_web_config_overrides.py::test_explicit_circular_unmanaged_override_rejects_linear_label_scope PASSED [ 97%]
tests/test_web_config_overrides.py::test_json_boundary_returns_validated_overlay PASSED [ 97%]
tests/test_web_config_overrides.py::test_json_boundary_returns_actionable_safe_rejection PASSED [ 97%]
tests/test_web_config_overrides.py::test_gui_filter_leaf_does_not_create_a_duplicate_raw_override[circular] PASSED [ 97%]
tests/test_web_config_overrides.py::test_gui_filter_leaf_does_not_create_a_duplicate_raw_override[linear] PASSED [ 97%]
tests/test_web_config_overrides.py::test_explicit_raw_filtering_and_unmanaged_filter_changes_remain_preserved PASSED [ 97%]
tests/test_web_feature_catalog.py::test_feature_catalog_uses_one_read_only_svg_index PASSED [ 97%]
tests/test_web_feature_catalog.py::test_feature_catalog_preserves_fallback_feature_dom_order PASSED [ 97%]
tests/test_web_feature_catalog.py::test_sequence_source_deduplication_is_order_independent_and_fail_closed PASSED [ 97%]
tests/test_web_feature_catalog.py::test_feature_catalog_rejects_missing_conflicting_and_duplicate_match_ids PASSED [ 97%]
tests/test_web_feature_catalog.py::test_feature_catalog_rejects_ambiguous_orthogroup_identity PASSED [ 97%]
tests/test_web_feature_catalog.py::test_feature_catalog_normalizes_references_and_sequence_ownership PASSED [ 97%]
tests/test_web_feature_catalog.py::test_feature_catalog_references_only_exactly_reconstructible_sequences PASSED [ 97%]
tests/test_web_feature_catalog.py::test_feature_catalog_compacts_translation_after_alias_resolution PASSED [ 97%]
tests/test_web_feature_catalog.py::test_feature_catalog_disambiguates_identical_biological_feature_ids PASSED [ 97%]
tests/test_web_feature_catalog.py::test_feature_catalog_preserves_duplicate_location_source_identity PASSED [ 97%]
tests/test_web_feature_catalog.py::test_feature_catalog_rejects_invalid_or_conflicting_source_aliases[identity_overrides0] PASSED [ 97%]
tests/test_web_feature_catalog.py::test_feature_catalog_rejects_invalid_or_conflicting_source_aliases[identity_overrides1] PASSED [ 97%]
tests/test_web_feature_catalog.py::test_feature_catalog_rejects_invalid_or_conflicting_source_aliases[identity_overrides2] PASSED [ 97%]
tests/test_web_feature_catalog.py::test_feature_catalog_rejects_invalid_or_conflicting_source_aliases[identity_overrides3] PASSED [ 97%]
tests/test_web_feature_catalog.py::test_feature_catalog_rejects_invalid_or_conflicting_source_aliases[identity_overrides4] PASSED [ 97%]
tests/test_web_feature_catalog.py::test_feature_catalog_rejects_duplicate_canonical_source_identity PASSED [ 97%]
tests/test_web_feature_catalog.py::test_feature_catalog_fails_closed_without_matching_source_identity[member0] PASSED [ 97%]
tests/test_web_feature_catalog.py::test_feature_catalog_fails_closed_without_matching_source_identity[member1] PASSED [ 97%]
tests/test_web_feature_catalog.py::test_feature_catalog_fails_closed_without_matching_source_identity[member2] PASSED [ 97%]
tests/test_web_feature_catalog.py::test_feature_catalog_fails_closed_without_matching_source_identity[member3] PASSED [ 97%]
tests/test_web_feature_catalog.py::test_feature_catalog_resolves_hidden_match_endpoints_by_source_identity PASSED [ 97%]
tests/test_web_feature_catalog.py::test_feature_catalog_distinguishes_membership_and_presentation_scopes PASSED [ 97%]
tests/test_web_feature_catalog.py::test_feature_catalog_derives_collinear_group_presentation_from_matches PASSED [ 97%]
tests/test_web_feature_catalog.py::test_feature_catalog_applies_collinear_presentation_to_unrendered_groups PASSED [ 97%]
tests/test_web_feature_catalog.py::test_feature_catalog_rejects_incomplete_group_presentation_aliases PASSED [ 97%]
tests/test_web_feature_catalog.py::test_feature_catalog_rejects_disagreeing_match_identity_fields[stable-subject-1] PASSED [ 97%]
tests/test_web_feature_catalog.py::test_feature_catalog_rejects_disagreeing_match_identity_fields[stable-query-1] PASSED [ 97%]
tests/test_web_feature_catalog.py::test_feature_catalog_references_one_biological_payload_from_many_renderings PASSED [ 97%]
tests/test_web_feature_catalog.py::test_sequence_source_validation_is_bounded_by_source_count PASSED [ 97%]
tests/test_web_feature_metadata.py::test_python_helpers_blank_or_js_nullish_accepts_pyodide_sentinels PASSED [ 97%]
tests/test_web_feature_metadata.py::test_canonical_request_wrapper_rejects_invalid_request_without_monkeypatching PASSED [ 97%]
tests/test_web_feature_metadata.py::test_canonical_request_wrapper_returns_svg_content_as_utf8_bytes PASSED [ 97%]
tests/test_web_feature_metadata.py::test_regenerate_definition_svgs_accepts_nullish_font_sizes PASSED [ 97%]
tests/test_web_feature_metadata.py::test_regenerate_definition_svgs_accepts_numeric_font_size_strings PASSED [ 97%]
tests/test_web_feature_metadata.py::test_regenerate_definition_svgs_reports_invalid_font_size_strings PASSED [ 97%]
tests/test_web_feature_metadata.py::test_regenerate_definition_svgs_matches_duplicate_definition_id_contract PASSED [ 97%]
tests/test_web_feature_metadata.py::test_importable_feature_metadata_matches_pyodide_wrapper PASSED [ 98%]
tests/test_web_feature_metadata.py::test_gff_fasta_feature_metadata_includes_nested_rendered_features PASSED [ 98%]
tests/test_web_feature_metadata.py::test_web_feature_extraction_includes_qualifiers_locations_and_translation PASSED [ 98%]
tests/test_web_feature_metadata.py::test_web_feature_extraction_translates_simple_cds_without_translation PASSED [ 98%]
tests/test_web_feature_metadata.py::test_web_feature_extraction_reports_invalid_translation_warning PASSED [ 98%]
tests/test_web_feature_metadata.py::test_web_feature_extraction_adds_compound_location_parts PASSED [ 98%]
tests/test_web_feature_metadata.py::test_web_feature_extraction_region_uses_absolute_display_coordinates PASSED [ 98%]
tests/test_web_feature_metadata.py::test_web_feature_extraction_region_reverse_uses_absolute_display_coordinates PASSED [ 98%]
tests/test_web_feature_metadata.py::test_web_feature_selector_record_location_matches_visibility_rule PASSED [ 98%]
tests/test_web_feature_metadata.py::test_web_feature_selector_safety_scope_precedes_visibility_filtering PASSED [ 98%]
tests/test_web_feature_metadata.py::test_biological_feature_catalog_keeps_features_excluded_from_rendering PASSED [ 98%]
tests/test_web_feature_metadata.py::test_biological_feature_catalog_excludes_non_rendered_source_features PASSED [ 98%]
tests/test_web_mode_profiles.py::test_generated_web_mode_profiles_match_python_source PASSED [ 98%]
tests/test_web_mode_profiles.py::test_web_mode_profile_consumers_use_mode_specific_defaults PASSED [ 98%]
tests/test_web_packaging.py::test_web_offline_assets_can_be_prepared_for_packaging PASSED [ 98%]
tests/test_web_packaging.py::test_browser_wheel_excludes_hosted_web_assets PASSED [ 98%]
tests/test_web_packaging.py::test_local_web_package_data_excludes_gallery_assets PASSED [ 98%]
tests/test_web_packaging.py::test_index_links_to_open_source_notices PASSED [ 98%]
tests/test_web_packaging.py::test_index_links_to_hosted_interactive_gallery PASSED [ 98%]
tests/test_web_packaging.py::test_public_web_html_entrypoints_are_not_gitignored PASSED [ 98%]
tests/test_web_packaging.py::test_gallery_csp_allows_same_origin_tutorial_media PASSED [ 98%]
tests/test_web_packaging.py::test_open_source_notices_are_generated PASSED [ 98%]
tests/test_web_packaging.py::test_open_source_notices_generator_does_not_require_runtime_dependencies PASSED [ 98%]
tests/test_web_packaging.py::test_open_source_notices_include_current_project_version PASSED [ 98%]
tests/test_web_packaging.py::test_open_source_notices_omit_internal_generation_details PASSED [ 98%]
tests/test_web_packaging.py::test_open_source_notices_include_local_pyodide_wheels PASSED [ 98%]
tests/test_web_packaging.py::test_web_config_pyodide_local_wheels_match_shared_manifest PASSED [ 98%]
tests/test_web_packaging.py::test_index_uses_title_logo_separately_from_icon_assets PASSED [ 98%]
tests/test_web_packaging.py::test_meta_csp_omits_frame_ancestors_header_only_directive PASSED [ 98%]
tests/test_web_packaging.py::test_interactive_gallery_shell_is_sandboxed PASSED [ 98%]
tests/test_web_packaging.py::test_interactive_gallery_examples_are_wired PASSED [ 98%]
tests/test_web_packaging.py::test_runnable_gallery_support_downloads_exist PASSED [ 98%]
tests/test_web_packaging.py::test_index_includes_preprint_citation PASSED [ 98%]
tests/test_web_packaging.py::test_gallery_sessions_ship_resumable_state_without_duplicate_files PASSED [ 98%]
tests/test_web_packaging.py::test_tobacco_gallery_session_keeps_chloroplast_region_annotations PASSED [ 98%]
tests/test_web_packaging.py::test_vnig_gallery_session_multirecord_positions_are_restoreable PASSED [ 98%]
tests/test_web_packaging.py::test_prepare_browser_wheel_refreshes_open_source_notices PASSED [ 98%]
tests/test_web_packaging.py::test_cloudflare_bundle_includes_google_analytics_and_hosted_notice PASSED [ 98%]
tests/test_web_packaging.py::test_cloudflare_gallery_remote_base_rejects_mutable_refs PASSED [ 98%]
tests/test_web_packaging.py::test_cloudflare_gallery_remote_base_uses_resolved_commit PASSED [ 98%]
tests/test_web_packaging.py::test_cloudflare_gallery_manifest_loader_is_script_safe PASSED [ 98%]
tests/test_web_packaging.py::test_cloudflare_gallery_verification_does_not_require_cairosvg PASSED [ 98%]
tests/test_web_packaging.py::test_cloudflare_prepare_treats_gallery_as_read_only PASSED [ 98%]
tests/test_web_packaging.py::test_cloudflare_prepare_refreshes_open_source_notices_before_copy PASSED [ 99%]
tests/test_web_packaging.py::test_wrangler_uses_cloudflare_bundle_directory PASSED [ 99%]
tests/test_web_packaging.py::test_project_docs_and_citation_metadata_include_preprint_doi PASSED [ 99%]
tests/test_web_packaging.py::test_conda_build_prepares_browser_wheel_before_install PASSED [ 99%]
tests/test_web_packaging.py::test_hosted_web_uses_cloudflare_and_retains_browser_verification PASSED [ 99%]
tests/test_web_packaging.py::test_conda_recipe_does_not_copy_entire_web_tree PASSED [ 99%]
tests/test_web_packaging.py::test_setup_commands_refresh_open_source_notices PASSED [ 99%]
tests/test_web_render_preparation_cache.py::test_decoded_resource_cache_reuses_only_the_same_worker_identity PASSED [ 99%]
tests/test_web_render_preparation_cache.py::test_warm_and_render_only_generates_reuse_biological_preparation PASSED [ 99%]
tests/test_web_render_preparation_cache.py::test_public_render_request_remains_uncached_by_default PASSED [ 99%]
tests/test_web_render_preparation_cache.py::test_gallery_genbank_preparation_owner_remains_read_only PASSED [ 99%]
tests/test_web_render_preparation_cache.py::test_annotation_change_invalidates_interactive_context_only PASSED [ 99%]
tests/test_web_render_preparation_cache.py::test_visibility_resource_invalidates_context_but_not_genbank_records PASSED [ 99%]
tests/test_web_render_preparation_cache.py::test_orthogroup_resource_invalidates_interactive_context_only PASSED [ 99%]
tests/test_web_render_preparation_cache.py::test_gff_fasta_policy_is_part_of_the_parsed_source_key PASSED [ 99%]
tests/test_web_render_preparation_cache.py::test_comparison_fasta_cache_reuses_only_nonempty_sources PASSED [ 99%]
tests/test_web_render_preparation_cache.py::test_selector_and_cardinality_changes_rebuild_resolved_records_only PASSED [ 99%]
tests/test_web_render_preparation_cache.py::test_semantic_changes_invalidate_only_the_dependent_layers[kwargs0-1] PASSED [ 99%]
tests/test_web_render_preparation_cache.py::test_semantic_changes_invalidate_only_the_dependent_layers[kwargs1-1] PASSED [ 99%]
tests/test_web_render_preparation_cache.py::test_semantic_changes_invalidate_only_the_dependent_layers[kwargs2-1] PASSED [ 99%]
tests/test_web_render_preparation_cache.py::test_source_token_replacement_invalidates_every_layer PASSED [ 99%]
tests/test_web_render_preparation_cache.py::test_identity_validation_rejects_paths_and_size_mismatches PASSED [ 99%]
tests/test_web_render_preparation_cache.py::test_failed_fill_is_not_published_and_prior_entry_survives PASSED [ 99%]
tests/test_web_render_preparation_cache.py::test_mutation_guard_rejects_changed_cached_owners PASSED [ 99%]
tests/test_web_request_render.py::test_embedded_web_request_renders_through_typed_api PASSED [ 99%]
tests/test_web_request_render.py::test_staged_web_request_renders_and_cleans_worker_workspace PASSED [ 99%]
tests/test_web_request_render.py::test_staged_web_request_preserves_workspace_without_worker_marker PASSED [ 99%]
tests/test_web_request_render.py::test_embedded_web_request_rejects_duplicate_materialized_names PASSED [ 99%]
tests/test_web_request_render.py::test_embedded_web_request_refuses_and_preserves_preexisting_workspace PASSED [ 99%]
tests/test_web_request_render.py::test_embedded_web_request_reports_cleanup_failure_after_success PASSED [ 99%]
tests/test_web_request_render.py::test_embedded_web_request_preserves_render_error_when_cleanup_fails PASSED [ 99%]
tests/test_web_request_render.py::test_cleanup_diagnostic_is_attached_without_baseexception_add_note PASSED [ 99%]
tests/test_web_request_render.py::test_embedded_web_request_preserves_in_memory_comparison_metadata PASSED [ 99%]
tests/test_web_request_render.py::test_web_request_returns_one_base_svg_and_compact_catalog[formats0-catalog-result] PASSED [ 99%]
tests/test_web_request_render.py::test_web_request_returns_one_base_svg_and_compact_catalog[formats1-catalog-result.interactive] PASSED [ 99%]
tests/test_web_request_render.py::test_web_circular_batch_has_one_catalog_item_per_logical_result PASSED [ 99%]
tests/test_web_runtime_capabilities.py::test_web_runtime_capability_manifest_is_owner_backed_and_json_safe PASSED [ 99%]
tests/test_web_runtime_capabilities.py::test_web_runtime_capability_manifest_returns_fresh_state PASSED [ 99%]
tests/test_web_ux_profile.py::test_circular_legend_selector_exposes_every_supported_corner PASSED [ 99%]
tests/test_web_ux_profile.py::test_first_circular_tutorial_controls_have_stable_accessible_selectors PASSED [ 99%]
tests/test_web_ux_profile.py::test_first_linear_tutorial_controls_have_stable_accessible_selectors PASSED [ 99%]
tests/test_web_ux_profile.py::test_linear_input_comparison_and_generate_controls_follow_semantic_dom_order PASSED [ 99%]
tests/test_web_ux_profile.py::test_file_uploader_exposes_a_native_keyboard_trigger PASSED [ 99%]
tests/test_web_ux_profile.py::test_losatn_tutorial_controls_and_match_popup_are_accessible PASSED [100%]

=============================== warnings summary ===============================
tests/test_protein_colinearity.py::test_hsp_missing_ids_never_become_valid_strings[category]
  /tmp/gbdraw-collinear-s04/tests/prototypes/hsp_aggregation.py:30: FutureWarning: The default of observed=False is deprecated and will be changed to True in a future version of pandas. Pass observed=False to retain current behavior or observed=True to adopt the future default and silence this warning.
    for (query_id, subject_id), group in hits.groupby(["query", "subject"], sort=False):

tests/test_session_compat.py::test_released_schema_v2_fixture_cli_sidecar_is_current_and_rerenders
tests/test_session_compat.py::test_version_39_typed_replay_retains_dormant_comparison_resource
  /home/kawato/micromamba/lib/python3.13/site-packages/Bio/SeqIO/InsdcIO.py:404: BiopythonWarning: Feature qualifier key 'candidate_cluster_numbers' is longer than maximum length specified by standard (20 characters).
    warnings.warn(

tests/test_session_compat.py::test_released_schema_v2_fixture_cli_sidecar_is_current_and_rerenders
tests/test_session_compat.py::test_version_39_typed_replay_retains_dormant_comparison_resource
  /home/kawato/micromamba/lib/python3.13/site-packages/Bio/SeqIO/InsdcIO.py:404: BiopythonWarning: Feature qualifier key 'candidate_cluster_number' is longer than maximum length specified by standard (20 characters).
    warnings.warn(

-- Docs: https://docs.pytest.org/en/stable/how-to/capture-warnings.html
=========================== short test summary info ============================
SKIPPED [16] tests/test_output_comparison.py:215: reference generation requires --update-reference-outputs
SKIPPED [1] tests/test_protein_colinearity.py:1816: Set GBDRAW_RUN_EXTERNAL_BLASTP_SMOKE=1 to run external blastp smoke test.
=== 4294 passed, 17 skipped, 11 deselected, 5 warnings in 611.56s (0:10:11) ====
