============================= test session starts ==============================
platform linux -- Python 3.13.3, pytest-9.0.2, pluggy-1.5.0 -- /home/kawato/micromamba/bin/python
cachedir: .pytest_cache
rootdir: /mnt/c/Users/genom/GitHub/gbdraw/.worktrees/collinear-s08-20260916
configfile: pyproject.toml
plugins: anyio-4.9.0, xdist-3.8.0, timeout-2.4.0, cov-7.0.0
timeout: 300.0s
timeout method: signal
timeout func_only: False
collecting ... collected 2103 items

tests/test_protein_colinearity.py::test_protein_identity_golden_hash_runtime_handle_and_export_encoding PASSED [  0%]
tests/test_protein_colinearity.py::test_current_protein_manifest_validator_accepts_extracted_schema2_authority PASSED [  0%]
tests/test_protein_colinearity.py::test_current_protein_manifest_validator_rejects_authority_corruption[top_level_schema-must use schema 2] PASSED [  0%]
tests/test_protein_colinearity.py::test_current_protein_manifest_validator_rejects_authority_corruption[protein_set_hash-Protein set .* hash does not match] PASSED [  0%]
tests/test_protein_colinearity.py::test_current_protein_manifest_validator_rejects_authority_corruption[record_analysis_hash-Record analysis .* hash does not match] PASSED [  0%]
tests/test_protein_colinearity.py::test_current_protein_manifest_validator_rejects_authority_corruption[runtime_membership-runtime map does not match its protein set] PASSED [  0%]
tests/test_protein_colinearity.py::test_current_protein_manifest_validator_rejects_authority_corruption[display_membership-metadata does not match its protein set] PASSED [  0%]
tests/test_protein_colinearity.py::test_current_protein_manifest_validator_rejects_authority_corruption[runtime_binding_hash-runtime binding hash does not match] PASSED [  0%]
tests/test_protein_colinearity.py::test_current_protein_manifest_validator_rejects_authority_corruption[display_binding_hash-display binding hash does not match] PASSED [  0%]
tests/test_protein_colinearity.py::test_current_protein_manifest_validator_rejects_authority_corruption[runtime_handle_uniqueness-deterministic and globally unique] PASSED [  0%]
tests/test_protein_colinearity.py::test_protein_manifest_rejects_nested_rendered_view_identity[viewFeatureSvgId] PASSED [  0%]
tests/test_protein_colinearity.py::test_protein_manifest_rejects_nested_rendered_view_identity[view_feature_svg_id] PASSED [  0%]
tests/test_protein_colinearity.py::test_protein_manifest_rejects_nested_rendered_view_identity[viewFeatureHashParts] PASSED [  0%]
tests/test_protein_colinearity.py::test_protein_manifest_rejects_nested_rendered_view_identity[view_feature_hash_parts] PASSED [  0%]
tests/test_protein_colinearity.py::test_protein_manifest_rejects_nested_rendered_view_identity[renderedFeatureSvgId] PASSED [  0%]
tests/test_protein_colinearity.py::test_protein_manifest_rejects_nested_rendered_view_identity[rendered_feature_svg_id] PASSED [  0%]
tests/test_protein_colinearity.py::test_protein_manifest_rejects_nested_rendered_view_identity[renderedSvgId] PASSED [  0%]
tests/test_protein_colinearity.py::test_protein_manifest_rejects_nested_rendered_view_identity[rendered_svg_id] PASSED [  0%]
tests/test_protein_colinearity.py::test_protein_manifest_rejects_nested_rendered_view_identity[Rendered-Feature-SVG-ID] PASSED [  0%]
tests/test_protein_colinearity.py::test_protein_manifest_rejects_nested_rendered_view_identity[queryViewFeatureSvgId] PASSED [  0%]
tests/test_protein_colinearity.py::test_protein_manifest_rejects_nested_rendered_view_identity[processed_view_feature_svg_id] PASSED [  0%]
tests/test_protein_colinearity.py::test_protein_manifest_rejects_nested_rendered_view_identity[subjectViewFeatureHashParts] PASSED [  1%]
tests/test_protein_colinearity.py::test_protein_manifest_rejects_nested_rendered_view_identity[queryRenderedFeatureSvgId] PASSED [  1%]
tests/test_protein_colinearity.py::test_protein_manifest_rejects_nested_rendered_view_identity[processed_rendered_svg_id] PASSED [  1%]
tests/test_protein_colinearity.py::test_protein_manifest_separates_raw_and_derived_invalidation PASSED [  1%]
tests/test_protein_colinearity.py::test_protein_raw_identity_is_invariant_to_display_reverse_complement PASSED [  1%]
tests/test_protein_colinearity.py::test_protein_manifest_compound_location_and_same_location_ordinals_are_stable PASSED [  1%]
tests/test_protein_colinearity.py::test_same_location_protein_identity_is_invariant_to_display_qualifier_changes[protein_id] PASSED [  1%]
tests/test_protein_colinearity.py::test_same_location_protein_identity_is_invariant_to_display_qualifier_changes[locus_tag] PASSED [  1%]
tests/test_protein_colinearity.py::test_same_location_protein_identity_is_invariant_to_display_qualifier_changes[ID] PASSED [  1%]
tests/test_protein_colinearity.py::test_identical_record_instances_share_content_but_not_runtime_bindings PASSED [  1%]
tests/test_protein_colinearity.py::test_protein_raw_identity_tracks_candidate_limit_args_exactly PASSED [  1%]
tests/test_protein_colinearity.py::test_legacy_protein_artifact_references_resolve_to_runtime_handles PASSED [  1%]
tests/test_protein_colinearity.py::test_legacy_protein_references_resolve_mixed_record_orientations PASSED [  1%]
tests/test_protein_colinearity.py::test_legacy_protein_artifact_reference_resolution_rejects_ambiguous_records PASSED [  1%]
tests/test_protein_colinearity.py::test_web_helper_resolves_legacy_protein_artifact_references_with_python_owner PASSED [  1%]
tests/test_protein_colinearity.py::test_protein_raw_tsv_hydration_uses_aliases_and_duplicate_ordinals PASSED [  1%]
tests/test_protein_colinearity.py::test_extract_cds_proteins_uses_translation_and_stable_synthetic_ids PASSED [  1%]
tests/test_protein_colinearity.py::test_extract_cds_proteins_prefers_unique_source_protein_id PASSED [  1%]
tests/test_protein_colinearity.py::test_extract_cds_proteins_carries_annotation_fields PASSED [  1%]
tests/test_protein_colinearity.py::test_extract_cds_proteins_accepts_record_index_offset PASSED [  1%]
tests/test_protein_colinearity.py::test_extract_cds_proteins_translates_when_translation_missing PASSED [  1%]
tests/test_protein_colinearity.py::test_extract_cds_proteins_handles_compound_location_span PASSED [  2%]
tests/test_protein_colinearity.py::test_filter_protein_hits_by_thresholds_removes_low_confidence_bridge PASSED [  2%]
tests/test_protein_colinearity.py::test_orthogroup_membership_modes_accept_legacy_aliases_for_anchor_core PASSED [  2%]
tests/test_protein_colinearity.py::test_select_best_hits_per_query_avoids_secondary_paralog_merge PASSED [  2%]
tests/test_protein_colinearity.py::test_select_reciprocal_best_hits_rejects_many_to_one_nonreciprocal_hit PASSED [  2%]
tests/test_protein_colinearity.py::test_select_reciprocal_best_hit_edges_requires_directional_reciprocity PASSED [  2%]
tests/test_protein_colinearity.py::test_select_top_hits_per_query_is_deterministic_on_subject_tie PASSED [  2%]
tests/test_protein_colinearity.py::test_convert_protein_hits_to_genomic_links_uses_cds_spans_and_strand PASSED [  2%]
tests/test_protein_colinearity.py::test_separately_extracted_offset_protein_maps_convert_without_collision PASSED [  2%]
tests/test_protein_colinearity.py::test_pair_conversion_disambiguates_same_source_protein_id_between_records PASSED [  2%]
tests/test_protein_colinearity.py::test_parse_losatp_outfmt6_returns_standard_columns PASSED [  2%]
tests/test_protein_colinearity.py::test_hsp_accumulation_matches_grouped_oracle[0] PASSED [  2%]
tests/test_protein_colinearity.py::test_hsp_accumulation_matches_grouped_oracle[1] PASSED [  2%]
tests/test_protein_colinearity.py::test_hsp_accumulation_matches_grouped_oracle[2] PASSED [  2%]
tests/test_protein_colinearity.py::test_hsp_accumulation_matches_grouped_oracle[3] PASSED [  2%]
tests/test_protein_colinearity.py::test_hsp_accumulation_matches_grouped_oracle[4] PASSED [  2%]
tests/test_protein_colinearity.py::test_hsp_accumulation_matches_grouped_oracle[5] PASSED [  2%]
tests/test_protein_colinearity.py::test_hsp_accumulation_matches_grouped_oracle[6] PASSED [  2%]
tests/test_protein_colinearity.py::test_hsp_accumulation_matches_grouped_oracle[7] PASSED [  2%]
tests/test_protein_colinearity.py::test_hsp_accumulation_matches_grouped_oracle[8] PASSED [  2%]
tests/test_protein_colinearity.py::test_hsp_accumulation_matches_grouped_oracle[9] PASSED [  2%]
tests/test_protein_colinearity.py::test_hsp_accumulation_matches_grouped_oracle[10] PASSED [  3%]
tests/test_protein_colinearity.py::test_hsp_accumulation_matches_grouped_oracle[11] PASSED [  3%]
tests/test_protein_colinearity.py::test_hsp_accumulation_matches_grouped_oracle[12] PASSED [  3%]
tests/test_protein_colinearity.py::test_hsp_accumulation_matches_grouped_oracle[13] PASSED [  3%]
tests/test_protein_colinearity.py::test_hsp_accumulation_matches_grouped_oracle[14] PASSED [  3%]
tests/test_protein_colinearity.py::test_hsp_accumulation_matches_grouped_oracle[15] PASSED [  3%]
tests/test_protein_colinearity.py::test_hsp_accumulation_matches_grouped_oracle[16] PASSED [  3%]
tests/test_protein_colinearity.py::test_hsp_accumulation_matches_grouped_oracle[17] PASSED [  3%]
tests/test_protein_colinearity.py::test_hsp_accumulation_matches_grouped_oracle[18] PASSED [  3%]
tests/test_protein_colinearity.py::test_hsp_accumulation_matches_grouped_oracle[19] PASSED [  3%]
tests/test_protein_colinearity.py::test_hsp_accumulation_matches_grouped_oracle[20] PASSED [  3%]
tests/test_protein_colinearity.py::test_hsp_accumulation_matches_grouped_oracle[21] PASSED [  3%]
tests/test_protein_colinearity.py::test_hsp_accumulation_matches_grouped_oracle[22] PASSED [  3%]
tests/test_protein_colinearity.py::test_hsp_accumulation_matches_grouped_oracle[23] PASSED [  3%]
tests/test_protein_colinearity.py::test_hsp_private_boundary_and_public_numeric_rejection[nan-bitscore] PASSED [  3%]
tests/test_protein_colinearity.py::test_hsp_private_boundary_and_public_numeric_rejection[nan-evalue] PASSED [  3%]
tests/test_protein_colinearity.py::test_hsp_private_boundary_and_public_numeric_rejection[nan-identity] PASSED [  3%]
tests/test_protein_colinearity.py::test_hsp_private_boundary_and_public_numeric_rejection[nan-alignment_length] PASSED [  3%]
tests/test_protein_colinearity.py::test_hsp_private_boundary_and_public_numeric_rejection[nan-qstart] PASSED [  3%]
tests/test_protein_colinearity.py::test_hsp_private_boundary_and_public_numeric_rejection[nan-qend] PASSED [  3%]
tests/test_protein_colinearity.py::test_hsp_private_boundary_and_public_numeric_rejection[nan-sstart] PASSED [  3%]
tests/test_protein_colinearity.py::test_hsp_private_boundary_and_public_numeric_rejection[nan-send] PASSED [  4%]
tests/test_protein_colinearity.py::test_hsp_private_boundary_and_public_numeric_rejection[inf-bitscore] PASSED [  4%]
tests/test_protein_colinearity.py::test_hsp_private_boundary_and_public_numeric_rejection[inf-evalue] PASSED [  4%]
tests/test_protein_colinearity.py::test_hsp_private_boundary_and_public_numeric_rejection[inf-identity] PASSED [  4%]
tests/test_protein_colinearity.py::test_hsp_private_boundary_and_public_numeric_rejection[inf-alignment_length] PASSED [  4%]
tests/test_protein_colinearity.py::test_hsp_private_boundary_and_public_numeric_rejection[inf-qstart] PASSED [  4%]
tests/test_protein_colinearity.py::test_hsp_private_boundary_and_public_numeric_rejection[inf-qend] PASSED [  4%]
tests/test_protein_colinearity.py::test_hsp_private_boundary_and_public_numeric_rejection[inf-sstart] PASSED [  4%]
tests/test_protein_colinearity.py::test_hsp_private_boundary_and_public_numeric_rejection[inf-send] PASSED [  4%]
tests/test_protein_colinearity.py::test_hsp_private_boundary_and_public_numeric_rejection[-inf-bitscore] PASSED [  4%]
tests/test_protein_colinearity.py::test_hsp_private_boundary_and_public_numeric_rejection[-inf-evalue] PASSED [  4%]
tests/test_protein_colinearity.py::test_hsp_private_boundary_and_public_numeric_rejection[-inf-identity] PASSED [  4%]
tests/test_protein_colinearity.py::test_hsp_private_boundary_and_public_numeric_rejection[-inf-alignment_length] PASSED [  4%]
tests/test_protein_colinearity.py::test_hsp_private_boundary_and_public_numeric_rejection[-inf-qstart] PASSED [  4%]
tests/test_protein_colinearity.py::test_hsp_private_boundary_and_public_numeric_rejection[-inf-qend] PASSED [  4%]
tests/test_protein_colinearity.py::test_hsp_private_boundary_and_public_numeric_rejection[-inf-sstart] PASSED [  4%]
tests/test_protein_colinearity.py::test_hsp_private_boundary_and_public_numeric_rejection[-inf-send] PASSED [  4%]
tests/test_protein_colinearity.py::test_hsp_private_boundary_and_public_numeric_rejection[bad-bitscore] PASSED [  4%]
tests/test_protein_colinearity.py::test_hsp_private_boundary_and_public_numeric_rejection[bad-evalue] PASSED [  4%]
tests/test_protein_colinearity.py::test_hsp_private_boundary_and_public_numeric_rejection[bad-identity] PASSED [  4%]
tests/test_protein_colinearity.py::test_hsp_private_boundary_and_public_numeric_rejection[bad-alignment_length] PASSED [  4%]
tests/test_protein_colinearity.py::test_hsp_private_boundary_and_public_numeric_rejection[bad-qstart] PASSED [  5%]
tests/test_protein_colinearity.py::test_hsp_private_boundary_and_public_numeric_rejection[bad-qend] PASSED [  5%]
tests/test_protein_colinearity.py::test_hsp_private_boundary_and_public_numeric_rejection[bad-sstart] PASSED [  5%]
tests/test_protein_colinearity.py::test_hsp_private_boundary_and_public_numeric_rejection[bad-send] PASSED [  5%]
tests/test_protein_colinearity.py::test_hsp_private_boundary_and_public_numeric_rejection[None-bitscore] PASSED [  5%]
tests/test_protein_colinearity.py::test_hsp_private_boundary_and_public_numeric_rejection[None-evalue] PASSED [  5%]
tests/test_protein_colinearity.py::test_hsp_private_boundary_and_public_numeric_rejection[None-identity] PASSED [  5%]
tests/test_protein_colinearity.py::test_hsp_private_boundary_and_public_numeric_rejection[None-alignment_length] PASSED [  5%]
tests/test_protein_colinearity.py::test_hsp_private_boundary_and_public_numeric_rejection[None-qstart] PASSED [  5%]
tests/test_protein_colinearity.py::test_hsp_private_boundary_and_public_numeric_rejection[None-qend] PASSED [  5%]
tests/test_protein_colinearity.py::test_hsp_private_boundary_and_public_numeric_rejection[None-sstart] PASSED [  5%]
tests/test_protein_colinearity.py::test_hsp_private_boundary_and_public_numeric_rejection[None-send] PASSED [  5%]
tests/test_protein_colinearity.py::test_hsp_private_boundary_and_public_numeric_rejection[value5-bitscore] PASSED [  5%]
tests/test_protein_colinearity.py::test_hsp_private_boundary_and_public_numeric_rejection[value5-evalue] PASSED [  5%]
tests/test_protein_colinearity.py::test_hsp_private_boundary_and_public_numeric_rejection[value5-identity] PASSED [  5%]
tests/test_protein_colinearity.py::test_hsp_private_boundary_and_public_numeric_rejection[value5-alignment_length] PASSED [  5%]
tests/test_protein_colinearity.py::test_hsp_private_boundary_and_public_numeric_rejection[value5-qstart] PASSED [  5%]
tests/test_protein_colinearity.py::test_hsp_private_boundary_and_public_numeric_rejection[value5-qend] PASSED [  5%]
tests/test_protein_colinearity.py::test_hsp_private_boundary_and_public_numeric_rejection[value5-sstart] PASSED [  5%]
tests/test_protein_colinearity.py::test_hsp_private_boundary_and_public_numeric_rejection[value5-send] PASSED [  5%]
tests/test_protein_colinearity.py::test_hsp_missing_ids_never_become_valid_strings[object] PASSED [  5%]
tests/test_protein_colinearity.py::test_hsp_missing_ids_never_become_valid_strings[string] PASSED [  6%]
tests/test_protein_colinearity.py::test_hsp_missing_ids_never_become_valid_strings[category] PASSED [  6%]
tests/test_protein_colinearity.py::test_hsp_empty_output_columns_and_types[None] PASSED [  6%]
tests/test_protein_colinearity.py::test_hsp_empty_output_columns_and_types[hits1] PASSED [  6%]
tests/test_protein_colinearity.py::test_hsp_empty_output_columns_and_types[hits2] PASSED [  6%]
tests/test_protein_colinearity.py::test_hsp_empty_output_columns_and_types[hits3] PASSED [  6%]
tests/test_protein_colinearity.py::test_hsp_empty_output_columns_and_types[hits4] PASSED [  6%]
tests/test_protein_colinearity.py::test_hsp_empty_output_columns_and_types[hits5] PASSED [  6%]
tests/test_protein_colinearity.py::test_hsp_representative_rank_and_complete_tie_order[bitscore-101] PASSED [  6%]
tests/test_protein_colinearity.py::test_hsp_representative_rank_and_complete_tie_order[evalue-0] PASSED [  6%]
tests/test_protein_colinearity.py::test_hsp_representative_rank_and_complete_tie_order[identity-100] PASSED [  6%]
tests/test_protein_colinearity.py::test_hsp_representative_rank_and_complete_tie_order[alignment_length-101] PASSED [  6%]
tests/test_protein_colinearity.py::test_hsp_representative_rank_and_complete_tie_order[qstart-0] PASSED [  6%]
tests/test_protein_colinearity.py::test_hsp_representative_rank_and_complete_tie_order[qend-99] PASSED [  6%]
tests/test_protein_colinearity.py::test_hsp_representative_rank_and_complete_tie_order[sstart-0] PASSED [  6%]
tests/test_protein_colinearity.py::test_hsp_representative_rank_and_complete_tie_order[send-99] PASSED [  6%]
tests/test_protein_colinearity.py::test_hsp_representative_rank_and_complete_tie_order[None-None] PASSED [  6%]
tests/test_protein_colinearity.py::test_hsp_adjacent_reverse_clamped_union_and_all_selected_hsps PASSED [  6%]
tests/test_protein_colinearity.py::test_hsp_errors_follow_pair_appearance_not_interleaved_error_row[nan-inf] PASSED [  6%]
tests/test_protein_colinearity.py::test_hsp_errors_follow_pair_appearance_not_interleaved_error_row[inf-nan] PASSED [  6%]
tests/test_protein_colinearity.py::test_hsp_group_key_coercion_matches_pandas[identifiers0] PASSED [  6%]
tests/test_protein_colinearity.py::test_hsp_group_key_coercion_matches_pandas[identifiers1] PASSED [  7%]
tests/test_protein_colinearity.py::test_hsp_group_key_coercion_matches_pandas[identifiers2] PASSED [  7%]
tests/test_protein_colinearity.py::test_hsp_group_key_coercion_matches_pandas[identifiers3] PASSED [  7%]
tests/test_protein_colinearity.py::test_hsp_group_key_coercion_matches_pandas[identifiers4] PASSED [  7%]
tests/test_protein_colinearity.py::test_hsp_aggregation_iterates_table_once_without_pair_dataframes PASSED [  7%]
tests/test_protein_colinearity.py::test_hsp_union_coverage_uses_merged_intervals PASSED [  7%]
tests/test_protein_colinearity.py::test_overlapping_hsps_do_not_double_count_coverage PASSED [  7%]
tests/test_protein_colinearity.py::test_invalid_hsp_coordinates_do_not_inflate_aggregate_coverage PASSED [  7%]
tests/test_protein_colinearity.py::test_run_losatp_blastp_passes_num_threads PASSED [  7%]
tests/test_protein_colinearity.py::test_run_losatp_blastp_uses_bundled_binary_by_default PASSED [  7%]
tests/test_protein_colinearity.py::test_run_losatp_blastp_uses_path_losat_before_blastp PASSED [  7%]
tests/test_protein_colinearity.py::test_run_losatp_blastp_falls_back_to_path_ncbi_blastp PASSED [  7%]
tests/test_protein_colinearity.py::test_run_losatp_blastp_explicit_ncbi_blastp_bypasses_losat_discovery PASSED [  7%]
tests/test_protein_colinearity.py::test_run_losatp_blastp_rejects_ambiguous_explicit_runtimes PASSED [  7%]
tests/test_protein_colinearity.py::test_run_losatp_blastp_explicit_losat_bypasses_discovery PASSED [  7%]
tests/test_protein_colinearity.py::test_run_losatp_blastp_missing_runtime_error_is_actionable PASSED [  7%]
tests/test_protein_colinearity.py::test_bundled_losatp_platform_dir_is_platform_specific PASSED [  7%]
tests/test_protein_colinearity.py::test_run_losatp_blastp_omits_hsp_cap_when_requested PASSED [  7%]
tests/test_protein_colinearity.py::test_build_losat_blastp_command_uses_losat_flags PASSED [  7%]
tests/test_protein_colinearity.py::test_build_ncbi_blastp_command_uses_ncbi_flags PASSED [  7%]
tests/test_protein_colinearity.py::test_build_blastp_commands_omit_hsp_cap_when_requested PASSED [  7%]
tests/test_protein_colinearity.py::test_run_losatp_blastp_calls_raw_output_callback_for_ncbi PASSED [  8%]
tests/test_protein_colinearity.py::test_run_losatp_blastp_ncbi_failure_includes_stderr PASSED [  8%]
tests/test_protein_colinearity.py::test_external_ncbi_blastp_smoke_when_enabled SKIPPEDst.) [  8%]
tests/test_protein_colinearity.py::test_build_pairwise_protein_blastp_comparisons_accepts_test_runner_without_orthogroups PASSED [  8%]
tests/test_protein_colinearity.py::test_pairwise_blastp_uses_web_losat_cache_without_external_run PASSED [  8%]
tests/test_protein_colinearity.py::test_pairwise_blastp_reuses_only_verified_legacy_web_losat_cache PASSED [  8%]
tests/test_protein_colinearity.py::test_legacy_protein_cache_promotion_rejects_hash_args_and_ambiguous_empty_output PASSED [  8%]
tests/test_protein_colinearity.py::test_linear_cli_save_session_writes_web_losat_cache_entries PASSED [  8%]
tests/test_protein_colinearity.py::test_linear_cli_writes_hydrated_raw_protein_evidence_and_honors_overwrite PASSED [  8%]
tests/test_protein_colinearity.py::test_linear_cli_validates_raw_protein_output_option PASSED [  8%]
tests/test_protein_colinearity.py::test_pairwise_blastp_search_keeps_one_hsp_cap PASSED [  8%]
tests/test_protein_colinearity.py::test_orthogroup_blastp_search_omits_one_hsp_cap PASSED [  8%]
tests/test_protein_colinearity.py::test_candidate_and_pairwise_display_limits_reach_independent_consumers[None] PASSED [  8%]
tests/test_protein_colinearity.py::test_candidate_and_pairwise_display_limits_reach_independent_consumers[7] PASSED [  8%]
tests/test_protein_colinearity.py::test_member_hit_limit_bounds_derived_candidates_and_preserves_their_hsps[None] PASSED [  8%]
tests/test_protein_colinearity.py::test_member_hit_limit_bounds_derived_candidates_and_preserves_their_hsps[2] PASSED [  8%]
tests/test_protein_colinearity.py::test_member_hit_limit_bounds_derived_candidates_and_preserves_their_hsps[5] PASSED [  8%]
tests/test_protein_colinearity.py::test_anchor_core_assigns_member_with_multi_hsp_union_coverage PASSED [  8%]
tests/test_protein_colinearity.py::test_anchor_core_prefers_membership_support_over_domain_only_top_hit PASSED [  8%]
tests/test_protein_colinearity.py::test_anchor_core_keeps_true_domain_only_multi_hsp_hit_unassigned PASSED [  8%]
tests/test_protein_colinearity.py::test_build_rbh_orthogroup_protein_blastp_comparisons_keeps_transitive_all_vs_all_grouping PASSED [  8%]
tests/test_protein_colinearity.py::test_orthogroup_expanded_display_edges_include_non_rbh_coorthologs PASSED [  9%]
tests/test_protein_colinearity.py::test_anchor_core_separates_weakly_bridged_outparalog_families_for_legacy_aliases PASSED [  9%]
tests/test_protein_colinearity.py::test_anchor_core_display_edges_include_direct_adjacent_assigned_same_orthogroup_hits PASSED [  9%]
tests/test_protein_colinearity.py::test_family_merge_display_edges_suppress_already_covered_cross_links PASSED [  9%]
tests/test_protein_colinearity.py::test_family_merge_display_edges_prefer_uncovered_alternative_links PASSED [  9%]
tests/test_protein_colinearity.py::test_convert_protein_hits_to_genomic_links_only_sets_matching_orthogroup_id PASSED [  9%]
tests/test_protein_colinearity.py::test_web_losat_nucleotide_display_transform_keeps_orientation PASSED [  9%]
tests/test_protein_colinearity.py::test_web_cds_span_transform_maps_reverse_display_span_and_strand PASSED [  9%]
tests/test_protein_colinearity.py::test_web_extract_cds_protein_fasta_uses_coordinate_stable_ids PASSED [  9%]
tests/test_protein_colinearity.py::test_web_protein_cache_keys_validate_once_and_preserve_direction_and_options PASSED [  9%]
tests/test_protein_colinearity.py::test_web_losatp_pairwise_payload_uses_display_view_transform PASSED [  9%]
tests/test_protein_colinearity.py::test_web_losatp_blastp_payload_helper_uses_rbh_edges_for_orthogroups PASSED [  9%]
tests/test_protein_colinearity.py::test_web_losatp_blastp_payload_helper_rejects_legacy_list_payload PASSED [  9%]
tests/test_protein_colinearity.py::test_orthogroup_alignment_offsets_align_selected_member_to_representatives PASSED [  9%]
tests/test_protein_colinearity.py::test_orthogroup_alignment_dedup_ignores_public_source_protein_id PASSED [  9%]
tests/test_protein_colinearity.py::test_orthogroup_alignment_rejects_conflicting_group_for_one_feature PASSED [  9%]
tests/test_protein_colinearity.py::test_orthogroup_alignment_canvas_adjustment_fits_negative_record_offsets PASSED [  9%]
tests/test_protein_colinearity.py::test_orthogroup_alignment_canvas_adjustment_extends_positive_record_offsets PASSED [  9%]
tests/test_protein_colinearity.py::test_orthogroup_alignment_canvas_extents_use_shifted_record_bounds_for_ruler PASSED [  9%]
tests/test_protein_colinearity.py::test_pairwise_match_group_applies_record_specific_alignment_offsets PASSED [  9%]
tests/test_protein_colinearity.py::test_assemble_linear_diagram_accepts_precomputed_protein_comparisons PASSED [  9%]
tests/test_protein_colinearity.py::test_build_linear_diagram_forwards_protein_blastp_options PASSED [ 10%]
tests/test_protein_colinearity.py::test_build_linear_diagram_forwards_ncbi_blastp_bin PASSED [ 10%]
tests/test_protein_colinearity.py::test_build_linear_diagram_forwards_orthogroup_alignment_option PASSED [ 10%]
tests/test_protein_colinearity.py::test_linear_cli_rejects_blast_with_protein_blastp_mode PASSED [ 10%]
tests/test_protein_colinearity.py::test_linear_cli_requires_two_records_for_protein_blastp_mode PASSED [ 10%]
tests/test_protein_colinearity.py::test_linear_cli_forwards_protein_blastp_options PASSED [ 10%]
tests/test_protein_colinearity.py::test_linear_cli_forwards_ncbi_blastp_bin PASSED [ 10%]
tests/test_protein_colinearity.py::test_linear_cli_forwards_orthogroup_alignment_option PASSED [ 10%]
tests/test_protein_colinearity.py::test_orthogroup_display_pairs_do_not_restrict_all_record_membership[False] PASSED [ 10%]
tests/test_protein_colinearity.py::test_orthogroup_display_pairs_do_not_restrict_all_record_membership[True] PASSED [ 10%]
tests/test_collinearity.py::test_collinear_record_local_mixed_fixture[rbh-adjacent] PASSED [ 10%]
tests/test_collinearity.py::test_collinear_record_local_mixed_fixture[rbh-all] PASSED [ 10%]
tests/test_collinearity.py::test_collinear_record_local_mixed_fixture[one_to_one-adjacent] PASSED [ 10%]
tests/test_collinearity.py::test_collinear_record_local_mixed_fixture[one_to_one-all] PASSED [ 10%]
tests/test_collinearity.py::test_collinear_record_local_mixed_fixture[all_hits-adjacent] PASSED [ 10%]
tests/test_collinearity.py::test_collinear_record_local_mixed_fixture[all_hits-all] PASSED [ 10%]
tests/test_collinearity.py::test_collinear_scope_partitions_table_identity[one_to_one-adjacent] PASSED [ 10%]
tests/test_collinearity.py::test_collinear_scope_partitions_table_identity[one_to_one-all] PASSED [ 10%]
tests/test_collinearity.py::test_collinear_scope_partitions_table_identity[all_hits-adjacent] PASSED [ 10%]
tests/test_collinearity.py::test_collinear_scope_partitions_table_identity[all_hits-all] PASSED [ 10%]
tests/test_collinearity.py::test_lossless_collinearity_parameters_validate_domains PASSED [ 10%]
tests/test_collinearity.py::test_collinearity_blocks_are_called_with_lossless_parameters PASSED [ 11%]
tests/test_collinearity.py::test_collinearity_block_evalue_uses_genomic_coordinates_not_unit_order PASSED [ 11%]
tests/test_collinearity.py::test_pairwise_singleton_anchor_is_emitted_by_default PASSED [ 11%]
tests/test_collinearity.py::test_min_anchors_drops_singleton_blocks PASSED [ 11%]
tests/test_collinearity.py::test_native_block_caller_detects_plus_and_minus_orientation PASSED [ 11%]
tests/test_collinearity.py::test_single_anchor_block_orientation_uses_feature_strands PASSED [ 11%]
tests/test_collinearity.py::test_collinearity_color_mode_defaults_to_orientation_and_aliases_identity PASSED [ 11%]
tests/test_collinearity.py::test_collinearity_anchor_mode_defaults_to_rbh_and_aliases_top1 PASSED [ 11%]
tests/test_collinearity.py::test_collinearity_search_scope_defaults_to_adjacent PASSED [ 11%]
tests/test_collinearity.py::test_iter_collinearity_search_pairs_adjacent_returns_neighboring_pairs PASSED [ 11%]
tests/test_collinearity.py::test_iter_collinearity_search_pairs_all_returns_every_unordered_pair PASSED [ 11%]
tests/test_collinearity.py::test_build_blocks_from_hits_one_to_one_removes_query_to_many_noise PASSED [ 11%]
tests/test_collinearity.py::test_build_blocks_from_hits_rbh_uses_reverse_best_hits PASSED [ 11%]
tests/test_collinearity.py::test_lossless_collinearity_preserves_every_adjacent_orthogroup_edge PASSED [ 11%]
tests/test_collinearity.py::test_lossless_max_conflicts_threshold_controls[zero-interior-conflicts] PASSED [ 11%]
tests/test_collinearity.py::test_lossless_max_conflicts_threshold_controls[one-interior-conflict] PASSED [ 11%]
tests/test_collinearity.py::test_lossless_max_conflicts_threshold_controls[two-interior-conflicts] PASSED [ 11%]
tests/test_collinearity.py::test_typed_request_max_conflicts_reaches_real_collinearity_consumer[auto-locus] PASSED [ 11%]
tests/test_collinearity.py::test_typed_request_max_conflicts_reaches_real_collinearity_consumer[cds-cds] PASSED [ 11%]
tests/test_collinearity.py::test_typed_request_max_conflicts_reaches_real_collinearity_consumer[locus-locus] PASSED [ 11%]
tests/test_collinearity.py::test_lossless_min_anchors_filters_blocks_after_clustering PASSED [ 11%]
tests/test_collinearity.py::test_build_blocks_from_hits_maps_proteins_to_units PASSED [ 12%]
tests/test_collinearity.py::test_true_global_singleton_orthogroup_does_not_create_link PASSED [ 12%]
tests/test_collinearity.py::test_anchor_core_membership_adds_strong_non_rbh_member_without_new_anchor PASSED [ 12%]
tests/test_collinearity.py::test_anchor_core_unions_connected_near_reciprocal_groups PASSED [ 12%]
tests/test_collinearity.py::test_orthogroup_display_edges_skip_cross_group_related_hits PASSED [ 12%]
tests/test_collinearity.py::test_anchor_core_same_record_hits_do_not_merge_distinct_cross_record_cores PASSED [ 12%]
tests/test_collinearity.py::test_anchor_core_same_record_hits_assign_inparalogs_to_existing_core PASSED [ 12%]
tests/test_collinearity.py::test_anchor_core_record_local_paralog_cluster_forms_species_specific_orthogroup PASSED [ 12%]
tests/test_collinearity.py::test_anchor_core_record_local_singleton_remains_unassigned_with_singletons_requested PASSED [ 12%]
tests/test_collinearity.py::test_anchor_core_record_local_ignores_already_assigned_members PASSED [ 12%]
tests/test_collinearity.py::test_anchor_core_record_local_rejects_domain_only_component PASSED [ 12%]
tests/test_collinearity.py::test_anchor_core_record_local_ids_are_deterministic_after_cross_record_groups PASSED [ 12%]
tests/test_collinearity.py::test_anchor_core_record_local_membership_survives_when_hits_fit_limit PASSED [ 12%]
tests/test_collinearity.py::test_anchor_core_record_local_membership_edge_not_duplicated_as_related PASSED [ 12%]
tests/test_collinearity.py::test_anchor_core_record_local_edges_do_not_create_collinearity_anchors PASSED [ 12%]
tests/test_collinearity.py::test_anchor_core_membership_survives_reciprocal_candidates_within_limit PASSED [ 12%]
tests/test_collinearity.py::test_anchor_core_records_ambiguous_paralog_without_assigning_member PASSED [ 12%]
tests/test_collinearity.py::test_shared_node_paths_are_serialized_without_collapsing_to_one_to_one PASSED [ 12%]
tests/test_collinearity.py::test_build_blocks_from_hits_adjacent_scope_ignores_non_adjacent_tables PASSED [ 12%]
tests/test_collinearity.py::test_build_blocks_from_hits_adjacent_scope_uses_explicit_adjacent_row_pairs PASSED [ 12%]
tests/test_collinearity.py::test_build_blocks_from_hits_all_scope_uses_non_adjacent_connectivity_only_as_evidence PASSED [ 12%]
tests/test_collinearity.py::test_build_blocks_from_hits_can_render_selected_non_adjacent_pairs PASSED [ 13%]
tests/test_collinearity.py::test_orthogroup_collinearity_rbh_search_defaults_to_uncapped_candidates PASSED [ 13%]
tests/test_collinearity.py::test_orthogroup_collinearity_member_hit_depth_is_post_search PASSED [ 13%]
tests/test_collinearity.py::test_orthogroup_collinearity_all_hits_keeps_uncapped_search PASSED [ 13%]
tests/test_collinearity.py::test_orthogroup_collinearity_all_scope_rbh_searches_every_direction PASSED [ 13%]
tests/test_collinearity.py::test_linear_cli_forwards_collinearity_options PASSED [ 13%]
tests/test_collinearity.py::test_linear_cli_help_omits_removed_collinearity_options PASSED [ 13%]
tests/test_collinearity.py::test_linear_cli_help_uses_underscore_option_aliases PASSED [ 13%]
tests/test_collinearity.py::test_linear_cli_rejects_removed_hidden_aliases[option_args0] PASSED [ 13%]
tests/test_collinearity.py::test_linear_cli_rejects_removed_hidden_aliases[option_args1] PASSED [ 13%]
tests/test_collinearity.py::test_linear_cli_rejects_removed_hidden_aliases[option_args2] PASSED [ 13%]
tests/test_collinearity.py::test_linear_cli_rejects_removed_hidden_aliases[option_args3] PASSED [ 13%]
tests/test_collinearity.py::test_linear_cli_rejects_removed_hidden_aliases[option_args4] PASSED [ 13%]
tests/test_collinearity.py::test_linear_cli_rejects_removed_hidden_aliases[option_args5] PASSED [ 13%]
tests/test_collinearity.py::test_linear_cli_rejects_removed_hidden_aliases[option_args6] PASSED [ 13%]
tests/test_collinearity.py::test_linear_cli_rejects_removed_hidden_aliases[option_args7] PASSED [ 13%]
tests/test_collinearity.py::test_linear_cli_rejects_removed_hidden_aliases[option_args8] PASSED [ 13%]
tests/test_collinearity.py::test_linear_cli_rejects_removed_hidden_aliases[option_args9] PASSED [ 13%]
tests/test_collinearity.py::test_linear_cli_rejects_removed_hidden_aliases[option_args10] PASSED [ 13%]
tests/test_collinearity.py::test_linear_cli_rejects_removed_collinear_block_options[--collinear_blocks] PASSED [ 13%]
tests/test_collinearity.py::test_linear_cli_rejects_removed_collinear_block_options[--save_collinear_blocks] PASSED [ 13%]
tests/test_collinearity.py::test_linear_cli_rejects_removed_collinear_block_options[--collinear-blocks] PASSED [ 14%]
tests/test_collinearity.py::test_linear_cli_rejects_removed_collinear_block_options[--save-collinear-blocks] PASSED [ 14%]
tests/test_collinearity.py::test_linear_cli_rejects_removed_collinear_block_options[--collinear_block_merge_gap] PASSED [ 14%]
tests/test_collinearity.py::test_linear_cli_rejects_removed_collinear_block_options[--collinear_singleton_merge_gap] PASSED [ 14%]
tests/test_collinearity.py::test_linear_cli_rejects_removed_collinear_block_options[--collinear_gap_penalty] PASSED [ 14%]
tests/test_collinearity.py::test_linear_cli_rejects_removed_collinear_block_options[--collinear_nearby_duplicate_window] PASSED [ 14%]
tests/test_collinearity.py::test_linear_cli_rejects_removed_collinear_block_options[--collinear_score_mode] PASSED [ 14%]
tests/test_collinearity.py::test_linear_cli_rejects_removed_collinear_block_options[--collinear_constant_anchor_score] PASSED [ 14%]
tests/test_collinearity.py::test_linear_cli_rejects_removed_collinear_block_options[--collinear_min_block_score] PASSED [ 14%]
tests/test_collinearity.py::test_linear_cli_rejects_removed_collinear_block_options[--collinear_block_evalue] PASSED [ 14%]
tests/test_collinearity.py::test_linear_cli_rejects_removed_collinear_block_options[--collinear-block-merge-gap] PASSED [ 14%]
tests/test_collinearity.py::test_linear_cli_rejects_removed_collinear_block_options[--collinear-singleton-merge-gap] PASSED [ 14%]
tests/test_collinearity.py::test_linear_cli_rejects_removed_collinear_block_options[--collinear-gap-penalty] PASSED [ 14%]
tests/test_collinearity.py::test_linear_cli_rejects_removed_collinear_block_options[--collinear-nearby-duplicate-window] PASSED [ 14%]
tests/test_collinearity.py::test_linear_cli_rejects_removed_collinear_block_options[--collinear-score-mode] PASSED [ 14%]
tests/test_collinearity.py::test_linear_cli_rejects_removed_collinear_block_options[--collinear-constant-anchor-score] PASSED [ 14%]
tests/test_collinearity.py::test_linear_cli_rejects_removed_collinear_block_options[--collinear-min-block-score] PASSED [ 14%]
tests/test_collinearity.py::test_linear_cli_rejects_removed_collinear_block_options[--collinear-block-evalue] PASSED [ 14%]
tests/test_collinearity.py::test_linear_cli_accepts_orientation_identity_collinear_color_mode PASSED [ 14%]
tests/test_collinearity.py::test_linear_cli_parses_collinear_min_anchors PASSED [ 14%]
tests/test_collinearity.py::test_linear_cli_rejects_nonpositive_collinear_min_anchors PASSED [ 14%]
tests/test_collinearity.py::test_web_losatp_blastp_payload_helper_returns_collinear_rows PASSED [ 15%]
tests/test_collinearity.py::test_web_losatp_blastp_payload_helper_uses_collinear_option_domains[all-strand-2] PASSED [ 15%]
tests/test_collinearity.py::test_web_losatp_blastp_payload_helper_uses_collinear_option_domains[one_to_one-order-2] PASSED [ 15%]
tests/test_collinearity.py::test_web_losatp_blastp_payload_helper_uses_collinear_option_domains[rbh-either-1] PASSED [ 15%]
tests/test_collinearity.py::test_web_losatp_blastp_payload_helper_applies_collinear_search_scope PASSED [ 15%]
tests/test_collinearity.py::test_collinearity_comparison_rows_use_block_spans PASSED [ 15%]
tests/test_collinearity.py::test_collinearity_match_path_with_metadata_serializes PASSED [ 15%]
tests/test_collinearity.py::test_pairwise_match_path_emits_plain_required_metadata PASSED [ 15%]
tests/test_collinearity.py::test_pairwise_match_path_marks_orthogroup_kind PASSED [ 15%]
tests/test_collinearity.py::test_blast_configurator_reads_collinearity_colors_from_default_colors PASSED [ 15%]
tests/test_collinearity.py::test_blast_configurator_accepts_plus_max_collinearity_color_alias PASSED [ 15%]
tests/test_collinearity.py::test_orientation_collinearity_suppresses_pairwise_identity_legend PASSED [ 15%]
tests/test_collinearity.py::test_average_identity_collinearity_legend_uses_average_identity_label PASSED [ 15%]
tests/test_collinearity.py::test_orientation_identity_collinearity_legend_uses_two_orientation_gradients PASSED [ 15%]
tests/test_collinearity.py::test_orientation_identity_pairwise_legend_renders_collinear_above_inverted PASSED [ 15%]
tests/test_collinearity.py::test_vertical_linear_pairwise_legend_aligns_to_feature_color_left_edge PASSED [ 15%]
tests/test_collinearity.py::test_vertical_linear_pairwise_legend_centers_when_wider_than_features PASSED [ 15%]
tests/test_collinearity.py::test_blast_file_collinearity_metadata_drives_orientation_identity_legend PASSED [ 15%]
tests/test_collinearity.py::test_collinearity_orientation_colors_use_default_color_overrides PASSED [ 15%]
tests/test_collinearity.py::test_orientation_identity_collinearity_uses_orientation_specific_identity_ramp PASSED [ 15%]
tests/test_collinearity.py::test_orientation_identity_collinearity_low_identity_is_paler_than_high_identity PASSED [ 15%]
tests/test_collinearity.py::test_orientation_identity_collinearity_uses_two_orientation_gradients PASSED [ 16%]
tests/test_collinearity.py::test_average_identity_collinearity_ignores_orientation_colors PASSED [ 16%]
tests/test_collinearity.py::test_non_collinearity_match_path_does_not_add_metadata_attributes PASSED [ 16%]
tests/test_collinearity.py::test_collinearity_match_group_draws_inversions_above_plus_blocks PASSED [ 16%]
tests/test_collinearity.py::test_collinear_without_orthogroups_skips_self_search_and_inference[rbh-adjacent-4] PASSED [ 16%]
tests/test_collinearity.py::test_collinear_without_orthogroups_skips_self_search_and_inference[rbh-all-6] PASSED [ 16%]
tests/test_collinearity.py::test_collinear_without_orthogroups_skips_self_search_and_inference[one_to_one-adjacent-4] PASSED [ 16%]
tests/test_collinearity.py::test_collinear_without_orthogroups_skips_self_search_and_inference[one_to_one-all-6] PASSED [ 16%]
tests/test_collinearity.py::test_collinear_without_orthogroups_skips_self_search_and_inference[all-adjacent-4] PASSED [ 16%]
tests/test_collinearity.py::test_collinear_without_orthogroups_skips_self_search_and_inference[all-all-6] PASSED [ 16%]
tests/test_collinearity.py::test_collinear_without_inference_applies_member_limit_after_raw_filters PASSED [ 16%]
tests/test_collinearity.py::test_merge_conflict_index_preserves_exact_count_boundaries_and_exclusions[plus] PASSED [ 16%]
tests/test_collinearity.py::test_merge_conflict_index_preserves_exact_count_boundaries_and_exclusions[minus] PASSED [ 16%]
tests/test_collinearity.py::test_lossless_merge_matches_frozen_oracle_for_all_result_fields[0] PASSED [ 16%]
tests/test_collinearity.py::test_lossless_merge_matches_frozen_oracle_for_all_result_fields[1] PASSED [ 16%]
tests/test_collinearity.py::test_lossless_merge_matches_frozen_oracle_for_all_result_fields[2] PASSED [ 16%]
tests/test_collinearity.py::test_lossless_merge_matches_frozen_oracle_for_all_result_fields[3] PASSED [ 16%]
tests/test_collinearity.py::test_lossless_merge_matches_frozen_oracle_for_all_result_fields[4] PASSED [ 16%]
tests/test_collinearity.py::test_lossless_merge_matches_frozen_oracle_for_all_result_fields[5] PASSED [ 16%]
tests/test_collinearity.py::test_lossless_merge_matches_frozen_oracle_for_all_result_fields[6] PASSED [ 16%]
tests/test_collinearity.py::test_lossless_merge_matches_frozen_oracle_for_all_result_fields[7] PASSED [ 16%]
tests/test_collinearity.py::test_lossless_merge_matches_frozen_oracle_for_all_result_fields[8] PASSED [ 17%]
tests/test_collinearity.py::test_lossless_merge_matches_frozen_oracle_for_all_result_fields[9] PASSED [ 17%]
tests/test_collinearity.py::test_lossless_merge_matches_frozen_oracle_for_all_result_fields[10] PASSED [ 17%]
tests/test_collinearity.py::test_lossless_merge_matches_frozen_oracle_for_all_result_fields[11] PASSED [ 17%]
tests/test_collinearity.py::test_lossless_merge_matches_frozen_oracle_for_all_result_fields[12] PASSED [ 17%]
tests/test_collinearity.py::test_lossless_merge_matches_frozen_oracle_for_all_result_fields[13] PASSED [ 17%]
tests/test_collinearity.py::test_lossless_merge_matches_frozen_oracle_for_all_result_fields[14] PASSED [ 17%]
tests/test_collinearity.py::test_lossless_merge_matches_frozen_oracle_for_all_result_fields[15] PASSED [ 17%]
tests/test_collinearity.py::test_lossless_merge_matches_frozen_oracle_for_all_result_fields[16] PASSED [ 17%]
tests/test_collinearity.py::test_lossless_merge_matches_frozen_oracle_for_all_result_fields[17] PASSED [ 17%]
tests/test_collinearity.py::test_lossless_merge_matches_frozen_oracle_for_all_result_fields[18] PASSED [ 17%]
tests/test_collinearity.py::test_lossless_merge_matches_frozen_oracle_for_all_result_fields[19] PASSED [ 17%]
tests/test_collinearity.py::test_lossless_merge_matches_frozen_oracle_for_all_result_fields[20] PASSED [ 17%]
tests/test_collinearity.py::test_lossless_merge_matches_frozen_oracle_for_all_result_fields[21] PASSED [ 17%]
tests/test_collinearity.py::test_lossless_merge_matches_frozen_oracle_for_all_result_fields[22] PASSED [ 17%]
tests/test_collinearity.py::test_lossless_merge_matches_frozen_oracle_for_all_result_fields[23] PASSED [ 17%]
tests/test_collinearity.py::test_lossless_merge_matches_frozen_oracle_for_all_result_fields[24] PASSED [ 17%]
tests/test_collinearity.py::test_lossless_merge_matches_frozen_oracle_for_all_result_fields[25] PASSED [ 17%]
tests/test_collinearity.py::test_lossless_merge_matches_frozen_oracle_for_all_result_fields[26] PASSED [ 17%]
tests/test_collinearity.py::test_lossless_merge_matches_frozen_oracle_for_all_result_fields[27] PASSED [ 17%]
tests/test_collinearity.py::test_lossless_merge_matches_frozen_oracle_for_all_result_fields[28] PASSED [ 17%]
tests/test_collinearity.py::test_lossless_merge_matches_frozen_oracle_for_all_result_fields[29] PASSED [ 18%]
tests/test_collinearity.py::test_lossless_merge_matches_frozen_oracle_for_all_result_fields[30] PASSED [ 18%]
tests/test_collinearity.py::test_lossless_merge_matches_frozen_oracle_for_all_result_fields[31] PASSED [ 18%]
tests/test_collinearity.py::test_lossless_merge_matches_frozen_oracle_for_all_result_fields[32] PASSED [ 18%]
tests/test_collinearity.py::test_lossless_merge_matches_frozen_oracle_for_all_result_fields[33] PASSED [ 18%]
tests/test_collinearity.py::test_lossless_merge_matches_frozen_oracle_for_all_result_fields[34] PASSED [ 18%]
tests/test_collinearity.py::test_lossless_merge_matches_frozen_oracle_for_all_result_fields[35] PASSED [ 18%]
tests/test_collinearity.py::test_lossless_merge_matches_frozen_oracle_for_all_result_fields[36] PASSED [ 18%]
tests/test_collinearity.py::test_lossless_merge_matches_frozen_oracle_for_all_result_fields[37] PASSED [ 18%]
tests/test_collinearity.py::test_lossless_merge_matches_frozen_oracle_for_all_result_fields[38] PASSED [ 18%]
tests/test_collinearity.py::test_lossless_merge_matches_frozen_oracle_for_all_result_fields[39] PASSED [ 18%]
tests/test_collinearity.py::test_chain_merge_materializes_once_and_visits_only_query_gap PASSED [ 18%]
tests/test_collinearity.py::test_chain_merge_preserves_float_score_and_final_order[1-False] PASSED [ 18%]
tests/test_collinearity.py::test_chain_merge_preserves_float_score_and_final_order[1-True] PASSED [ 18%]
tests/test_collinearity.py::test_chain_merge_preserves_float_score_and_final_order[2-False] PASSED [ 18%]
tests/test_collinearity.py::test_chain_merge_preserves_float_score_and_final_order[2-True] PASSED [ 18%]
tests/test_collinearity.py::test_chain_merge_preserves_float_score_and_final_order[80-False] PASSED [ 18%]
tests/test_collinearity.py::test_chain_merge_preserves_float_score_and_final_order[80-True] PASSED [ 18%]
tests/test_collinearity_units.py::test_auto_unit_mode_collapses_strong_locus_ids PASSED [ 18%]
tests/test_collinearity_units.py::test_gene_labels_do_not_drive_unit_collapse PASSED [ 18%]
tests/test_collinearity_units.py::test_locus_unit_mode_rejects_product_only_cds PASSED [ 18%]
tests/test_collinearity_units.py::test_cds_unit_mode_never_collapses_same_locus PASSED [ 19%]
tests/test_collinearity_units.py::test_full_index_oracles_at_boundaries[None-auto] PASSED [ 19%]
tests/test_collinearity_units.py::test_full_index_oracles_at_boundaries[None-cds] PASSED [ 19%]
tests/test_collinearity_units.py::test_full_index_oracles_at_boundaries[None-locus] PASSED [ 19%]
tests/test_collinearity_units.py::test_full_index_oracles_at_boundaries[None- AUTO ] PASSED [ 19%]
tests/test_collinearity_units.py::test_full_index_oracles_at_boundaries[None-] PASSED [ 19%]
tests/test_collinearity_units.py::test_full_index_oracles_at_boundaries[None-None] PASSED [ 19%]
tests/test_collinearity_units.py::test_full_index_oracles_at_boundaries[None-invalid] PASSED [ 19%]
tests/test_collinearity_units.py::test_full_index_oracles_at_boundaries[records1-auto] PASSED [ 19%]
tests/test_collinearity_units.py::test_full_index_oracles_at_boundaries[records1-cds] PASSED [ 19%]
tests/test_collinearity_units.py::test_full_index_oracles_at_boundaries[records1-locus] PASSED [ 19%]
tests/test_collinearity_units.py::test_full_index_oracles_at_boundaries[records1- AUTO ] PASSED [ 19%]
tests/test_collinearity_units.py::test_full_index_oracles_at_boundaries[records1-] PASSED [ 19%]
tests/test_collinearity_units.py::test_full_index_oracles_at_boundaries[records1-None] PASSED [ 19%]
tests/test_collinearity_units.py::test_full_index_oracles_at_boundaries[records1-invalid] PASSED [ 19%]
tests/test_collinearity_units.py::test_full_index_oracles_at_boundaries[records2-auto] PASSED [ 19%]
tests/test_collinearity_units.py::test_full_index_oracles_at_boundaries[records2-cds] PASSED [ 19%]
tests/test_collinearity_units.py::test_full_index_oracles_at_boundaries[records2-locus] PASSED [ 19%]
tests/test_collinearity_units.py::test_full_index_oracles_at_boundaries[records2- AUTO ] PASSED [ 19%]
tests/test_collinearity_units.py::test_full_index_oracles_at_boundaries[records2-] PASSED [ 19%]
tests/test_collinearity_units.py::test_full_index_oracles_at_boundaries[records2-None] PASSED [ 19%]
tests/test_collinearity_units.py::test_full_index_oracles_at_boundaries[records2-invalid] PASSED [ 20%]
tests/test_collinearity_units.py::test_full_index_oracles_at_boundaries[records3-auto] PASSED [ 20%]
tests/test_collinearity_units.py::test_full_index_oracles_at_boundaries[records3-cds] PASSED [ 20%]
tests/test_collinearity_units.py::test_full_index_oracles_at_boundaries[records3-locus] PASSED [ 20%]
tests/test_collinearity_units.py::test_full_index_oracles_at_boundaries[records3- AUTO ] PASSED [ 20%]
tests/test_collinearity_units.py::test_full_index_oracles_at_boundaries[records3-] PASSED [ 20%]
tests/test_collinearity_units.py::test_full_index_oracles_at_boundaries[records3-None] PASSED [ 20%]
tests/test_collinearity_units.py::test_full_index_oracles_at_boundaries[records3-invalid] PASSED [ 20%]
tests/test_collinearity_units.py::test_empty_index_oracles[rows0-auto] PASSED [ 20%]
tests/test_collinearity_units.py::test_empty_index_oracles[rows0-cds] PASSED [ 20%]
tests/test_collinearity_units.py::test_empty_index_oracles[rows0-locus] PASSED [ 20%]
tests/test_collinearity_units.py::test_empty_index_oracles[rows1-auto] PASSED [ 20%]
tests/test_collinearity_units.py::test_empty_index_oracles[rows1-cds] PASSED [ 20%]
tests/test_collinearity_units.py::test_empty_index_oracles[rows1-locus] PASSED [ 20%]
tests/test_collinearity_units.py::test_empty_index_oracles[rows2-auto] PASSED [ 20%]
tests/test_collinearity_units.py::test_empty_index_oracles[rows2-cds] PASSED [ 20%]
tests/test_collinearity_units.py::test_empty_index_oracles[rows2-locus] PASSED [ 20%]
tests/test_collinearity_units.py::test_shuffled_multicds_full_index_differential[0-auto] PASSED [ 20%]
tests/test_collinearity_units.py::test_shuffled_multicds_full_index_differential[0-cds] PASSED [ 20%]
tests/test_collinearity_units.py::test_shuffled_multicds_full_index_differential[0-locus] PASSED [ 20%]
tests/test_collinearity_units.py::test_shuffled_multicds_full_index_differential[1-auto] PASSED [ 20%]
tests/test_collinearity_units.py::test_shuffled_multicds_full_index_differential[1-cds] PASSED [ 21%]
tests/test_collinearity_units.py::test_shuffled_multicds_full_index_differential[1-locus] PASSED [ 21%]
tests/test_collinearity_units.py::test_shuffled_multicds_full_index_differential[2-auto] PASSED [ 21%]
tests/test_collinearity_units.py::test_shuffled_multicds_full_index_differential[2-cds] PASSED [ 21%]
tests/test_collinearity_units.py::test_shuffled_multicds_full_index_differential[2-locus] PASSED [ 21%]
tests/test_collinearity_units.py::test_shuffled_multicds_full_index_differential[3-auto] PASSED [ 21%]
tests/test_collinearity_units.py::test_shuffled_multicds_full_index_differential[3-cds] PASSED [ 21%]
tests/test_collinearity_units.py::test_shuffled_multicds_full_index_differential[3-locus] PASSED [ 21%]
tests/test_collinearity_units.py::test_shuffled_multicds_full_index_differential[4-auto] PASSED [ 21%]
tests/test_collinearity_units.py::test_shuffled_multicds_full_index_differential[4-cds] PASSED [ 21%]
tests/test_collinearity_units.py::test_shuffled_multicds_full_index_differential[4-locus] PASSED [ 21%]
tests/test_collinearity_units.py::test_shuffled_multicds_full_index_differential[5-auto] PASSED [ 21%]
tests/test_collinearity_units.py::test_shuffled_multicds_full_index_differential[5-cds] PASSED [ 21%]
tests/test_collinearity_units.py::test_shuffled_multicds_full_index_differential[5-locus] PASSED [ 21%]
tests/test_collinearity_units.py::test_shuffled_multicds_full_index_differential[6-auto] PASSED [ 21%]
tests/test_collinearity_units.py::test_shuffled_multicds_full_index_differential[6-cds] PASSED [ 21%]
tests/test_collinearity_units.py::test_shuffled_multicds_full_index_differential[6-locus] PASSED [ 21%]
tests/test_collinearity_units.py::test_shuffled_multicds_full_index_differential[7-auto] PASSED [ 21%]
tests/test_collinearity_units.py::test_shuffled_multicds_full_index_differential[7-cds] PASSED [ 21%]
tests/test_collinearity_units.py::test_shuffled_multicds_full_index_differential[7-locus] PASSED [ 21%]
tests/test_collinearity_units.py::test_shuffled_multicds_full_index_differential[8-auto] PASSED [ 21%]
tests/test_collinearity_units.py::test_shuffled_multicds_full_index_differential[8-cds] PASSED [ 22%]
tests/test_collinearity_units.py::test_shuffled_multicds_full_index_differential[8-locus] PASSED [ 22%]
tests/test_collinearity_units.py::test_shuffled_multicds_full_index_differential[9-auto] PASSED [ 22%]
tests/test_collinearity_units.py::test_shuffled_multicds_full_index_differential[9-cds] PASSED [ 22%]
tests/test_collinearity_units.py::test_shuffled_multicds_full_index_differential[9-locus] PASSED [ 22%]
tests/test_collinearity_units.py::test_shuffled_multicds_full_index_differential[10-auto] PASSED [ 22%]
tests/test_collinearity_units.py::test_shuffled_multicds_full_index_differential[10-cds] PASSED [ 22%]
tests/test_collinearity_units.py::test_shuffled_multicds_full_index_differential[10-locus] PASSED [ 22%]
tests/test_collinearity_units.py::test_shuffled_multicds_full_index_differential[11-auto] PASSED [ 22%]
tests/test_collinearity_units.py::test_shuffled_multicds_full_index_differential[11-cds] PASSED [ 22%]
tests/test_collinearity_units.py::test_shuffled_multicds_full_index_differential[11-locus] PASSED [ 22%]
tests/test_collinearity_units.py::test_shuffled_multicds_full_index_differential[12-auto] PASSED [ 22%]
tests/test_collinearity_units.py::test_shuffled_multicds_full_index_differential[12-cds] PASSED [ 22%]
tests/test_collinearity_units.py::test_shuffled_multicds_full_index_differential[12-locus] PASSED [ 22%]
tests/test_collinearity_units.py::test_shuffled_multicds_full_index_differential[13-auto] PASSED [ 22%]
tests/test_collinearity_units.py::test_shuffled_multicds_full_index_differential[13-cds] PASSED [ 22%]
tests/test_collinearity_units.py::test_shuffled_multicds_full_index_differential[13-locus] PASSED [ 22%]
tests/test_collinearity_units.py::test_shuffled_multicds_full_index_differential[14-auto] PASSED [ 22%]
tests/test_collinearity_units.py::test_shuffled_multicds_full_index_differential[14-cds] PASSED [ 22%]
tests/test_collinearity_units.py::test_shuffled_multicds_full_index_differential[14-locus] PASSED [ 22%]
tests/test_collinearity_units.py::test_shuffled_multicds_full_index_differential[15-auto] PASSED [ 22%]
tests/test_collinearity_units.py::test_shuffled_multicds_full_index_differential[15-cds] PASSED [ 23%]
tests/test_collinearity_units.py::test_shuffled_multicds_full_index_differential[15-locus] PASSED [ 23%]
tests/test_collinearity_units.py::test_shuffled_multicds_full_index_differential[16-auto] PASSED [ 23%]
tests/test_collinearity_units.py::test_shuffled_multicds_full_index_differential[16-cds] PASSED [ 23%]
tests/test_collinearity_units.py::test_shuffled_multicds_full_index_differential[16-locus] PASSED [ 23%]
tests/test_collinearity_units.py::test_shuffled_multicds_full_index_differential[17-auto] PASSED [ 23%]
tests/test_collinearity_units.py::test_shuffled_multicds_full_index_differential[17-cds] PASSED [ 23%]
tests/test_collinearity_units.py::test_shuffled_multicds_full_index_differential[17-locus] PASSED [ 23%]
tests/test_collinearity_units.py::test_shuffled_multicds_full_index_differential[18-auto] PASSED [ 23%]
tests/test_collinearity_units.py::test_shuffled_multicds_full_index_differential[18-cds] PASSED [ 23%]
tests/test_collinearity_units.py::test_shuffled_multicds_full_index_differential[18-locus] PASSED [ 23%]
tests/test_collinearity_units.py::test_shuffled_multicds_full_index_differential[19-auto] PASSED [ 23%]
tests/test_collinearity_units.py::test_shuffled_multicds_full_index_differential[19-cds] PASSED [ 23%]
tests/test_collinearity_units.py::test_shuffled_multicds_full_index_differential[19-locus] PASSED [ 23%]
tests/test_collinearity_units.py::test_each_representative_tiebreak[changes0-b] PASSED [ 23%]
tests/test_collinearity_units.py::test_each_representative_tiebreak[changes1-b] PASSED [ 23%]
tests/test_collinearity_units.py::test_each_representative_tiebreak[changes2-b] PASSED [ 23%]
tests/test_collinearity_units.py::test_each_representative_tiebreak[changes3-a] PASSED [ 23%]
tests/test_collinearity_units.py::test_each_representative_tiebreak[changes4-a] PASSED [ 23%]
tests/test_collinearity_units.py::test_strand_reduction[strands0--1] PASSED [ 23%]
tests/test_collinearity_units.py::test_strand_reduction[strands1--1] PASSED [ 23%]
tests/test_collinearity_units.py::test_strand_reduction[strands2-None] PASSED [ 24%]
tests/test_collinearity_units.py::test_strand_reduction[strands3-None] PASSED [ 24%]
tests/test_collinearity_units.py::test_strand_reduction[strands4-1] PASSED [ 24%]
tests/test_collinearity_units.py::test_independent_minima_and_alias_collision_order PASSED [ 24%]
tests/test_collinearity_units.py::test_duplicate_protein_mapping_keeps_first_key_position_last_value PASSED [ 24%]
tests/test_collinearity_units.py::test_repeated_alias_within_one_unit_is_not_ambiguous PASSED [ 24%]
tests/test_collinearity_units.py::test_invalid_field_exception_parity[start-bad] PASSED [ 24%]
tests/test_collinearity_units.py::test_invalid_field_exception_parity[end-None] PASSED [ 24%]
tests/test_collinearity_units.py::test_invalid_field_exception_parity[feature_index-bad] PASSED [ 24%]
tests/test_collinearity_units.py::test_invalid_field_exception_parity[protein_length-inf] PASSED [ 24%]
tests/test_collinearity_units.py::test_warning_and_exception_preview_limits PASSED [ 24%]
tests/test_collinearity_units.py::test_unit_allocation_and_removed_work[auto] PASSED [ 24%]
tests/test_collinearity_units.py::test_unit_allocation_and_removed_work[cds] PASSED [ 24%]
tests/test_collinearity_units.py::test_unit_allocation_and_removed_work[locus] PASSED [ 24%]
tests/test_collinearity_units.py::test_complete_collinear_outputs_with_frozen_units[sparse-2-False-rbh-auto-1-False-adjacent] PASSED [ 24%]
tests/test_collinearity_units.py::test_complete_collinear_outputs_with_frozen_units[sparse-2-False-rbh-auto-1-False-all] PASSED [ 24%]
tests/test_collinearity_units.py::test_complete_collinear_outputs_with_frozen_units[sparse-2-False-rbh-auto-1-True-adjacent] PASSED [ 24%]
tests/test_collinearity_units.py::test_complete_collinear_outputs_with_frozen_units[sparse-2-False-rbh-auto-1-True-all] PASSED [ 24%]
tests/test_collinearity_units.py::test_complete_collinear_outputs_with_frozen_units[sparse-2-False-rbh-auto-5-False-adjacent] PASSED [ 24%]
tests/test_collinearity_units.py::test_complete_collinear_outputs_with_frozen_units[sparse-2-False-rbh-auto-5-False-all] PASSED [ 24%]
tests/test_collinearity_units.py::test_complete_collinear_outputs_with_frozen_units[sparse-2-False-rbh-auto-5-True-adjacent] PASSED [ 24%]
tests/test_collinearity_units.py::test_complete_collinear_outputs_with_frozen_units[sparse-2-False-rbh-auto-5-True-all] PASSED [ 25%]
tests/test_collinearity_units.py::test_complete_collinear_outputs_with_frozen_units[sparse-2-False-rbh-auto-None-False-adjacent] PASSED [ 25%]
tests/test_collinearity_units.py::test_complete_collinear_outputs_with_frozen_units[sparse-2-False-rbh-auto-None-False-all] PASSED [ 25%]
tests/test_collinearity_units.py::test_complete_collinear_outputs_with_frozen_units[sparse-2-False-rbh-auto-None-True-adjacent] PASSED [ 25%]
tests/test_collinearity_units.py::test_complete_collinear_outputs_with_frozen_units[sparse-2-False-rbh-auto-None-True-all] PASSED [ 25%]
tests/test_collinearity_units.py::test_complete_collinear_outputs_with_frozen_units[sparse-2-False-rbh-cds-1-False-adjacent] PASSED [ 25%]
tests/test_collinearity_units.py::test_complete_collinear_outputs_with_frozen_units[sparse-2-False-rbh-cds-1-False-all] PASSED [ 25%]
tests/test_collinearity_units.py::test_complete_collinear_outputs_with_frozen_units[sparse-2-False-rbh-cds-1-True-adjacent] PASSED [ 25%]
tests/test_collinearity_units.py::test_complete_collinear_outputs_with_frozen_units[sparse-2-False-rbh-cds-1-True-all] PASSED [ 25%]
tests/test_collinearity_units.py::test_complete_collinear_outputs_with_frozen_units[sparse-2-False-rbh-cds-5-False-adjacent] PASSED [ 25%]
tests/test_collinearity_units.py::test_complete_collinear_outputs_with_frozen_units[sparse-2-False-rbh-cds-5-False-all] PASSED [ 25%]
tests/test_collinearity_units.py::test_complete_collinear_outputs_with_frozen_units[sparse-2-False-rbh-cds-5-True-adjacent] PASSED [ 25%]
tests/test_collinearity_units.py::test_complete_collinear_outputs_with_frozen_units[sparse-2-False-rbh-cds-5-True-all] PASSED [ 25%]
tests/test_collinearity_units.py::test_complete_collinear_outputs_with_frozen_units[sparse-2-False-rbh-cds-None-False-adjacent] PASSED [ 25%]
tests/test_collinearity_units.py::test_complete_collinear_outputs_with_frozen_units[sparse-2-False-rbh-cds-None-False-all] PASSED [ 25%]
tests/test_collinearity_units.py::test_complete_collinear_outputs_with_frozen_units[sparse-2-False-rbh-cds-None-True-adjacent] PASSED [ 25%]
tests/test_collinearity_units.py::test_complete_collinear_outputs_with_frozen_units[sparse-2-False-rbh-cds-None-True-all] PASSED [ 25%]
tests/test_collinearity_units.py::test_complete_collinear_outputs_with_frozen_units[sparse-2-False-rbh-locus-1-False-adjacent] PASSED [ 25%]
tests/test_collinearity_units.py::test_complete_collinear_outputs_with_frozen_units[sparse-2-False-rbh-locus-1-False-all] PASSED [ 25%]
tests/test_collinearity_units.py::test_complete_collinear_outputs_with_frozen_units[sparse-2-False-rbh-locus-1-True-adjacent] PASSED [ 25%]
tests/test_collinearity_units.py::test_complete_collinear_outputs_with_frozen_units[sparse-2-False-rbh-locus-1-True-all] PASSED [ 25%]
tests/test_collinearity_units.py::test_complete_collinear_outputs_with_frozen_units[sparse-2-False-rbh-locus-5-False-adjacent] PASSED [ 26%]
tests/test_collinearity_units.py::test_complete_collinear_outputs_with_frozen_units[sparse-2-False-rbh-locus-5-False-all] PASSED [ 26%]
tests/test_collinearity_units.py::test_complete_collinear_outputs_with_frozen_units[sparse-2-False-rbh-locus-5-True-adjacent] PASSED [ 26%]
tests/test_collinearity_units.py::test_complete_collinear_outputs_with_frozen_units[sparse-2-False-rbh-locus-5-True-all] PASSED [ 26%]
tests/test_collinearity_units.py::test_complete_collinear_outputs_with_frozen_units[sparse-2-False-rbh-locus-None-False-adjacent] PASSED [ 26%]
tests/test_collinearity_units.py::test_complete_collinear_outputs_with_frozen_units[sparse-2-False-rbh-locus-None-False-all] PASSED [ 26%]
tests/test_collinearity_units.py::test_complete_collinear_outputs_with_frozen_units[sparse-2-False-rbh-locus-None-True-adjacent] PASSED [ 26%]
tests/test_collinearity_units.py::test_complete_collinear_outputs_with_frozen_units[sparse-2-False-rbh-locus-None-True-all] PASSED [ 26%]
tests/test_collinearity_units.py::test_complete_collinear_outputs_with_frozen_units[sparse-2-False-one_to_one-auto-1-False-adjacent] PASSED [ 26%]
tests/test_collinearity_units.py::test_complete_collinear_outputs_with_frozen_units[sparse-2-False-one_to_one-auto-1-False-all] PASSED [ 26%]
tests/test_collinearity_units.py::test_complete_collinear_outputs_with_frozen_units[sparse-2-False-one_to_one-auto-1-True-adjacent] PASSED [ 26%]
tests/test_collinearity_units.py::test_complete_collinear_outputs_with_frozen_units[sparse-2-False-one_to_one-auto-1-True-all] PASSED [ 26%]
tests/test_collinearity_units.py::test_complete_collinear_outputs_with_frozen_units[sparse-2-False-one_to_one-auto-5-False-adjacent] PASSED [ 26%]
tests/test_collinearity_units.py::test_complete_collinear_outputs_with_frozen_units[sparse-2-False-one_to_one-auto-5-False-all] PASSED [ 26%]
tests/test_collinearity_units.py::test_complete_collinear_outputs_with_frozen_units[sparse-2-False-one_to_one-auto-5-True-adjacent] PASSED [ 26%]
tests/test_collinearity_units.py::test_complete_collinear_outputs_with_frozen_units[sparse-2-False-one_to_one-auto-5-True-all] PASSED [ 26%]
tests/test_collinearity_units.py::test_complete_collinear_outputs_with_frozen_units[sparse-2-False-one_to_one-auto-None-False-adjacent] PASSED [ 26%]
tests/test_collinearity_units.py::test_complete_collinear_outputs_with_frozen_units[sparse-2-False-one_to_one-auto-None-False-all] PASSED [ 26%]
tests/test_collinearity_units.py::test_complete_collinear_outputs_with_frozen_units[sparse-2-False-one_to_one-auto-None-True-adjacent] PASSED [ 26%]
tests/test_collinearity_units.py::test_complete_collinear_outputs_with_frozen_units[sparse-2-False-one_to_one-auto-None-True-all] PASSED [ 26%]
tests/test_collinearity_units.py::test_complete_collinear_outputs_with_frozen_units[sparse-2-False-one_to_one-cds-1-False-adjacent] PASSED [ 26%]
tests/test_collinearity_units.py::test_complete_collinear_outputs_with_frozen_units[sparse-2-False-one_to_one-cds-1-False-all] PASSED [ 27%]
tests/test_collinearity_units.py::test_complete_collinear_outputs_with_frozen_units[sparse-2-False-one_to_one-cds-1-True-adjacent] PASSED [ 27%]
tests/test_collinearity_units.py::test_complete_collinear_outputs_with_frozen_units[sparse-2-False-one_to_one-cds-1-True-all] PASSED [ 27%]
tests/test_collinearity_units.py::test_complete_collinear_outputs_with_frozen_units[sparse-2-False-one_to_one-cds-5-False-adjacent] PASSED [ 27%]
tests/test_collinearity_units.py::test_complete_collinear_outputs_with_frozen_units[sparse-2-False-one_to_one-cds-5-False-all] PASSED [ 27%]
tests/test_collinearity_units.py::test_complete_collinear_outputs_with_frozen_units[sparse-2-False-one_to_one-cds-5-True-adjacent] PASSED [ 27%]
tests/test_collinearity_units.py::test_complete_collinear_outputs_with_frozen_units[sparse-2-False-one_to_one-cds-5-True-all] PASSED [ 27%]
tests/test_collinearity_units.py::test_complete_collinear_outputs_with_frozen_units[sparse-2-False-one_to_one-cds-None-False-adjacent] PASSED [ 27%]
tests/test_collinearity_units.py::test_complete_collinear_outputs_with_frozen_units[sparse-2-False-one_to_one-cds-None-False-all] PASSED [ 27%]
tests/test_collinearity_units.py::test_complete_collinear_outputs_with_frozen_units[sparse-2-False-one_to_one-cds-None-True-adjacent] PASSED [ 27%]
tests/test_collinearity_units.py::test_complete_collinear_outputs_with_frozen_units[sparse-2-False-one_to_one-cds-None-True-all] PASSED [ 27%]
tests/test_collinearity_units.py::test_complete_collinear_outputs_with_frozen_units[sparse-2-False-one_to_one-locus-1-False-adjacent] PASSED [ 27%]
tests/test_collinearity_units.py::test_complete_collinear_outputs_with_frozen_units[sparse-2-False-one_to_one-locus-1-False-all] PASSED [ 27%]
tests/test_collinearity_units.py::test_complete_collinear_outputs_with_frozen_units[sparse-2-False-one_to_one-locus-1-True-adjacent] PASSED [ 27%]
tests/test_collinearity_units.py::test_complete_collinear_outputs_with_frozen_units[sparse-2-False-one_to_one-locus-1-True-all] PASSED [ 27%]
tests/test_collinearity_units.py::test_complete_collinear_outputs_with_frozen_units[sparse-2-False-one_to_one-locus-5-False-adjacent] PASSED [ 27%]
tests/test_collinearity_units.py::test_complete_collinear_outputs_with_frozen_units[sparse-2-False-one_to_one-locus-5-False-all] PASSED [ 27%]
tests/test_collinearity_units.py::test_complete_collinear_outputs_with_frozen_units[sparse-2-False-one_to_one-locus-5-True-adjacent] PASSED [ 27%]
tests/test_collinearity_units.py::test_complete_collinear_outputs_with_frozen_units[sparse-2-False-one_to_one-locus-5-True-all] PASSED [ 27%]
tests/test_collinearity_units.py::test_complete_collinear_outputs_with_frozen_units[sparse-2-False-one_to_one-locus-None-False-adjacent] PASSED [ 27%]
tests/test_collinearity_units.py::test_complete_collinear_outputs_with_frozen_units[sparse-2-False-one_to_one-locus-None-False-all] PASSED [ 27%]
tests/test_collinearity_units.py::test_complete_collinear_outputs_with_frozen_units[sparse-2-False-one_to_one-locus-None-True-adjacent] PASSED [ 28%]
tests/test_collinearity_units.py::test_complete_collinear_outputs_with_frozen_units[sparse-2-False-one_to_one-locus-None-True-all] PASSED [ 28%]
tests/test_collinearity_units.py::test_complete_collinear_outputs_with_frozen_units[sparse-2-False-all-auto-1-False-adjacent] PASSED [ 28%]
tests/test_collinearity_units.py::test_complete_collinear_outputs_with_frozen_units[sparse-2-False-all-auto-1-False-all] PASSED [ 28%]
tests/test_collinearity_units.py::test_complete_collinear_outputs_with_frozen_units[sparse-2-False-all-auto-1-True-adjacent] PASSED [ 28%]
tests/test_collinearity_units.py::test_complete_collinear_outputs_with_frozen_units[sparse-2-False-all-auto-1-True-all] PASSED [ 28%]
tests/test_collinearity_units.py::test_complete_collinear_outputs_with_frozen_units[sparse-2-False-all-auto-5-False-adjacent] PASSED [ 28%]
tests/test_collinearity_units.py::test_complete_collinear_outputs_with_frozen_units[sparse-2-False-all-auto-5-False-all] PASSED [ 28%]
tests/test_collinearity_units.py::test_complete_collinear_outputs_with_frozen_units[sparse-2-False-all-auto-5-True-adjacent] PASSED [ 28%]
tests/test_collinearity_units.py::test_complete_collinear_outputs_with_frozen_units[sparse-2-False-all-auto-5-True-all] PASSED [ 28%]
tests/test_collinearity_units.py::test_complete_collinear_outputs_with_frozen_units[sparse-2-False-all-auto-None-False-adjacent] PASSED [ 28%]
tests/test_collinearity_units.py::test_complete_collinear_outputs_with_frozen_units[sparse-2-False-all-auto-None-False-all] PASSED [ 28%]
tests/test_collinearity_units.py::test_complete_collinear_outputs_with_frozen_units[sparse-2-False-all-auto-None-True-adjacent] PASSED [ 28%]
tests/test_collinearity_units.py::test_complete_collinear_outputs_with_frozen_units[sparse-2-False-all-auto-None-True-all] PASSED [ 28%]
tests/test_collinearity_units.py::test_complete_collinear_outputs_with_frozen_units[sparse-2-False-all-cds-1-False-adjacent] PASSED [ 28%]
tests/test_collinearity_units.py::test_complete_collinear_outputs_with_frozen_units[sparse-2-False-all-cds-1-False-all] PASSED [ 28%]
tests/test_collinearity_units.py::test_complete_collinear_outputs_with_frozen_units[sparse-2-False-all-cds-1-True-adjacent] PASSED [ 28%]
tests/test_collinearity_units.py::test_complete_collinear_outputs_with_frozen_units[sparse-2-False-all-cds-1-True-all] PASSED [ 28%]
tests/test_collinearity_units.py::test_complete_collinear_outputs_with_frozen_units[sparse-2-False-all-cds-5-False-adjacent] PASSED [ 28%]
tests/test_collinearity_units.py::test_complete_collinear_outputs_with_frozen_units[sparse-2-False-all-cds-5-False-all] PASSED [ 28%]
tests/test_collinearity_units.py::test_complete_collinear_outputs_with_frozen_units[sparse-2-False-all-cds-5-True-adjacent] PASSED [ 28%]
tests/test_collinearity_units.py::test_complete_collinear_outputs_with_frozen_units[sparse-2-False-all-cds-5-True-all] PASSED [ 29%]
tests/test_collinearity_units.py::test_complete_collinear_outputs_with_frozen_units[sparse-2-False-all-cds-None-False-adjacent] PASSED [ 29%]
tests/test_collinearity_units.py::test_complete_collinear_outputs_with_frozen_units[sparse-2-False-all-cds-None-False-all] PASSED [ 29%]
tests/test_collinearity_units.py::test_complete_collinear_outputs_with_frozen_units[sparse-2-False-all-cds-None-True-adjacent] PASSED [ 29%]
tests/test_collinearity_units.py::test_complete_collinear_outputs_with_frozen_units[sparse-2-False-all-cds-None-True-all] PASSED [ 29%]
tests/test_collinearity_units.py::test_complete_collinear_outputs_with_frozen_units[sparse-2-False-all-locus-1-False-adjacent] PASSED [ 29%]
tests/test_collinearity_units.py::test_complete_collinear_outputs_with_frozen_units[sparse-2-False-all-locus-1-False-all] PASSED [ 29%]
tests/test_collinearity_units.py::test_complete_collinear_outputs_with_frozen_units[sparse-2-False-all-locus-1-True-adjacent] PASSED [ 29%]
tests/test_collinearity_units.py::test_complete_collinear_outputs_with_frozen_units[sparse-2-False-all-locus-1-True-all] PASSED [ 29%]
tests/test_collinearity_units.py::test_complete_collinear_outputs_with_frozen_units[sparse-2-False-all-locus-5-False-adjacent] PASSED [ 29%]
tests/test_collinearity_units.py::test_complete_collinear_outputs_with_frozen_units[sparse-2-False-all-locus-5-False-all] PASSED [ 29%]
tests/test_collinearity_units.py::test_complete_collinear_outputs_with_frozen_units[sparse-2-False-all-locus-5-True-adjacent] PASSED [ 29%]
tests/test_collinearity_units.py::test_complete_collinear_outputs_with_frozen_units[sparse-2-False-all-locus-5-True-all] PASSED [ 29%]
tests/test_collinearity_units.py::test_complete_collinear_outputs_with_frozen_units[sparse-2-False-all-locus-None-False-adjacent] PASSED [ 29%]
tests/test_collinearity_units.py::test_complete_collinear_outputs_with_frozen_units[sparse-2-False-all-locus-None-False-all] PASSED [ 29%]
tests/test_collinearity_units.py::test_complete_collinear_outputs_with_frozen_units[sparse-2-False-all-locus-None-True-adjacent] PASSED [ 29%]
tests/test_collinearity_units.py::test_complete_collinear_outputs_with_frozen_units[sparse-2-False-all-locus-None-True-all] PASSED [ 29%]
tests/test_collinearity_units.py::test_complete_collinear_outputs_with_frozen_units[dense-4-True-rbh-auto-1-False-adjacent] PASSED [ 29%]
tests/test_collinearity_units.py::test_complete_collinear_outputs_with_frozen_units[dense-4-True-rbh-auto-1-False-all] PASSED [ 29%]
tests/test_collinearity_units.py::test_complete_collinear_outputs_with_frozen_units[dense-4-True-rbh-auto-1-True-adjacent] PASSED [ 29%]
tests/test_collinearity_units.py::test_complete_collinear_outputs_with_frozen_units[dense-4-True-rbh-auto-1-True-all] PASSED [ 29%]
tests/test_collinearity_units.py::test_complete_collinear_outputs_with_frozen_units[dense-4-True-rbh-auto-5-False-adjacent] PASSED [ 30%]
tests/test_collinearity_units.py::test_complete_collinear_outputs_with_frozen_units[dense-4-True-rbh-auto-5-False-all] PASSED [ 30%]
tests/test_collinearity_units.py::test_complete_collinear_outputs_with_frozen_units[dense-4-True-rbh-auto-5-True-adjacent] PASSED [ 30%]
tests/test_collinearity_units.py::test_complete_collinear_outputs_with_frozen_units[dense-4-True-rbh-auto-5-True-all] PASSED [ 30%]
tests/test_collinearity_units.py::test_complete_collinear_outputs_with_frozen_units[dense-4-True-rbh-auto-None-False-adjacent] PASSED [ 30%]
tests/test_collinearity_units.py::test_complete_collinear_outputs_with_frozen_units[dense-4-True-rbh-auto-None-False-all] PASSED [ 30%]
tests/test_collinearity_units.py::test_complete_collinear_outputs_with_frozen_units[dense-4-True-rbh-auto-None-True-adjacent] PASSED [ 30%]
tests/test_collinearity_units.py::test_complete_collinear_outputs_with_frozen_units[dense-4-True-rbh-auto-None-True-all] PASSED [ 30%]
tests/test_collinearity_units.py::test_complete_collinear_outputs_with_frozen_units[dense-4-True-rbh-cds-1-False-adjacent] PASSED [ 30%]
tests/test_collinearity_units.py::test_complete_collinear_outputs_with_frozen_units[dense-4-True-rbh-cds-1-False-all] PASSED [ 30%]
tests/test_collinearity_units.py::test_complete_collinear_outputs_with_frozen_units[dense-4-True-rbh-cds-1-True-adjacent] PASSED [ 30%]
tests/test_collinearity_units.py::test_complete_collinear_outputs_with_frozen_units[dense-4-True-rbh-cds-1-True-all] PASSED [ 30%]
tests/test_collinearity_units.py::test_complete_collinear_outputs_with_frozen_units[dense-4-True-rbh-cds-5-False-adjacent] PASSED [ 30%]
tests/test_collinearity_units.py::test_complete_collinear_outputs_with_frozen_units[dense-4-True-rbh-cds-5-False-all] PASSED [ 30%]
tests/test_collinearity_units.py::test_complete_collinear_outputs_with_frozen_units[dense-4-True-rbh-cds-5-True-adjacent] PASSED [ 30%]
tests/test_collinearity_units.py::test_complete_collinear_outputs_with_frozen_units[dense-4-True-rbh-cds-5-True-all] PASSED [ 30%]
tests/test_collinearity_units.py::test_complete_collinear_outputs_with_frozen_units[dense-4-True-rbh-cds-None-False-adjacent] PASSED [ 30%]
tests/test_collinearity_units.py::test_complete_collinear_outputs_with_frozen_units[dense-4-True-rbh-cds-None-False-all] PASSED [ 30%]
tests/test_collinearity_units.py::test_complete_collinear_outputs_with_frozen_units[dense-4-True-rbh-cds-None-True-adjacent] PASSED [ 30%]
tests/test_collinearity_units.py::test_complete_collinear_outputs_with_frozen_units[dense-4-True-rbh-cds-None-True-all] PASSED [ 30%]
tests/test_collinearity_units.py::test_complete_collinear_outputs_with_frozen_units[dense-4-True-rbh-locus-1-False-adjacent] PASSED [ 30%]
tests/test_collinearity_units.py::test_complete_collinear_outputs_with_frozen_units[dense-4-True-rbh-locus-1-False-all] PASSED [ 31%]
tests/test_collinearity_units.py::test_complete_collinear_outputs_with_frozen_units[dense-4-True-rbh-locus-1-True-adjacent] PASSED [ 31%]
tests/test_collinearity_units.py::test_complete_collinear_outputs_with_frozen_units[dense-4-True-rbh-locus-1-True-all] PASSED [ 31%]
tests/test_collinearity_units.py::test_complete_collinear_outputs_with_frozen_units[dense-4-True-rbh-locus-5-False-adjacent] PASSED [ 31%]
tests/test_collinearity_units.py::test_complete_collinear_outputs_with_frozen_units[dense-4-True-rbh-locus-5-False-all] PASSED [ 31%]
tests/test_collinearity_units.py::test_complete_collinear_outputs_with_frozen_units[dense-4-True-rbh-locus-5-True-adjacent] PASSED [ 31%]
tests/test_collinearity_units.py::test_complete_collinear_outputs_with_frozen_units[dense-4-True-rbh-locus-5-True-all] PASSED [ 31%]
tests/test_collinearity_units.py::test_complete_collinear_outputs_with_frozen_units[dense-4-True-rbh-locus-None-False-adjacent] PASSED [ 31%]
tests/test_collinearity_units.py::test_complete_collinear_outputs_with_frozen_units[dense-4-True-rbh-locus-None-False-all] PASSED [ 31%]
tests/test_collinearity_units.py::test_complete_collinear_outputs_with_frozen_units[dense-4-True-rbh-locus-None-True-adjacent] PASSED [ 31%]
tests/test_collinearity_units.py::test_complete_collinear_outputs_with_frozen_units[dense-4-True-rbh-locus-None-True-all] PASSED [ 31%]
tests/test_collinearity_units.py::test_complete_collinear_outputs_with_frozen_units[dense-4-True-one_to_one-auto-1-False-adjacent] PASSED [ 31%]
tests/test_collinearity_units.py::test_complete_collinear_outputs_with_frozen_units[dense-4-True-one_to_one-auto-1-False-all] PASSED [ 31%]
tests/test_collinearity_units.py::test_complete_collinear_outputs_with_frozen_units[dense-4-True-one_to_one-auto-1-True-adjacent] PASSED [ 31%]
tests/test_collinearity_units.py::test_complete_collinear_outputs_with_frozen_units[dense-4-True-one_to_one-auto-1-True-all] PASSED [ 31%]
tests/test_collinearity_units.py::test_complete_collinear_outputs_with_frozen_units[dense-4-True-one_to_one-auto-5-False-adjacent] PASSED [ 31%]
tests/test_collinearity_units.py::test_complete_collinear_outputs_with_frozen_units[dense-4-True-one_to_one-auto-5-False-all] PASSED [ 31%]
tests/test_collinearity_units.py::test_complete_collinear_outputs_with_frozen_units[dense-4-True-one_to_one-auto-5-True-adjacent] PASSED [ 31%]
tests/test_collinearity_units.py::test_complete_collinear_outputs_with_frozen_units[dense-4-True-one_to_one-auto-5-True-all] PASSED [ 31%]
tests/test_collinearity_units.py::test_complete_collinear_outputs_with_frozen_units[dense-4-True-one_to_one-auto-None-False-adjacent] PASSED [ 31%]
tests/test_collinearity_units.py::test_complete_collinear_outputs_with_frozen_units[dense-4-True-one_to_one-auto-None-False-all] PASSED [ 31%]
tests/test_collinearity_units.py::test_complete_collinear_outputs_with_frozen_units[dense-4-True-one_to_one-auto-None-True-adjacent] PASSED [ 32%]
tests/test_collinearity_units.py::test_complete_collinear_outputs_with_frozen_units[dense-4-True-one_to_one-auto-None-True-all] PASSED [ 32%]
tests/test_collinearity_units.py::test_complete_collinear_outputs_with_frozen_units[dense-4-True-one_to_one-cds-1-False-adjacent] PASSED [ 32%]
tests/test_collinearity_units.py::test_complete_collinear_outputs_with_frozen_units[dense-4-True-one_to_one-cds-1-False-all] PASSED [ 32%]
tests/test_collinearity_units.py::test_complete_collinear_outputs_with_frozen_units[dense-4-True-one_to_one-cds-1-True-adjacent] PASSED [ 32%]
tests/test_collinearity_units.py::test_complete_collinear_outputs_with_frozen_units[dense-4-True-one_to_one-cds-1-True-all] PASSED [ 32%]
tests/test_collinearity_units.py::test_complete_collinear_outputs_with_frozen_units[dense-4-True-one_to_one-cds-5-False-adjacent] PASSED [ 32%]
tests/test_collinearity_units.py::test_complete_collinear_outputs_with_frozen_units[dense-4-True-one_to_one-cds-5-False-all] PASSED [ 32%]
tests/test_collinearity_units.py::test_complete_collinear_outputs_with_frozen_units[dense-4-True-one_to_one-cds-5-True-adjacent] PASSED [ 32%]
tests/test_collinearity_units.py::test_complete_collinear_outputs_with_frozen_units[dense-4-True-one_to_one-cds-5-True-all] PASSED [ 32%]
tests/test_collinearity_units.py::test_complete_collinear_outputs_with_frozen_units[dense-4-True-one_to_one-cds-None-False-adjacent] PASSED [ 32%]
tests/test_collinearity_units.py::test_complete_collinear_outputs_with_frozen_units[dense-4-True-one_to_one-cds-None-False-all] PASSED [ 32%]
tests/test_collinearity_units.py::test_complete_collinear_outputs_with_frozen_units[dense-4-True-one_to_one-cds-None-True-adjacent] PASSED [ 32%]
tests/test_collinearity_units.py::test_complete_collinear_outputs_with_frozen_units[dense-4-True-one_to_one-cds-None-True-all] PASSED [ 32%]
tests/test_collinearity_units.py::test_complete_collinear_outputs_with_frozen_units[dense-4-True-one_to_one-locus-1-False-adjacent] PASSED [ 32%]
tests/test_collinearity_units.py::test_complete_collinear_outputs_with_frozen_units[dense-4-True-one_to_one-locus-1-False-all] PASSED [ 32%]
tests/test_collinearity_units.py::test_complete_collinear_outputs_with_frozen_units[dense-4-True-one_to_one-locus-1-True-adjacent] PASSED [ 32%]
tests/test_collinearity_units.py::test_complete_collinear_outputs_with_frozen_units[dense-4-True-one_to_one-locus-1-True-all] PASSED [ 32%]
tests/test_collinearity_units.py::test_complete_collinear_outputs_with_frozen_units[dense-4-True-one_to_one-locus-5-False-adjacent] PASSED [ 32%]
tests/test_collinearity_units.py::test_complete_collinear_outputs_with_frozen_units[dense-4-True-one_to_one-locus-5-False-all] PASSED [ 32%]
tests/test_collinearity_units.py::test_complete_collinear_outputs_with_frozen_units[dense-4-True-one_to_one-locus-5-True-adjacent] PASSED [ 32%]
tests/test_collinearity_units.py::test_complete_collinear_outputs_with_frozen_units[dense-4-True-one_to_one-locus-5-True-all] PASSED [ 33%]
tests/test_collinearity_units.py::test_complete_collinear_outputs_with_frozen_units[dense-4-True-one_to_one-locus-None-False-adjacent] PASSED [ 33%]
tests/test_collinearity_units.py::test_complete_collinear_outputs_with_frozen_units[dense-4-True-one_to_one-locus-None-False-all] PASSED [ 33%]
tests/test_collinearity_units.py::test_complete_collinear_outputs_with_frozen_units[dense-4-True-one_to_one-locus-None-True-adjacent] PASSED [ 33%]
tests/test_collinearity_units.py::test_complete_collinear_outputs_with_frozen_units[dense-4-True-one_to_one-locus-None-True-all] PASSED [ 33%]
tests/test_collinearity_units.py::test_complete_collinear_outputs_with_frozen_units[dense-4-True-all-auto-1-False-adjacent] PASSED [ 33%]
tests/test_collinearity_units.py::test_complete_collinear_outputs_with_frozen_units[dense-4-True-all-auto-1-False-all] PASSED [ 33%]
tests/test_collinearity_units.py::test_complete_collinear_outputs_with_frozen_units[dense-4-True-all-auto-1-True-adjacent] PASSED [ 33%]
tests/test_collinearity_units.py::test_complete_collinear_outputs_with_frozen_units[dense-4-True-all-auto-1-True-all] PASSED [ 33%]
tests/test_collinearity_units.py::test_complete_collinear_outputs_with_frozen_units[dense-4-True-all-auto-5-False-adjacent] PASSED [ 33%]
tests/test_collinearity_units.py::test_complete_collinear_outputs_with_frozen_units[dense-4-True-all-auto-5-False-all] PASSED [ 33%]
tests/test_collinearity_units.py::test_complete_collinear_outputs_with_frozen_units[dense-4-True-all-auto-5-True-adjacent] PASSED [ 33%]
tests/test_collinearity_units.py::test_complete_collinear_outputs_with_frozen_units[dense-4-True-all-auto-5-True-all] PASSED [ 33%]
tests/test_collinearity_units.py::test_complete_collinear_outputs_with_frozen_units[dense-4-True-all-auto-None-False-adjacent] PASSED [ 33%]
tests/test_collinearity_units.py::test_complete_collinear_outputs_with_frozen_units[dense-4-True-all-auto-None-False-all] PASSED [ 33%]
tests/test_collinearity_units.py::test_complete_collinear_outputs_with_frozen_units[dense-4-True-all-auto-None-True-adjacent] PASSED [ 33%]
tests/test_collinearity_units.py::test_complete_collinear_outputs_with_frozen_units[dense-4-True-all-auto-None-True-all] PASSED [ 33%]
tests/test_collinearity_units.py::test_complete_collinear_outputs_with_frozen_units[dense-4-True-all-cds-1-False-adjacent] PASSED [ 33%]
tests/test_collinearity_units.py::test_complete_collinear_outputs_with_frozen_units[dense-4-True-all-cds-1-False-all] PASSED [ 33%]
tests/test_collinearity_units.py::test_complete_collinear_outputs_with_frozen_units[dense-4-True-all-cds-1-True-adjacent] PASSED [ 33%]
tests/test_collinearity_units.py::test_complete_collinear_outputs_with_frozen_units[dense-4-True-all-cds-1-True-all] PASSED [ 33%]
tests/test_collinearity_units.py::test_complete_collinear_outputs_with_frozen_units[dense-4-True-all-cds-5-False-adjacent] PASSED [ 33%]
tests/test_collinearity_units.py::test_complete_collinear_outputs_with_frozen_units[dense-4-True-all-cds-5-False-all] PASSED [ 34%]
tests/test_collinearity_units.py::test_complete_collinear_outputs_with_frozen_units[dense-4-True-all-cds-5-True-adjacent] PASSED [ 34%]
tests/test_collinearity_units.py::test_complete_collinear_outputs_with_frozen_units[dense-4-True-all-cds-5-True-all] PASSED [ 34%]
tests/test_collinearity_units.py::test_complete_collinear_outputs_with_frozen_units[dense-4-True-all-cds-None-False-adjacent] PASSED [ 34%]
tests/test_collinearity_units.py::test_complete_collinear_outputs_with_frozen_units[dense-4-True-all-cds-None-False-all] PASSED [ 34%]
tests/test_collinearity_units.py::test_complete_collinear_outputs_with_frozen_units[dense-4-True-all-cds-None-True-adjacent] PASSED [ 34%]
tests/test_collinearity_units.py::test_complete_collinear_outputs_with_frozen_units[dense-4-True-all-cds-None-True-all] PASSED [ 34%]
tests/test_collinearity_units.py::test_complete_collinear_outputs_with_frozen_units[dense-4-True-all-locus-1-False-adjacent] PASSED [ 34%]
tests/test_collinearity_units.py::test_complete_collinear_outputs_with_frozen_units[dense-4-True-all-locus-1-False-all] PASSED [ 34%]
tests/test_collinearity_units.py::test_complete_collinear_outputs_with_frozen_units[dense-4-True-all-locus-1-True-adjacent] PASSED [ 34%]
tests/test_collinearity_units.py::test_complete_collinear_outputs_with_frozen_units[dense-4-True-all-locus-1-True-all] PASSED [ 34%]
tests/test_collinearity_units.py::test_complete_collinear_outputs_with_frozen_units[dense-4-True-all-locus-5-False-adjacent] PASSED [ 34%]
tests/test_collinearity_units.py::test_complete_collinear_outputs_with_frozen_units[dense-4-True-all-locus-5-False-all] PASSED [ 34%]
tests/test_collinearity_units.py::test_complete_collinear_outputs_with_frozen_units[dense-4-True-all-locus-5-True-adjacent] PASSED [ 34%]
tests/test_collinearity_units.py::test_complete_collinear_outputs_with_frozen_units[dense-4-True-all-locus-5-True-all] PASSED [ 34%]
tests/test_collinearity_units.py::test_complete_collinear_outputs_with_frozen_units[dense-4-True-all-locus-None-False-adjacent] PASSED [ 34%]
tests/test_collinearity_units.py::test_complete_collinear_outputs_with_frozen_units[dense-4-True-all-locus-None-False-all] PASSED [ 34%]
tests/test_collinearity_units.py::test_complete_collinear_outputs_with_frozen_units[dense-4-True-all-locus-None-True-adjacent] PASSED [ 34%]
tests/test_collinearity_units.py::test_complete_collinear_outputs_with_frozen_units[dense-4-True-all-locus-None-True-all] PASSED [ 34%]
tests/test_collinearity_units.py::test_complete_collinear_outputs_with_frozen_units[support-edges-False-rbh-auto-1-False-adjacent] PASSED [ 34%]
tests/test_collinearity_units.py::test_complete_collinear_outputs_with_frozen_units[support-edges-False-rbh-auto-1-False-all] PASSED [ 34%]
tests/test_collinearity_units.py::test_complete_collinear_outputs_with_frozen_units[support-edges-False-rbh-auto-1-True-adjacent] PASSED [ 35%]
tests/test_collinearity_units.py::test_complete_collinear_outputs_with_frozen_units[support-edges-False-rbh-auto-1-True-all] PASSED [ 35%]
tests/test_collinearity_units.py::test_complete_collinear_outputs_with_frozen_units[support-edges-False-rbh-auto-5-False-adjacent] PASSED [ 35%]
tests/test_collinearity_units.py::test_complete_collinear_outputs_with_frozen_units[support-edges-False-rbh-auto-5-False-all] PASSED [ 35%]
tests/test_collinearity_units.py::test_complete_collinear_outputs_with_frozen_units[support-edges-False-rbh-auto-5-True-adjacent] PASSED [ 35%]
tests/test_collinearity_units.py::test_complete_collinear_outputs_with_frozen_units[support-edges-False-rbh-auto-5-True-all] PASSED [ 35%]
tests/test_collinearity_units.py::test_complete_collinear_outputs_with_frozen_units[support-edges-False-rbh-auto-None-False-adjacent] PASSED [ 35%]
tests/test_collinearity_units.py::test_complete_collinear_outputs_with_frozen_units[support-edges-False-rbh-auto-None-False-all] PASSED [ 35%]
tests/test_collinearity_units.py::test_complete_collinear_outputs_with_frozen_units[support-edges-False-rbh-auto-None-True-adjacent] PASSED [ 35%]
tests/test_collinearity_units.py::test_complete_collinear_outputs_with_frozen_units[support-edges-False-rbh-auto-None-True-all] PASSED [ 35%]
tests/test_collinearity_units.py::test_complete_collinear_outputs_with_frozen_units[support-edges-False-rbh-cds-1-False-adjacent] PASSED [ 35%]
tests/test_collinearity_units.py::test_complete_collinear_outputs_with_frozen_units[support-edges-False-rbh-cds-1-False-all] PASSED [ 35%]
tests/test_collinearity_units.py::test_complete_collinear_outputs_with_frozen_units[support-edges-False-rbh-cds-1-True-adjacent] PASSED [ 35%]
tests/test_collinearity_units.py::test_complete_collinear_outputs_with_frozen_units[support-edges-False-rbh-cds-1-True-all] PASSED [ 35%]
tests/test_collinearity_units.py::test_complete_collinear_outputs_with_frozen_units[support-edges-False-rbh-cds-5-False-adjacent] PASSED [ 35%]
tests/test_collinearity_units.py::test_complete_collinear_outputs_with_frozen_units[support-edges-False-rbh-cds-5-False-all] PASSED [ 35%]
tests/test_collinearity_units.py::test_complete_collinear_outputs_with_frozen_units[support-edges-False-rbh-cds-5-True-adjacent] PASSED [ 35%]
tests/test_collinearity_units.py::test_complete_collinear_outputs_with_frozen_units[support-edges-False-rbh-cds-5-True-all] PASSED [ 35%]
tests/test_collinearity_units.py::test_complete_collinear_outputs_with_frozen_units[support-edges-False-rbh-cds-None-False-adjacent] PASSED [ 35%]
tests/test_collinearity_units.py::test_complete_collinear_outputs_with_frozen_units[support-edges-False-rbh-cds-None-False-all] PASSED [ 35%]
tests/test_collinearity_units.py::test_complete_collinear_outputs_with_frozen_units[support-edges-False-rbh-cds-None-True-adjacent] PASSED [ 35%]
tests/test_collinearity_units.py::test_complete_collinear_outputs_with_frozen_units[support-edges-False-rbh-cds-None-True-all] PASSED [ 36%]
tests/test_collinearity_units.py::test_complete_collinear_outputs_with_frozen_units[support-edges-False-rbh-locus-1-False-adjacent] PASSED [ 36%]
tests/test_collinearity_units.py::test_complete_collinear_outputs_with_frozen_units[support-edges-False-rbh-locus-1-False-all] PASSED [ 36%]
tests/test_collinearity_units.py::test_complete_collinear_outputs_with_frozen_units[support-edges-False-rbh-locus-1-True-adjacent] PASSED [ 36%]
tests/test_collinearity_units.py::test_complete_collinear_outputs_with_frozen_units[support-edges-False-rbh-locus-1-True-all] PASSED [ 36%]
tests/test_collinearity_units.py::test_complete_collinear_outputs_with_frozen_units[support-edges-False-rbh-locus-5-False-adjacent] PASSED [ 36%]
tests/test_collinearity_units.py::test_complete_collinear_outputs_with_frozen_units[support-edges-False-rbh-locus-5-False-all] PASSED [ 36%]
tests/test_collinearity_units.py::test_complete_collinear_outputs_with_frozen_units[support-edges-False-rbh-locus-5-True-adjacent] PASSED [ 36%]
tests/test_collinearity_units.py::test_complete_collinear_outputs_with_frozen_units[support-edges-False-rbh-locus-5-True-all] PASSED [ 36%]
tests/test_collinearity_units.py::test_complete_collinear_outputs_with_frozen_units[support-edges-False-rbh-locus-None-False-adjacent] PASSED [ 36%]
tests/test_collinearity_units.py::test_complete_collinear_outputs_with_frozen_units[support-edges-False-rbh-locus-None-False-all] PASSED [ 36%]
tests/test_collinearity_units.py::test_complete_collinear_outputs_with_frozen_units[support-edges-False-rbh-locus-None-True-adjacent] PASSED [ 36%]
tests/test_collinearity_units.py::test_complete_collinear_outputs_with_frozen_units[support-edges-False-rbh-locus-None-True-all] PASSED [ 36%]
tests/test_collinearity_units.py::test_complete_collinear_outputs_with_frozen_units[support-edges-False-one_to_one-auto-1-False-adjacent] PASSED [ 36%]
tests/test_collinearity_units.py::test_complete_collinear_outputs_with_frozen_units[support-edges-False-one_to_one-auto-1-False-all] PASSED [ 36%]
tests/test_collinearity_units.py::test_complete_collinear_outputs_with_frozen_units[support-edges-False-one_to_one-auto-1-True-adjacent] PASSED [ 36%]
tests/test_collinearity_units.py::test_complete_collinear_outputs_with_frozen_units[support-edges-False-one_to_one-auto-1-True-all] PASSED [ 36%]
tests/test_collinearity_units.py::test_complete_collinear_outputs_with_frozen_units[support-edges-False-one_to_one-auto-5-False-adjacent] PASSED [ 36%]
tests/test_collinearity_units.py::test_complete_collinear_outputs_with_frozen_units[support-edges-False-one_to_one-auto-5-False-all] PASSED [ 36%]
tests/test_collinearity_units.py::test_complete_collinear_outputs_with_frozen_units[support-edges-False-one_to_one-auto-5-True-adjacent] PASSED [ 36%]
tests/test_collinearity_units.py::test_complete_collinear_outputs_with_frozen_units[support-edges-False-one_to_one-auto-5-True-all] PASSED [ 36%]
tests/test_collinearity_units.py::test_complete_collinear_outputs_with_frozen_units[support-edges-False-one_to_one-auto-None-False-adjacent] PASSED [ 37%]
tests/test_collinearity_units.py::test_complete_collinear_outputs_with_frozen_units[support-edges-False-one_to_one-auto-None-False-all] PASSED [ 37%]
tests/test_collinearity_units.py::test_complete_collinear_outputs_with_frozen_units[support-edges-False-one_to_one-auto-None-True-adjacent] PASSED [ 37%]
tests/test_collinearity_units.py::test_complete_collinear_outputs_with_frozen_units[support-edges-False-one_to_one-auto-None-True-all] PASSED [ 37%]
tests/test_collinearity_units.py::test_complete_collinear_outputs_with_frozen_units[support-edges-False-one_to_one-cds-1-False-adjacent] PASSED [ 37%]
tests/test_collinearity_units.py::test_complete_collinear_outputs_with_frozen_units[support-edges-False-one_to_one-cds-1-False-all] PASSED [ 37%]
tests/test_collinearity_units.py::test_complete_collinear_outputs_with_frozen_units[support-edges-False-one_to_one-cds-1-True-adjacent] PASSED [ 37%]
tests/test_collinearity_units.py::test_complete_collinear_outputs_with_frozen_units[support-edges-False-one_to_one-cds-1-True-all] PASSED [ 37%]
tests/test_collinearity_units.py::test_complete_collinear_outputs_with_frozen_units[support-edges-False-one_to_one-cds-5-False-adjacent] PASSED [ 37%]
tests/test_collinearity_units.py::test_complete_collinear_outputs_with_frozen_units[support-edges-False-one_to_one-cds-5-False-all] PASSED [ 37%]
tests/test_collinearity_units.py::test_complete_collinear_outputs_with_frozen_units[support-edges-False-one_to_one-cds-5-True-adjacent] PASSED [ 37%]
tests/test_collinearity_units.py::test_complete_collinear_outputs_with_frozen_units[support-edges-False-one_to_one-cds-5-True-all] PASSED [ 37%]
tests/test_collinearity_units.py::test_complete_collinear_outputs_with_frozen_units[support-edges-False-one_to_one-cds-None-False-adjacent] PASSED [ 37%]
tests/test_collinearity_units.py::test_complete_collinear_outputs_with_frozen_units[support-edges-False-one_to_one-cds-None-False-all] PASSED [ 37%]
tests/test_collinearity_units.py::test_complete_collinear_outputs_with_frozen_units[support-edges-False-one_to_one-cds-None-True-adjacent] PASSED [ 37%]
tests/test_collinearity_units.py::test_complete_collinear_outputs_with_frozen_units[support-edges-False-one_to_one-cds-None-True-all] PASSED [ 37%]
tests/test_collinearity_units.py::test_complete_collinear_outputs_with_frozen_units[support-edges-False-one_to_one-locus-1-False-adjacent] PASSED [ 37%]
tests/test_collinearity_units.py::test_complete_collinear_outputs_with_frozen_units[support-edges-False-one_to_one-locus-1-False-all] PASSED [ 37%]
tests/test_collinearity_units.py::test_complete_collinear_outputs_with_frozen_units[support-edges-False-one_to_one-locus-1-True-adjacent] PASSED [ 37%]
tests/test_collinearity_units.py::test_complete_collinear_outputs_with_frozen_units[support-edges-False-one_to_one-locus-1-True-all] PASSED [ 37%]
tests/test_collinearity_units.py::test_complete_collinear_outputs_with_frozen_units[support-edges-False-one_to_one-locus-5-False-adjacent] PASSED [ 37%]
tests/test_collinearity_units.py::test_complete_collinear_outputs_with_frozen_units[support-edges-False-one_to_one-locus-5-False-all] PASSED [ 38%]
tests/test_collinearity_units.py::test_complete_collinear_outputs_with_frozen_units[support-edges-False-one_to_one-locus-5-True-adjacent] PASSED [ 38%]
tests/test_collinearity_units.py::test_complete_collinear_outputs_with_frozen_units[support-edges-False-one_to_one-locus-5-True-all] PASSED [ 38%]
tests/test_collinearity_units.py::test_complete_collinear_outputs_with_frozen_units[support-edges-False-one_to_one-locus-None-False-adjacent] PASSED [ 38%]
tests/test_collinearity_units.py::test_complete_collinear_outputs_with_frozen_units[support-edges-False-one_to_one-locus-None-False-all] PASSED [ 38%]
tests/test_collinearity_units.py::test_complete_collinear_outputs_with_frozen_units[support-edges-False-one_to_one-locus-None-True-adjacent] PASSED [ 38%]
tests/test_collinearity_units.py::test_complete_collinear_outputs_with_frozen_units[support-edges-False-one_to_one-locus-None-True-all] PASSED [ 38%]
tests/test_collinearity_units.py::test_complete_collinear_outputs_with_frozen_units[support-edges-False-all-auto-1-False-adjacent] PASSED [ 38%]
tests/test_collinearity_units.py::test_complete_collinear_outputs_with_frozen_units[support-edges-False-all-auto-1-False-all] PASSED [ 38%]
tests/test_collinearity_units.py::test_complete_collinear_outputs_with_frozen_units[support-edges-False-all-auto-1-True-adjacent] PASSED [ 38%]
tests/test_collinearity_units.py::test_complete_collinear_outputs_with_frozen_units[support-edges-False-all-auto-1-True-all] PASSED [ 38%]
tests/test_collinearity_units.py::test_complete_collinear_outputs_with_frozen_units[support-edges-False-all-auto-5-False-adjacent] PASSED [ 38%]
tests/test_collinearity_units.py::test_complete_collinear_outputs_with_frozen_units[support-edges-False-all-auto-5-False-all] PASSED [ 38%]
tests/test_collinearity_units.py::test_complete_collinear_outputs_with_frozen_units[support-edges-False-all-auto-5-True-adjacent] PASSED [ 38%]
tests/test_collinearity_units.py::test_complete_collinear_outputs_with_frozen_units[support-edges-False-all-auto-5-True-all] PASSED [ 38%]
tests/test_collinearity_units.py::test_complete_collinear_outputs_with_frozen_units[support-edges-False-all-auto-None-False-adjacent] PASSED [ 38%]
tests/test_collinearity_units.py::test_complete_collinear_outputs_with_frozen_units[support-edges-False-all-auto-None-False-all] PASSED [ 38%]
tests/test_collinearity_units.py::test_complete_collinear_outputs_with_frozen_units[support-edges-False-all-auto-None-True-adjacent] PASSED [ 38%]
tests/test_collinearity_units.py::test_complete_collinear_outputs_with_frozen_units[support-edges-False-all-auto-None-True-all] PASSED [ 38%]
tests/test_collinearity_units.py::test_complete_collinear_outputs_with_frozen_units[support-edges-False-all-cds-1-False-adjacent] PASSED [ 38%]
tests/test_collinearity_units.py::test_complete_collinear_outputs_with_frozen_units[support-edges-False-all-cds-1-False-all] PASSED [ 38%]
tests/test_collinearity_units.py::test_complete_collinear_outputs_with_frozen_units[support-edges-False-all-cds-1-True-adjacent] PASSED [ 39%]
tests/test_collinearity_units.py::test_complete_collinear_outputs_with_frozen_units[support-edges-False-all-cds-1-True-all] PASSED [ 39%]
tests/test_collinearity_units.py::test_complete_collinear_outputs_with_frozen_units[support-edges-False-all-cds-5-False-adjacent] PASSED [ 39%]
tests/test_collinearity_units.py::test_complete_collinear_outputs_with_frozen_units[support-edges-False-all-cds-5-False-all] PASSED [ 39%]
tests/test_collinearity_units.py::test_complete_collinear_outputs_with_frozen_units[support-edges-False-all-cds-5-True-adjacent] PASSED [ 39%]
tests/test_collinearity_units.py::test_complete_collinear_outputs_with_frozen_units[support-edges-False-all-cds-5-True-all] PASSED [ 39%]
tests/test_collinearity_units.py::test_complete_collinear_outputs_with_frozen_units[support-edges-False-all-cds-None-False-adjacent] PASSED [ 39%]
tests/test_collinearity_units.py::test_complete_collinear_outputs_with_frozen_units[support-edges-False-all-cds-None-False-all] PASSED [ 39%]
tests/test_collinearity_units.py::test_complete_collinear_outputs_with_frozen_units[support-edges-False-all-cds-None-True-adjacent] PASSED [ 39%]
tests/test_collinearity_units.py::test_complete_collinear_outputs_with_frozen_units[support-edges-False-all-cds-None-True-all] PASSED [ 39%]
tests/test_collinearity_units.py::test_complete_collinear_outputs_with_frozen_units[support-edges-False-all-locus-1-False-adjacent] PASSED [ 39%]
tests/test_collinearity_units.py::test_complete_collinear_outputs_with_frozen_units[support-edges-False-all-locus-1-False-all] PASSED [ 39%]
tests/test_collinearity_units.py::test_complete_collinear_outputs_with_frozen_units[support-edges-False-all-locus-1-True-adjacent] PASSED [ 39%]
tests/test_collinearity_units.py::test_complete_collinear_outputs_with_frozen_units[support-edges-False-all-locus-1-True-all] PASSED [ 39%]
tests/test_collinearity_units.py::test_complete_collinear_outputs_with_frozen_units[support-edges-False-all-locus-5-False-adjacent] PASSED [ 39%]
tests/test_collinearity_units.py::test_complete_collinear_outputs_with_frozen_units[support-edges-False-all-locus-5-False-all] PASSED [ 39%]
tests/test_collinearity_units.py::test_complete_collinear_outputs_with_frozen_units[support-edges-False-all-locus-5-True-adjacent] PASSED [ 39%]
tests/test_collinearity_units.py::test_complete_collinear_outputs_with_frozen_units[support-edges-False-all-locus-5-True-all] PASSED [ 39%]
tests/test_collinearity_units.py::test_complete_collinear_outputs_with_frozen_units[support-edges-False-all-locus-None-False-adjacent] PASSED [ 39%]
tests/test_collinearity_units.py::test_complete_collinear_outputs_with_frozen_units[support-edges-False-all-locus-None-False-all] PASSED [ 39%]
tests/test_collinearity_units.py::test_complete_collinear_outputs_with_frozen_units[support-edges-False-all-locus-None-True-adjacent] PASSED [ 39%]
tests/test_collinearity_units.py::test_complete_collinear_outputs_with_frozen_units[support-edges-False-all-locus-None-True-all] PASSED [ 40%]
tests/test_sparse_support.py::test_direction_and_membership_diagnostic_priority[0-incoming] PASSED [ 40%]
tests/test_sparse_support.py::test_direction_and_membership_diagnostic_priority[0-outgoing] PASSED [ 40%]
tests/test_sparse_support.py::test_direction_and_membership_diagnostic_priority[0-both] PASSED [ 40%]
tests/test_sparse_support.py::test_direction_and_membership_diagnostic_priority[1-incoming] PASSED [ 40%]
tests/test_sparse_support.py::test_direction_and_membership_diagnostic_priority[1-outgoing] PASSED [ 40%]
tests/test_sparse_support.py::test_direction_and_membership_diagnostic_priority[1-both] PASSED [ 40%]
tests/test_sparse_support.py::test_seeded_candidate_and_local_competition_equivalence[0] PASSED [ 40%]
tests/test_sparse_support.py::test_seeded_candidate_and_local_competition_equivalence[1] PASSED [ 40%]
tests/test_sparse_support.py::test_seeded_candidate_and_local_competition_equivalence[2] PASSED [ 40%]
tests/test_sparse_support.py::test_seeded_candidate_and_local_competition_equivalence[3] PASSED [ 40%]
tests/test_sparse_support.py::test_seeded_candidate_and_local_competition_equivalence[4] PASSED [ 40%]
tests/test_sparse_support.py::test_seeded_candidate_and_local_competition_equivalence[5] PASSED [ 40%]
tests/test_sparse_support.py::test_seeded_candidate_and_local_competition_equivalence[6] PASSED [ 40%]
tests/test_sparse_support.py::test_seeded_candidate_and_local_competition_equivalence[7] PASSED [ 40%]
tests/test_sparse_support.py::test_seeded_candidate_and_local_competition_equivalence[8] PASSED [ 40%]
tests/test_sparse_support.py::test_seeded_candidate_and_local_competition_equivalence[9] PASSED [ 40%]
tests/test_sparse_support.py::test_seeded_candidate_and_local_competition_equivalence[10] PASSED [ 40%]
tests/test_sparse_support.py::test_seeded_candidate_and_local_competition_equivalence[11] PASSED [ 40%]
tests/test_sparse_support.py::test_seeded_candidate_and_local_competition_equivalence[12] PASSED [ 40%]
tests/test_sparse_support.py::test_seeded_candidate_and_local_competition_equivalence[13] PASSED [ 40%]
tests/test_sparse_support.py::test_seeded_candidate_and_local_competition_equivalence[14] PASSED [ 41%]
tests/test_sparse_support.py::test_seeded_candidate_and_local_competition_equivalence[15] PASSED [ 41%]
tests/test_sparse_support.py::test_seeded_candidate_and_local_competition_equivalence[16] PASSED [ 41%]
tests/test_sparse_support.py::test_seeded_candidate_and_local_competition_equivalence[17] PASSED [ 41%]
tests/test_sparse_support.py::test_seeded_candidate_and_local_competition_equivalence[18] PASSED [ 41%]
tests/test_sparse_support.py::test_seeded_candidate_and_local_competition_equivalence[19] PASSED [ 41%]
tests/test_sparse_support.py::test_seeded_candidate_and_local_competition_equivalence[20] PASSED [ 41%]
tests/test_sparse_support.py::test_seeded_candidate_and_local_competition_equivalence[21] PASSED [ 41%]
tests/test_sparse_support.py::test_seeded_candidate_and_local_competition_equivalence[22] PASSED [ 41%]
tests/test_sparse_support.py::test_seeded_candidate_and_local_competition_equivalence[23] PASSED [ 41%]
tests/test_sparse_support.py::test_seeded_candidate_and_local_competition_equivalence[24] PASSED [ 41%]
tests/test_sparse_support.py::test_seeded_candidate_and_local_competition_equivalence[25] PASSED [ 41%]
tests/test_sparse_support.py::test_seeded_candidate_and_local_competition_equivalence[26] PASSED [ 41%]
tests/test_sparse_support.py::test_seeded_candidate_and_local_competition_equivalence[27] PASSED [ 41%]
tests/test_sparse_support.py::test_seeded_candidate_and_local_competition_equivalence[28] PASSED [ 41%]
tests/test_sparse_support.py::test_seeded_candidate_and_local_competition_equivalence[29] PASSED [ 41%]
tests/test_sparse_support.py::test_seeded_candidate_and_local_competition_equivalence[30] PASSED [ 41%]
tests/test_sparse_support.py::test_seeded_candidate_and_local_competition_equivalence[31] PASSED [ 41%]
tests/test_sparse_support.py::test_seeded_candidate_and_local_competition_equivalence[32] PASSED [ 41%]
tests/test_sparse_support.py::test_seeded_candidate_and_local_competition_equivalence[33] PASSED [ 41%]
tests/test_sparse_support.py::test_seeded_candidate_and_local_competition_equivalence[34] PASSED [ 41%]
tests/test_sparse_support.py::test_seeded_candidate_and_local_competition_equivalence[35] PASSED [ 42%]
tests/test_sparse_support.py::test_seeded_candidate_and_local_competition_equivalence[36] PASSED [ 42%]
tests/test_sparse_support.py::test_seeded_candidate_and_local_competition_equivalence[37] PASSED [ 42%]
tests/test_sparse_support.py::test_seeded_candidate_and_local_competition_equivalence[38] PASSED [ 42%]
tests/test_sparse_support.py::test_seeded_candidate_and_local_competition_equivalence[39] PASSED [ 42%]
tests/test_sparse_support.py::test_fixed_core_then_expanded_competition_and_local_addition PASSED [ 42%]
tests/test_sparse_support.py::test_sparse_visits_and_giant_groups PASSED [ 42%]
tests/test_sparse_support.py::test_endpoint_first_match_counts_and_unknown_errors PASSED [ 42%]
tests/test_sparse_support.py::test_rbh_many_to_many_duplicate_text_ids_order_and_full_payload PASSED [ 42%]
tests/test_sparse_support.py::test_projection_suppression_preserves_inference_and_all_edges PASSED [ 42%]
tests/test_sparse_support.py::test_complete_ties_best_second_confidence_and_related_order[1] PASSED [ 42%]
tests/test_sparse_support.py::test_complete_ties_best_second_confidence_and_related_order[2] PASSED [ 42%]
tests/test_sparse_support.py::test_empty_unknown_self_and_nonpositive_candidate_boundaries[0.0] PASSED [ 42%]
tests/test_sparse_support.py::test_empty_unknown_self_and_nonpositive_candidate_boundaries[-1.0] PASSED [ 42%]
tests/test_sparse_support.py::test_empty_unknown_self_and_nonpositive_candidate_boundaries[nan] PASSED [ 42%]
tests/test_sparse_support.py::test_empty_unknown_self_and_nonpositive_candidate_boundaries[inf] PASSED [ 42%]
tests/test_sparse_support.py::test_empty_unknown_self_and_nonpositive_candidate_boundaries[bad] PASSED [ 42%]
tests/test_sparse_support.py::test_endpoint_index_consumes_each_edge_once_as_needed PASSED [ 42%]
tests/test_lossless_ortholog_paths.py::test_default_inference_and_consumers_never_expand[8] PASSED [ 42%]
tests/test_lossless_ortholog_paths.py::test_default_inference_and_consumers_never_expand[12] PASSED [ 42%]
tests/test_lossless_ortholog_paths.py::test_default_inference_and_consumers_never_expand[16] PASSED [ 42%]
tests/test_lossless_ortholog_paths.py::test_default_inference_and_consumers_never_expand[24] PASSED [ 43%]
tests/test_lossless_ortholog_paths.py::test_production_big_integer_roundtrip_and_random_access[24-False] PASSED [ 43%]
tests/test_lossless_ortholog_paths.py::test_production_big_integer_roundtrip_and_random_access[32-False] PASSED [ 43%]
tests/test_lossless_ortholog_paths.py::test_production_big_integer_roundtrip_and_random_access[56-True] PASSED [ 43%]
tests/test_lossless_ortholog_paths.py::test_arbitrary_legacy_corpus_keeps_content_and_never_completes_closure PASSED [ 43%]
tests/test_lossless_ortholog_paths.py::test_dag_payload_integrity_rejects_cycles_wrong_counts_and_order PASSED [ 43%]
tests/test_lossless_ortholog_paths.py::test_access_contract_errors_and_ambiguous_explicit_values PASSED [ 43%]
tests/test_lossless_ortholog_paths.py::test_published_typed_v1_v2_converge_once PASSED [ 43%]
tests/test_lossless_ortholog_paths.py::test_alias_keys_and_equal_protein_order_keys_preserve_legacy_order PASSED [ 43%]
tests/test_lossless_ortholog_paths.py::test_gallery_science_matches_archived_s04_bytes[gallery-collinear] PASSED [ 43%]
tests/test_lossless_ortholog_paths.py::test_gallery_science_matches_archived_s04_bytes[gallery-orthogroup] PASSED [ 43%]
tests/test_lossless_ortholog_paths.py::test_current_gallery_render_save_replay_do_not_enumerate[gallery-collinear] PASSED [ 43%]
tests/test_lossless_ortholog_paths.py::test_current_gallery_render_save_replay_do_not_enumerate[gallery-orthogroup] PASSED [ 43%]
tests/test_lossless_ortholog_paths.py::test_legacy_reference_promotion_rebuilds_only_declared_collection_data PASSED [ 43%]
tests/test_ortholog_path_contract.py::test_named_dag_metadata_equivalence PASSED [ 43%]
tests/test_ortholog_path_contract.py::test_all_1024_small_dags_match_every_metadata_field PASSED [ 43%]
tests/test_ortholog_path_contract.py::test_seeded_dags_with_parallel_edges_and_coordinate_ties PASSED [ 43%]
tests/test_ortholog_path_contract.py::test_reachable_inference_graphs_and_nonmonotonic_record_order PASSED [ 43%]
tests/test_ortholog_path_contract.py::test_seeded_reachable_directional_evidence PASSED [ 43%]
tests/test_ortholog_path_contract.py::test_s01_full_selector_paths_and_archived_oracle[8] PASSED [ 43%]
tests/test_ortholog_path_contract.py::test_s01_full_selector_paths_and_archived_oracle[12] PASSED [ 43%]
tests/test_ortholog_path_contract.py::test_s01_full_selector_paths_and_archived_oracle[16] PASSED [ 44%]
tests/test_ortholog_path_contract.py::test_large_compact_count_rank_shared_without_legacy_enumeration[24-False] PASSED [ 44%]
tests/test_ortholog_path_contract.py::test_large_compact_count_rank_shared_without_legacy_enumeration[32-False] PASSED [ 44%]
tests/test_ortholog_path_contract.py::test_large_compact_count_rank_shared_without_legacy_enumeration[56-False] PASSED [ 44%]
tests/test_ortholog_path_contract.py::test_large_compact_count_rank_shared_without_legacy_enumeration[56-True] PASSED [ 44%]
tests/test_ortholog_path_contract.py::test_cycle_observations_do_not_become_a_dag_fallback PASSED [ 44%]
tests/test_ortholog_path_contract.py::test_legacy_typed_tuple_accepts_explicit_cyclic_noncanonical_corpus PASSED [ 44%]
tests/test_ortholog_path_contract.py::test_explicit_access_errors PASSED [ 44%]
tests/test_ortholog_path_contract.py::test_javascript_decimal_transport PASSED [ 44%]
tests/test_ortholog_path_contract.py::test_existing_catalog_and_popup_accept_exact_decimal_strings PASSED [ 44%]
tests/test_protein_local_reductions.py::test_fit_points_model_ordinals_and_input[string-0.05-0] PASSED [ 44%]
tests/test_protein_local_reductions.py::test_fit_points_model_ordinals_and_input[string-0.05-1] PASSED [ 44%]
tests/test_protein_local_reductions.py::test_fit_points_model_ordinals_and_input[string-0.05-3] PASSED [ 44%]
tests/test_protein_local_reductions.py::test_fit_points_model_ordinals_and_input[string-0.05-4] PASSED [ 44%]
tests/test_protein_local_reductions.py::test_fit_points_model_ordinals_and_input[string-0.05-7] PASSED [ 44%]
tests/test_protein_local_reductions.py::test_fit_points_model_ordinals_and_input[string-0.05-8] PASSED [ 44%]
tests/test_protein_local_reductions.py::test_fit_points_model_ordinals_and_input[string-0.05-11] PASSED [ 44%]
tests/test_protein_local_reductions.py::test_fit_points_model_ordinals_and_input[string-0.05-12] PASSED [ 44%]
tests/test_protein_local_reductions.py::test_fit_points_model_ordinals_and_input[string-0.05-15] PASSED [ 44%]
tests/test_protein_local_reductions.py::test_fit_points_model_ordinals_and_input[string-0.05-16] PASSED [ 44%]
tests/test_protein_local_reductions.py::test_fit_points_model_ordinals_and_input[string-0.05-31] PASSED [ 44%]
tests/test_protein_local_reductions.py::test_fit_points_model_ordinals_and_input[string-0.05-32] PASSED [ 45%]
tests/test_protein_local_reductions.py::test_fit_points_model_ordinals_and_input[string-0.05-33] PASSED [ 45%]
tests/test_protein_local_reductions.py::test_fit_points_model_ordinals_and_input[string-0.05-65] PASSED [ 45%]
tests/test_protein_local_reductions.py::test_fit_points_model_ordinals_and_input[string-0.25-0] PASSED [ 45%]
tests/test_protein_local_reductions.py::test_fit_points_model_ordinals_and_input[string-0.25-1] PASSED [ 45%]
tests/test_protein_local_reductions.py::test_fit_points_model_ordinals_and_input[string-0.25-3] PASSED [ 45%]
tests/test_protein_local_reductions.py::test_fit_points_model_ordinals_and_input[string-0.25-4] PASSED [ 45%]
tests/test_protein_local_reductions.py::test_fit_points_model_ordinals_and_input[string-0.25-7] PASSED [ 45%]
tests/test_protein_local_reductions.py::test_fit_points_model_ordinals_and_input[string-0.25-8] PASSED [ 45%]
tests/test_protein_local_reductions.py::test_fit_points_model_ordinals_and_input[string-0.25-11] PASSED [ 45%]
tests/test_protein_local_reductions.py::test_fit_points_model_ordinals_and_input[string-0.25-12] PASSED [ 45%]
tests/test_protein_local_reductions.py::test_fit_points_model_ordinals_and_input[string-0.25-15] PASSED [ 45%]
tests/test_protein_local_reductions.py::test_fit_points_model_ordinals_and_input[string-0.25-16] PASSED [ 45%]
tests/test_protein_local_reductions.py::test_fit_points_model_ordinals_and_input[string-0.25-31] PASSED [ 45%]
tests/test_protein_local_reductions.py::test_fit_points_model_ordinals_and_input[string-0.25-32] PASSED [ 45%]
tests/test_protein_local_reductions.py::test_fit_points_model_ordinals_and_input[string-0.25-33] PASSED [ 45%]
tests/test_protein_local_reductions.py::test_fit_points_model_ordinals_and_input[string-0.25-65] PASSED [ 45%]
tests/test_protein_local_reductions.py::test_fit_points_model_ordinals_and_input[string-0.26-0] PASSED [ 45%]
tests/test_protein_local_reductions.py::test_fit_points_model_ordinals_and_input[string-0.26-1] PASSED [ 45%]
tests/test_protein_local_reductions.py::test_fit_points_model_ordinals_and_input[string-0.26-3] PASSED [ 45%]
tests/test_protein_local_reductions.py::test_fit_points_model_ordinals_and_input[string-0.26-4] PASSED [ 45%]
tests/test_protein_local_reductions.py::test_fit_points_model_ordinals_and_input[string-0.26-7] PASSED [ 46%]
tests/test_protein_local_reductions.py::test_fit_points_model_ordinals_and_input[string-0.26-8] PASSED [ 46%]
tests/test_protein_local_reductions.py::test_fit_points_model_ordinals_and_input[string-0.26-11] PASSED [ 46%]
tests/test_protein_local_reductions.py::test_fit_points_model_ordinals_and_input[string-0.26-12] PASSED [ 46%]
tests/test_protein_local_reductions.py::test_fit_points_model_ordinals_and_input[string-0.26-15] PASSED [ 46%]
tests/test_protein_local_reductions.py::test_fit_points_model_ordinals_and_input[string-0.26-16] PASSED [ 46%]
tests/test_protein_local_reductions.py::test_fit_points_model_ordinals_and_input[string-0.26-31] PASSED [ 46%]
tests/test_protein_local_reductions.py::test_fit_points_model_ordinals_and_input[string-0.26-32] PASSED [ 46%]
tests/test_protein_local_reductions.py::test_fit_points_model_ordinals_and_input[string-0.26-33] PASSED [ 46%]
tests/test_protein_local_reductions.py::test_fit_points_model_ordinals_and_input[string-0.26-65] PASSED [ 46%]
tests/test_protein_local_reductions.py::test_fit_points_model_ordinals_and_input[string-0.5-0] PASSED [ 46%]
tests/test_protein_local_reductions.py::test_fit_points_model_ordinals_and_input[string-0.5-1] PASSED [ 46%]
tests/test_protein_local_reductions.py::test_fit_points_model_ordinals_and_input[string-0.5-3] PASSED [ 46%]
tests/test_protein_local_reductions.py::test_fit_points_model_ordinals_and_input[string-0.5-4] PASSED [ 46%]
tests/test_protein_local_reductions.py::test_fit_points_model_ordinals_and_input[string-0.5-7] PASSED [ 46%]
tests/test_protein_local_reductions.py::test_fit_points_model_ordinals_and_input[string-0.5-8] PASSED [ 46%]
tests/test_protein_local_reductions.py::test_fit_points_model_ordinals_and_input[string-0.5-11] PASSED [ 46%]
tests/test_protein_local_reductions.py::test_fit_points_model_ordinals_and_input[string-0.5-12] PASSED [ 46%]
tests/test_protein_local_reductions.py::test_fit_points_model_ordinals_and_input[string-0.5-15] PASSED [ 46%]
tests/test_protein_local_reductions.py::test_fit_points_model_ordinals_and_input[string-0.5-16] PASSED [ 46%]
tests/test_protein_local_reductions.py::test_fit_points_model_ordinals_and_input[string-0.5-31] PASSED [ 46%]
tests/test_protein_local_reductions.py::test_fit_points_model_ordinals_and_input[string-0.5-32] PASSED [ 47%]
tests/test_protein_local_reductions.py::test_fit_points_model_ordinals_and_input[string-0.5-33] PASSED [ 47%]
tests/test_protein_local_reductions.py::test_fit_points_model_ordinals_and_input[string-0.5-65] PASSED [ 47%]
tests/test_protein_local_reductions.py::test_fit_points_model_ordinals_and_input[string-1.0-0] PASSED [ 47%]
tests/test_protein_local_reductions.py::test_fit_points_model_ordinals_and_input[string-1.0-1] PASSED [ 47%]
tests/test_protein_local_reductions.py::test_fit_points_model_ordinals_and_input[string-1.0-3] PASSED [ 47%]
tests/test_protein_local_reductions.py::test_fit_points_model_ordinals_and_input[string-1.0-4] PASSED [ 47%]
tests/test_protein_local_reductions.py::test_fit_points_model_ordinals_and_input[string-1.0-7] PASSED [ 47%]
tests/test_protein_local_reductions.py::test_fit_points_model_ordinals_and_input[string-1.0-8] PASSED [ 47%]
tests/test_protein_local_reductions.py::test_fit_points_model_ordinals_and_input[string-1.0-11] PASSED [ 47%]
tests/test_protein_local_reductions.py::test_fit_points_model_ordinals_and_input[string-1.0-12] PASSED [ 47%]
tests/test_protein_local_reductions.py::test_fit_points_model_ordinals_and_input[string-1.0-15] PASSED [ 47%]
tests/test_protein_local_reductions.py::test_fit_points_model_ordinals_and_input[string-1.0-16] PASSED [ 47%]
tests/test_protein_local_reductions.py::test_fit_points_model_ordinals_and_input[string-1.0-31] PASSED [ 47%]
tests/test_protein_local_reductions.py::test_fit_points_model_ordinals_and_input[string-1.0-32] PASSED [ 47%]
tests/test_protein_local_reductions.py::test_fit_points_model_ordinals_and_input[string-1.0-33] PASSED [ 47%]
tests/test_protein_local_reductions.py::test_fit_points_model_ordinals_and_input[string-1.0-65] PASSED [ 47%]
tests/test_protein_local_reductions.py::test_fit_points_model_ordinals_and_input[numeric-0.05-0] PASSED [ 47%]
tests/test_protein_local_reductions.py::test_fit_points_model_ordinals_and_input[numeric-0.05-1] PASSED [ 47%]
tests/test_protein_local_reductions.py::test_fit_points_model_ordinals_and_input[numeric-0.05-3] PASSED [ 47%]
tests/test_protein_local_reductions.py::test_fit_points_model_ordinals_and_input[numeric-0.05-4] PASSED [ 47%]
tests/test_protein_local_reductions.py::test_fit_points_model_ordinals_and_input[numeric-0.05-7] PASSED [ 48%]
tests/test_protein_local_reductions.py::test_fit_points_model_ordinals_and_input[numeric-0.05-8] PASSED [ 48%]
tests/test_protein_local_reductions.py::test_fit_points_model_ordinals_and_input[numeric-0.05-11] PASSED [ 48%]
tests/test_protein_local_reductions.py::test_fit_points_model_ordinals_and_input[numeric-0.05-12] PASSED [ 48%]
tests/test_protein_local_reductions.py::test_fit_points_model_ordinals_and_input[numeric-0.05-15] PASSED [ 48%]
tests/test_protein_local_reductions.py::test_fit_points_model_ordinals_and_input[numeric-0.05-16] PASSED [ 48%]
tests/test_protein_local_reductions.py::test_fit_points_model_ordinals_and_input[numeric-0.05-31] PASSED [ 48%]
tests/test_protein_local_reductions.py::test_fit_points_model_ordinals_and_input[numeric-0.05-32] PASSED [ 48%]
tests/test_protein_local_reductions.py::test_fit_points_model_ordinals_and_input[numeric-0.05-33] PASSED [ 48%]
tests/test_protein_local_reductions.py::test_fit_points_model_ordinals_and_input[numeric-0.05-65] PASSED [ 48%]
tests/test_protein_local_reductions.py::test_fit_points_model_ordinals_and_input[numeric-0.25-0] PASSED [ 48%]
tests/test_protein_local_reductions.py::test_fit_points_model_ordinals_and_input[numeric-0.25-1] PASSED [ 48%]
tests/test_protein_local_reductions.py::test_fit_points_model_ordinals_and_input[numeric-0.25-3] PASSED [ 48%]
tests/test_protein_local_reductions.py::test_fit_points_model_ordinals_and_input[numeric-0.25-4] PASSED [ 48%]
tests/test_protein_local_reductions.py::test_fit_points_model_ordinals_and_input[numeric-0.25-7] PASSED [ 48%]
tests/test_protein_local_reductions.py::test_fit_points_model_ordinals_and_input[numeric-0.25-8] PASSED [ 48%]
tests/test_protein_local_reductions.py::test_fit_points_model_ordinals_and_input[numeric-0.25-11] PASSED [ 48%]
tests/test_protein_local_reductions.py::test_fit_points_model_ordinals_and_input[numeric-0.25-12] PASSED [ 48%]
tests/test_protein_local_reductions.py::test_fit_points_model_ordinals_and_input[numeric-0.25-15] PASSED [ 48%]
tests/test_protein_local_reductions.py::test_fit_points_model_ordinals_and_input[numeric-0.25-16] PASSED [ 48%]
tests/test_protein_local_reductions.py::test_fit_points_model_ordinals_and_input[numeric-0.25-31] PASSED [ 48%]
tests/test_protein_local_reductions.py::test_fit_points_model_ordinals_and_input[numeric-0.25-32] PASSED [ 49%]
tests/test_protein_local_reductions.py::test_fit_points_model_ordinals_and_input[numeric-0.25-33] PASSED [ 49%]
tests/test_protein_local_reductions.py::test_fit_points_model_ordinals_and_input[numeric-0.25-65] PASSED [ 49%]
tests/test_protein_local_reductions.py::test_fit_points_model_ordinals_and_input[numeric-0.26-0] PASSED [ 49%]
tests/test_protein_local_reductions.py::test_fit_points_model_ordinals_and_input[numeric-0.26-1] PASSED [ 49%]
tests/test_protein_local_reductions.py::test_fit_points_model_ordinals_and_input[numeric-0.26-3] PASSED [ 49%]
tests/test_protein_local_reductions.py::test_fit_points_model_ordinals_and_input[numeric-0.26-4] PASSED [ 49%]
tests/test_protein_local_reductions.py::test_fit_points_model_ordinals_and_input[numeric-0.26-7] PASSED [ 49%]
tests/test_protein_local_reductions.py::test_fit_points_model_ordinals_and_input[numeric-0.26-8] PASSED [ 49%]
tests/test_protein_local_reductions.py::test_fit_points_model_ordinals_and_input[numeric-0.26-11] PASSED [ 49%]
tests/test_protein_local_reductions.py::test_fit_points_model_ordinals_and_input[numeric-0.26-12] PASSED [ 49%]
tests/test_protein_local_reductions.py::test_fit_points_model_ordinals_and_input[numeric-0.26-15] PASSED [ 49%]
tests/test_protein_local_reductions.py::test_fit_points_model_ordinals_and_input[numeric-0.26-16] PASSED [ 49%]
tests/test_protein_local_reductions.py::test_fit_points_model_ordinals_and_input[numeric-0.26-31] PASSED [ 49%]
tests/test_protein_local_reductions.py::test_fit_points_model_ordinals_and_input[numeric-0.26-32] PASSED [ 49%]
tests/test_protein_local_reductions.py::test_fit_points_model_ordinals_and_input[numeric-0.26-33] PASSED [ 49%]
tests/test_protein_local_reductions.py::test_fit_points_model_ordinals_and_input[numeric-0.26-65] PASSED [ 49%]
tests/test_protein_local_reductions.py::test_fit_points_model_ordinals_and_input[numeric-0.5-0] PASSED [ 49%]
tests/test_protein_local_reductions.py::test_fit_points_model_ordinals_and_input[numeric-0.5-1] PASSED [ 49%]
tests/test_protein_local_reductions.py::test_fit_points_model_ordinals_and_input[numeric-0.5-3] PASSED [ 49%]
tests/test_protein_local_reductions.py::test_fit_points_model_ordinals_and_input[numeric-0.5-4] PASSED [ 49%]
tests/test_protein_local_reductions.py::test_fit_points_model_ordinals_and_input[numeric-0.5-7] PASSED [ 50%]
tests/test_protein_local_reductions.py::test_fit_points_model_ordinals_and_input[numeric-0.5-8] PASSED [ 50%]
tests/test_protein_local_reductions.py::test_fit_points_model_ordinals_and_input[numeric-0.5-11] PASSED [ 50%]
tests/test_protein_local_reductions.py::test_fit_points_model_ordinals_and_input[numeric-0.5-12] PASSED [ 50%]
tests/test_protein_local_reductions.py::test_fit_points_model_ordinals_and_input[numeric-0.5-15] PASSED [ 50%]
tests/test_protein_local_reductions.py::test_fit_points_model_ordinals_and_input[numeric-0.5-16] PASSED [ 50%]
tests/test_protein_local_reductions.py::test_fit_points_model_ordinals_and_input[numeric-0.5-31] PASSED [ 50%]
tests/test_protein_local_reductions.py::test_fit_points_model_ordinals_and_input[numeric-0.5-32] PASSED [ 50%]
tests/test_protein_local_reductions.py::test_fit_points_model_ordinals_and_input[numeric-0.5-33] PASSED [ 50%]
tests/test_protein_local_reductions.py::test_fit_points_model_ordinals_and_input[numeric-0.5-65] PASSED [ 50%]
tests/test_protein_local_reductions.py::test_fit_points_model_ordinals_and_input[numeric-1.0-0] PASSED [ 50%]
tests/test_protein_local_reductions.py::test_fit_points_model_ordinals_and_input[numeric-1.0-1] PASSED [ 50%]
tests/test_protein_local_reductions.py::test_fit_points_model_ordinals_and_input[numeric-1.0-3] PASSED [ 50%]
tests/test_protein_local_reductions.py::test_fit_points_model_ordinals_and_input[numeric-1.0-4] PASSED [ 50%]
tests/test_protein_local_reductions.py::test_fit_points_model_ordinals_and_input[numeric-1.0-7] PASSED [ 50%]
tests/test_protein_local_reductions.py::test_fit_points_model_ordinals_and_input[numeric-1.0-8] PASSED [ 50%]
tests/test_protein_local_reductions.py::test_fit_points_model_ordinals_and_input[numeric-1.0-11] PASSED [ 50%]
tests/test_protein_local_reductions.py::test_fit_points_model_ordinals_and_input[numeric-1.0-12] PASSED [ 50%]
tests/test_protein_local_reductions.py::test_fit_points_model_ordinals_and_input[numeric-1.0-15] PASSED [ 50%]
tests/test_protein_local_reductions.py::test_fit_points_model_ordinals_and_input[numeric-1.0-16] PASSED [ 50%]
tests/test_protein_local_reductions.py::test_fit_points_model_ordinals_and_input[numeric-1.0-31] PASSED [ 50%]
tests/test_protein_local_reductions.py::test_fit_points_model_ordinals_and_input[numeric-1.0-32] PASSED [ 51%]
tests/test_protein_local_reductions.py::test_fit_points_model_ordinals_and_input[numeric-1.0-33] PASSED [ 51%]
tests/test_protein_local_reductions.py::test_fit_points_model_ordinals_and_input[numeric-1.0-65] PASSED [ 51%]
tests/test_protein_local_reductions.py::test_fit_points_model_ordinals_and_input[categorical-0.05-0] PASSED [ 51%]
tests/test_protein_local_reductions.py::test_fit_points_model_ordinals_and_input[categorical-0.05-1] PASSED [ 51%]
tests/test_protein_local_reductions.py::test_fit_points_model_ordinals_and_input[categorical-0.05-3] PASSED [ 51%]
tests/test_protein_local_reductions.py::test_fit_points_model_ordinals_and_input[categorical-0.05-4] PASSED [ 51%]
tests/test_protein_local_reductions.py::test_fit_points_model_ordinals_and_input[categorical-0.05-7] PASSED [ 51%]
tests/test_protein_local_reductions.py::test_fit_points_model_ordinals_and_input[categorical-0.05-8] PASSED [ 51%]
tests/test_protein_local_reductions.py::test_fit_points_model_ordinals_and_input[categorical-0.05-11] PASSED [ 51%]
tests/test_protein_local_reductions.py::test_fit_points_model_ordinals_and_input[categorical-0.05-12] PASSED [ 51%]
tests/test_protein_local_reductions.py::test_fit_points_model_ordinals_and_input[categorical-0.05-15] PASSED [ 51%]
tests/test_protein_local_reductions.py::test_fit_points_model_ordinals_and_input[categorical-0.05-16] PASSED [ 51%]
tests/test_protein_local_reductions.py::test_fit_points_model_ordinals_and_input[categorical-0.05-31] PASSED [ 51%]
tests/test_protein_local_reductions.py::test_fit_points_model_ordinals_and_input[categorical-0.05-32] PASSED [ 51%]
tests/test_protein_local_reductions.py::test_fit_points_model_ordinals_and_input[categorical-0.05-33] PASSED [ 51%]
tests/test_protein_local_reductions.py::test_fit_points_model_ordinals_and_input[categorical-0.05-65] PASSED [ 51%]
tests/test_protein_local_reductions.py::test_fit_points_model_ordinals_and_input[categorical-0.25-0] PASSED [ 51%]
tests/test_protein_local_reductions.py::test_fit_points_model_ordinals_and_input[categorical-0.25-1] PASSED [ 51%]
tests/test_protein_local_reductions.py::test_fit_points_model_ordinals_and_input[categorical-0.25-3] PASSED [ 51%]
tests/test_protein_local_reductions.py::test_fit_points_model_ordinals_and_input[categorical-0.25-4] PASSED [ 51%]
tests/test_protein_local_reductions.py::test_fit_points_model_ordinals_and_input[categorical-0.25-7] PASSED [ 52%]
tests/test_protein_local_reductions.py::test_fit_points_model_ordinals_and_input[categorical-0.25-8] PASSED [ 52%]
tests/test_protein_local_reductions.py::test_fit_points_model_ordinals_and_input[categorical-0.25-11] PASSED [ 52%]
tests/test_protein_local_reductions.py::test_fit_points_model_ordinals_and_input[categorical-0.25-12] PASSED [ 52%]
tests/test_protein_local_reductions.py::test_fit_points_model_ordinals_and_input[categorical-0.25-15] PASSED [ 52%]
tests/test_protein_local_reductions.py::test_fit_points_model_ordinals_and_input[categorical-0.25-16] PASSED [ 52%]
tests/test_protein_local_reductions.py::test_fit_points_model_ordinals_and_input[categorical-0.25-31] PASSED [ 52%]
tests/test_protein_local_reductions.py::test_fit_points_model_ordinals_and_input[categorical-0.25-32] PASSED [ 52%]
tests/test_protein_local_reductions.py::test_fit_points_model_ordinals_and_input[categorical-0.25-33] PASSED [ 52%]
tests/test_protein_local_reductions.py::test_fit_points_model_ordinals_and_input[categorical-0.25-65] PASSED [ 52%]
tests/test_protein_local_reductions.py::test_fit_points_model_ordinals_and_input[categorical-0.26-0] PASSED [ 52%]
tests/test_protein_local_reductions.py::test_fit_points_model_ordinals_and_input[categorical-0.26-1] PASSED [ 52%]
tests/test_protein_local_reductions.py::test_fit_points_model_ordinals_and_input[categorical-0.26-3] PASSED [ 52%]
tests/test_protein_local_reductions.py::test_fit_points_model_ordinals_and_input[categorical-0.26-4] PASSED [ 52%]
tests/test_protein_local_reductions.py::test_fit_points_model_ordinals_and_input[categorical-0.26-7] PASSED [ 52%]
tests/test_protein_local_reductions.py::test_fit_points_model_ordinals_and_input[categorical-0.26-8] PASSED [ 52%]
tests/test_protein_local_reductions.py::test_fit_points_model_ordinals_and_input[categorical-0.26-11] PASSED [ 52%]
tests/test_protein_local_reductions.py::test_fit_points_model_ordinals_and_input[categorical-0.26-12] PASSED [ 52%]
tests/test_protein_local_reductions.py::test_fit_points_model_ordinals_and_input[categorical-0.26-15] PASSED [ 52%]
tests/test_protein_local_reductions.py::test_fit_points_model_ordinals_and_input[categorical-0.26-16] PASSED [ 52%]
tests/test_protein_local_reductions.py::test_fit_points_model_ordinals_and_input[categorical-0.26-31] PASSED [ 52%]
tests/test_protein_local_reductions.py::test_fit_points_model_ordinals_and_input[categorical-0.26-32] PASSED [ 53%]
tests/test_protein_local_reductions.py::test_fit_points_model_ordinals_and_input[categorical-0.26-33] PASSED [ 53%]
tests/test_protein_local_reductions.py::test_fit_points_model_ordinals_and_input[categorical-0.26-65] PASSED [ 53%]
tests/test_protein_local_reductions.py::test_fit_points_model_ordinals_and_input[categorical-0.5-0] PASSED [ 53%]
tests/test_protein_local_reductions.py::test_fit_points_model_ordinals_and_input[categorical-0.5-1] PASSED [ 53%]
tests/test_protein_local_reductions.py::test_fit_points_model_ordinals_and_input[categorical-0.5-3] PASSED [ 53%]
tests/test_protein_local_reductions.py::test_fit_points_model_ordinals_and_input[categorical-0.5-4] PASSED [ 53%]
tests/test_protein_local_reductions.py::test_fit_points_model_ordinals_and_input[categorical-0.5-7] PASSED [ 53%]
tests/test_protein_local_reductions.py::test_fit_points_model_ordinals_and_input[categorical-0.5-8] PASSED [ 53%]
tests/test_protein_local_reductions.py::test_fit_points_model_ordinals_and_input[categorical-0.5-11] PASSED [ 53%]
tests/test_protein_local_reductions.py::test_fit_points_model_ordinals_and_input[categorical-0.5-12] PASSED [ 53%]
tests/test_protein_local_reductions.py::test_fit_points_model_ordinals_and_input[categorical-0.5-15] PASSED [ 53%]
tests/test_protein_local_reductions.py::test_fit_points_model_ordinals_and_input[categorical-0.5-16] PASSED [ 53%]
tests/test_protein_local_reductions.py::test_fit_points_model_ordinals_and_input[categorical-0.5-31] PASSED [ 53%]
tests/test_protein_local_reductions.py::test_fit_points_model_ordinals_and_input[categorical-0.5-32] PASSED [ 53%]
tests/test_protein_local_reductions.py::test_fit_points_model_ordinals_and_input[categorical-0.5-33] PASSED [ 53%]
tests/test_protein_local_reductions.py::test_fit_points_model_ordinals_and_input[categorical-0.5-65] PASSED [ 53%]
tests/test_protein_local_reductions.py::test_fit_points_model_ordinals_and_input[categorical-1.0-0] PASSED [ 53%]
tests/test_protein_local_reductions.py::test_fit_points_model_ordinals_and_input[categorical-1.0-1] PASSED [ 53%]
tests/test_protein_local_reductions.py::test_fit_points_model_ordinals_and_input[categorical-1.0-3] PASSED [ 53%]
tests/test_protein_local_reductions.py::test_fit_points_model_ordinals_and_input[categorical-1.0-4] PASSED [ 53%]
tests/test_protein_local_reductions.py::test_fit_points_model_ordinals_and_input[categorical-1.0-7] PASSED [ 54%]
tests/test_protein_local_reductions.py::test_fit_points_model_ordinals_and_input[categorical-1.0-8] PASSED [ 54%]
tests/test_protein_local_reductions.py::test_fit_points_model_ordinals_and_input[categorical-1.0-11] PASSED [ 54%]
tests/test_protein_local_reductions.py::test_fit_points_model_ordinals_and_input[categorical-1.0-12] PASSED [ 54%]
tests/test_protein_local_reductions.py::test_fit_points_model_ordinals_and_input[categorical-1.0-15] PASSED [ 54%]
tests/test_protein_local_reductions.py::test_fit_points_model_ordinals_and_input[categorical-1.0-16] PASSED [ 54%]
tests/test_protein_local_reductions.py::test_fit_points_model_ordinals_and_input[categorical-1.0-31] PASSED [ 54%]
tests/test_protein_local_reductions.py::test_fit_points_model_ordinals_and_input[categorical-1.0-32] PASSED [ 54%]
tests/test_protein_local_reductions.py::test_fit_points_model_ordinals_and_input[categorical-1.0-33] PASSED [ 54%]
tests/test_protein_local_reductions.py::test_fit_points_model_ordinals_and_input[categorical-1.0-65] PASSED [ 54%]
tests/test_protein_local_reductions.py::test_fit_degenerate_models[full_tie] PASSED [ 54%]
tests/test_protein_local_reductions.py::test_fit_degenerate_models[zero] PASSED [ 54%]
tests/test_protein_local_reductions.py::test_fit_degenerate_models[round_tie] PASSED [ 54%]
tests/test_protein_local_reductions.py::test_fit_degenerate_models[epsilon] PASSED [ 54%]
tests/test_protein_local_reductions.py::test_fit_degenerate_models[few_points] PASSED [ 54%]
tests/test_protein_local_reductions.py::test_fit_degenerate_models[nonfinite] PASSED [ 54%]
tests/test_protein_local_reductions.py::test_fit_sorts_only_four_columns PASSED [ 54%]
tests/test_protein_local_reductions.py::test_normalized_table_all_columns_and_exact_scores[0.05-0] PASSED [ 54%]
tests/test_protein_local_reductions.py::test_normalized_table_all_columns_and_exact_scores[0.05-1] PASSED [ 54%]
tests/test_protein_local_reductions.py::test_normalized_table_all_columns_and_exact_scores[0.05-11] PASSED [ 54%]
tests/test_protein_local_reductions.py::test_normalized_table_all_columns_and_exact_scores[0.05-12] PASSED [ 54%]
tests/test_protein_local_reductions.py::test_normalized_table_all_columns_and_exact_scores[0.05-33] PASSED [ 55%]
tests/test_protein_local_reductions.py::test_normalized_table_all_columns_and_exact_scores[0.26-0] PASSED [ 55%]
tests/test_protein_local_reductions.py::test_normalized_table_all_columns_and_exact_scores[0.26-1] PASSED [ 55%]
tests/test_protein_local_reductions.py::test_normalized_table_all_columns_and_exact_scores[0.26-11] PASSED [ 55%]
tests/test_protein_local_reductions.py::test_normalized_table_all_columns_and_exact_scores[0.26-12] PASSED [ 55%]
tests/test_protein_local_reductions.py::test_normalized_table_all_columns_and_exact_scores[0.26-33] PASSED [ 55%]
tests/test_protein_local_reductions.py::test_normalized_table_all_columns_and_exact_scores[1.0-0] PASSED [ 55%]
tests/test_protein_local_reductions.py::test_normalized_table_all_columns_and_exact_scores[1.0-1] PASSED [ 55%]
tests/test_protein_local_reductions.py::test_normalized_table_all_columns_and_exact_scores[1.0-11] PASSED [ 55%]
tests/test_protein_local_reductions.py::test_normalized_table_all_columns_and_exact_scores[1.0-12] PASSED [ 55%]
tests/test_protein_local_reductions.py::test_normalized_table_all_columns_and_exact_scores[1.0-33] PASSED [ 55%]
tests/test_protein_local_reductions.py::test_member_top_best_and_reciprocity_independent_oracle[1-string] PASSED [ 55%]
tests/test_protein_local_reductions.py::test_member_top_best_and_reciprocity_independent_oracle[1-numeric] PASSED [ 55%]
tests/test_protein_local_reductions.py::test_member_top_best_and_reciprocity_independent_oracle[1-categorical] PASSED [ 55%]
tests/test_protein_local_reductions.py::test_member_top_best_and_reciprocity_independent_oracle[5-string] PASSED [ 55%]
tests/test_protein_local_reductions.py::test_member_top_best_and_reciprocity_independent_oracle[5-numeric] PASSED [ 55%]
tests/test_protein_local_reductions.py::test_member_top_best_and_reciprocity_independent_oracle[5-categorical] PASSED [ 55%]
tests/test_protein_local_reductions.py::test_member_top_best_and_reciprocity_independent_oracle[None-string] PASSED [ 55%]
tests/test_protein_local_reductions.py::test_member_top_best_and_reciprocity_independent_oracle[None-numeric] PASSED [ 55%]
tests/test_protein_local_reductions.py::test_member_top_best_and_reciprocity_independent_oracle[None-categorical] PASSED [ 55%]
tests/test_protein_local_reductions.py::test_edge_caller_missing_direction_and_member_limit[1-False-rbh] PASSED [ 55%]
tests/test_protein_local_reductions.py::test_edge_caller_missing_direction_and_member_limit[1-False-one_to_one] PASSED [ 56%]
tests/test_protein_local_reductions.py::test_edge_caller_missing_direction_and_member_limit[1-False-all] PASSED [ 56%]
tests/test_protein_local_reductions.py::test_edge_caller_missing_direction_and_member_limit[1-True-rbh] PASSED [ 56%]
tests/test_protein_local_reductions.py::test_edge_caller_missing_direction_and_member_limit[1-True-one_to_one] PASSED [ 56%]
tests/test_protein_local_reductions.py::test_edge_caller_missing_direction_and_member_limit[1-True-all] PASSED [ 56%]
tests/test_protein_local_reductions.py::test_edge_caller_missing_direction_and_member_limit[5-False-rbh] PASSED [ 56%]
tests/test_protein_local_reductions.py::test_edge_caller_missing_direction_and_member_limit[5-False-one_to_one] PASSED [ 56%]
tests/test_protein_local_reductions.py::test_edge_caller_missing_direction_and_member_limit[5-False-all] PASSED [ 56%]
tests/test_protein_local_reductions.py::test_edge_caller_missing_direction_and_member_limit[5-True-rbh] PASSED [ 56%]
tests/test_protein_local_reductions.py::test_edge_caller_missing_direction_and_member_limit[5-True-one_to_one] PASSED [ 56%]
tests/test_protein_local_reductions.py::test_edge_caller_missing_direction_and_member_limit[5-True-all] PASSED [ 56%]
tests/test_protein_local_reductions.py::test_edge_caller_missing_direction_and_member_limit[None-False-rbh] PASSED [ 56%]
tests/test_protein_local_reductions.py::test_edge_caller_missing_direction_and_member_limit[None-False-one_to_one] PASSED [ 56%]
tests/test_protein_local_reductions.py::test_edge_caller_missing_direction_and_member_limit[None-False-all] PASSED [ 56%]
tests/test_protein_local_reductions.py::test_edge_caller_missing_direction_and_member_limit[None-True-rbh] PASSED [ 56%]
tests/test_protein_local_reductions.py::test_edge_caller_missing_direction_and_member_limit[None-True-one_to_one] PASSED [ 56%]
tests/test_protein_local_reductions.py::test_edge_caller_missing_direction_and_member_limit[None-True-all] PASSED [ 56%]
tests/test_protein_local_reductions.py::test_public_numeric_rejection_exact_type_message[bad-identity] PASSED [ 56%]
tests/test_protein_local_reductions.py::test_public_numeric_rejection_exact_type_message[bad-alignment_length] PASSED [ 56%]
tests/test_protein_local_reductions.py::test_public_numeric_rejection_exact_type_message[bad-mismatches] PASSED [ 56%]
tests/test_protein_local_reductions.py::test_public_numeric_rejection_exact_type_message[bad-gap_opens] PASSED [ 56%]
tests/test_protein_local_reductions.py::test_public_numeric_rejection_exact_type_message[bad-qstart] PASSED [ 57%]
tests/test_protein_local_reductions.py::test_public_numeric_rejection_exact_type_message[bad-qend] PASSED [ 57%]
tests/test_protein_local_reductions.py::test_public_numeric_rejection_exact_type_message[bad-sstart] PASSED [ 57%]
tests/test_protein_local_reductions.py::test_public_numeric_rejection_exact_type_message[bad-send] PASSED [ 57%]
tests/test_protein_local_reductions.py::test_public_numeric_rejection_exact_type_message[bad-evalue] PASSED [ 57%]
tests/test_protein_local_reductions.py::test_public_numeric_rejection_exact_type_message[bad-bitscore] PASSED [ 57%]
tests/test_protein_local_reductions.py::test_public_numeric_rejection_exact_type_message[None-identity] PASSED [ 57%]
tests/test_protein_local_reductions.py::test_public_numeric_rejection_exact_type_message[None-alignment_length] PASSED [ 57%]
tests/test_protein_local_reductions.py::test_public_numeric_rejection_exact_type_message[None-mismatches] PASSED [ 57%]
tests/test_protein_local_reductions.py::test_public_numeric_rejection_exact_type_message[None-gap_opens] PASSED [ 57%]
tests/test_protein_local_reductions.py::test_public_numeric_rejection_exact_type_message[None-qstart] PASSED [ 57%]
tests/test_protein_local_reductions.py::test_public_numeric_rejection_exact_type_message[None-qend] PASSED [ 57%]
tests/test_protein_local_reductions.py::test_public_numeric_rejection_exact_type_message[None-sstart] PASSED [ 57%]
tests/test_protein_local_reductions.py::test_public_numeric_rejection_exact_type_message[None-send] PASSED [ 57%]
tests/test_protein_local_reductions.py::test_public_numeric_rejection_exact_type_message[None-evalue] PASSED [ 57%]
tests/test_protein_local_reductions.py::test_public_numeric_rejection_exact_type_message[None-bitscore] PASSED [ 57%]
tests/test_protein_local_reductions.py::test_public_numeric_rejection_exact_type_message[nan-identity] PASSED [ 57%]
tests/test_protein_local_reductions.py::test_public_numeric_rejection_exact_type_message[nan-alignment_length] PASSED [ 57%]
tests/test_protein_local_reductions.py::test_public_numeric_rejection_exact_type_message[nan-mismatches] PASSED [ 57%]
tests/test_protein_local_reductions.py::test_public_numeric_rejection_exact_type_message[nan-gap_opens] PASSED [ 57%]
tests/test_protein_local_reductions.py::test_public_numeric_rejection_exact_type_message[nan-qstart] PASSED [ 57%]
tests/test_protein_local_reductions.py::test_public_numeric_rejection_exact_type_message[nan-qend] PASSED [ 58%]
tests/test_protein_local_reductions.py::test_public_numeric_rejection_exact_type_message[nan-sstart] PASSED [ 58%]
tests/test_protein_local_reductions.py::test_public_numeric_rejection_exact_type_message[nan-send] PASSED [ 58%]
tests/test_protein_local_reductions.py::test_public_numeric_rejection_exact_type_message[nan-evalue] PASSED [ 58%]
tests/test_protein_local_reductions.py::test_public_numeric_rejection_exact_type_message[nan-bitscore] PASSED [ 58%]
tests/test_protein_local_reductions.py::test_public_numeric_rejection_exact_type_message[inf-identity] PASSED [ 58%]
tests/test_protein_local_reductions.py::test_public_numeric_rejection_exact_type_message[inf-alignment_length] PASSED [ 58%]
tests/test_protein_local_reductions.py::test_public_numeric_rejection_exact_type_message[inf-mismatches] PASSED [ 58%]
tests/test_protein_local_reductions.py::test_public_numeric_rejection_exact_type_message[inf-gap_opens] PASSED [ 58%]
tests/test_protein_local_reductions.py::test_public_numeric_rejection_exact_type_message[inf-qstart] PASSED [ 58%]
tests/test_protein_local_reductions.py::test_public_numeric_rejection_exact_type_message[inf-qend] PASSED [ 58%]
tests/test_protein_local_reductions.py::test_public_numeric_rejection_exact_type_message[inf-sstart] PASSED [ 58%]
tests/test_protein_local_reductions.py::test_public_numeric_rejection_exact_type_message[inf-send] PASSED [ 58%]
tests/test_protein_local_reductions.py::test_public_numeric_rejection_exact_type_message[inf-evalue] PASSED [ 58%]
tests/test_protein_local_reductions.py::test_public_numeric_rejection_exact_type_message[inf-bitscore] PASSED [ 58%]
tests/test_protein_local_reductions.py::test_public_numeric_rejection_exact_type_message[-inf-identity] PASSED [ 58%]
tests/test_protein_local_reductions.py::test_public_numeric_rejection_exact_type_message[-inf-alignment_length] PASSED [ 58%]
tests/test_protein_local_reductions.py::test_public_numeric_rejection_exact_type_message[-inf-mismatches] PASSED [ 58%]
tests/test_protein_local_reductions.py::test_public_numeric_rejection_exact_type_message[-inf-gap_opens] PASSED [ 58%]
tests/test_protein_local_reductions.py::test_public_numeric_rejection_exact_type_message[-inf-qstart] PASSED [ 58%]
tests/test_protein_local_reductions.py::test_public_numeric_rejection_exact_type_message[-inf-qend] PASSED [ 58%]
tests/test_protein_local_reductions.py::test_public_numeric_rejection_exact_type_message[-inf-sstart] PASSED [ 59%]
tests/test_protein_local_reductions.py::test_public_numeric_rejection_exact_type_message[-inf-send] PASSED [ 59%]
tests/test_protein_local_reductions.py::test_public_numeric_rejection_exact_type_message[-inf-evalue] PASSED [ 59%]
tests/test_protein_local_reductions.py::test_public_numeric_rejection_exact_type_message[-inf-bitscore] PASSED [ 59%]
tests/test_protein_local_reductions.py::test_selector_empty_and_validation_order[empty] PASSED [ 59%]
tests/test_protein_local_reductions.py::test_selector_empty_and_validation_order[missing_columns] PASSED [ 59%]
tests/test_protein_local_reductions.py::test_selector_empty_and_validation_order[empty_missing_columns] PASSED [ 59%]
tests/test_protein_local_reductions.py::test_removed_member_copies_pair_dedup_and_full_row_conversion PASSED [ 59%]
tests/test_protein_local_reductions.py::test_record_bucket_top_one_and_stable_evidence_rank_oracle PASSED [ 59%]
tests/test_protein_local_reductions.py::test_evidence_sorts_and_rank_evaluations_reduced[sparse-2] PASSED [ 59%]
tests/test_protein_local_reductions.py::test_evidence_sorts_and_rank_evaluations_reduced[dense-4] PASSED [ 59%]
tests/test_protein_local_reductions.py::test_evidence_sorts_and_rank_evaluations_reduced[support-edges] PASSED [ 59%]
tests/test_protein_local_reductions.py::test_complete_collinear_result_differential[sparse-2-False-rbh-auto-1-False-adjacent-s076] PASSED [ 59%]
tests/test_protein_local_reductions.py::test_complete_collinear_result_differential[sparse-2-False-rbh-auto-1-False-adjacent-s077] PASSED [ 59%]
tests/test_protein_local_reductions.py::test_complete_collinear_result_differential[sparse-2-False-rbh-auto-1-False-all-s076] PASSED [ 59%]
tests/test_protein_local_reductions.py::test_complete_collinear_result_differential[sparse-2-False-rbh-auto-1-False-all-s077] PASSED [ 59%]
tests/test_protein_local_reductions.py::test_complete_collinear_result_differential[sparse-2-False-rbh-auto-1-True-adjacent-s076] PASSED [ 59%]
tests/test_protein_local_reductions.py::test_complete_collinear_result_differential[sparse-2-False-rbh-auto-1-True-adjacent-s077] PASSED [ 59%]
tests/test_protein_local_reductions.py::test_complete_collinear_result_differential[sparse-2-False-rbh-auto-1-True-all-s076] PASSED [ 59%]
tests/test_protein_local_reductions.py::test_complete_collinear_result_differential[sparse-2-False-rbh-auto-1-True-all-s077] PASSED [ 59%]
tests/test_protein_local_reductions.py::test_complete_collinear_result_differential[sparse-2-False-rbh-auto-5-False-adjacent-s076] PASSED [ 59%]
tests/test_protein_local_reductions.py::test_complete_collinear_result_differential[sparse-2-False-rbh-auto-5-False-adjacent-s077] PASSED [ 60%]
tests/test_protein_local_reductions.py::test_complete_collinear_result_differential[sparse-2-False-rbh-auto-5-False-all-s076] PASSED [ 60%]
tests/test_protein_local_reductions.py::test_complete_collinear_result_differential[sparse-2-False-rbh-auto-5-False-all-s077] PASSED [ 60%]
tests/test_protein_local_reductions.py::test_complete_collinear_result_differential[sparse-2-False-rbh-auto-5-True-adjacent-s076] PASSED [ 60%]
tests/test_protein_local_reductions.py::test_complete_collinear_result_differential[sparse-2-False-rbh-auto-5-True-adjacent-s077] PASSED [ 60%]
tests/test_protein_local_reductions.py::test_complete_collinear_result_differential[sparse-2-False-rbh-auto-5-True-all-s076] PASSED [ 60%]
tests/test_protein_local_reductions.py::test_complete_collinear_result_differential[sparse-2-False-rbh-auto-5-True-all-s077] PASSED [ 60%]
tests/test_protein_local_reductions.py::test_complete_collinear_result_differential[sparse-2-False-rbh-auto-None-False-adjacent-s076] PASSED [ 60%]
tests/test_protein_local_reductions.py::test_complete_collinear_result_differential[sparse-2-False-rbh-auto-None-False-adjacent-s077] PASSED [ 60%]
tests/test_protein_local_reductions.py::test_complete_collinear_result_differential[sparse-2-False-rbh-auto-None-False-all-s076] PASSED [ 60%]
tests/test_protein_local_reductions.py::test_complete_collinear_result_differential[sparse-2-False-rbh-auto-None-False-all-s077] PASSED [ 60%]
tests/test_protein_local_reductions.py::test_complete_collinear_result_differential[sparse-2-False-rbh-auto-None-True-adjacent-s076] PASSED [ 60%]
tests/test_protein_local_reductions.py::test_complete_collinear_result_differential[sparse-2-False-rbh-auto-None-True-adjacent-s077] PASSED [ 60%]
tests/test_protein_local_reductions.py::test_complete_collinear_result_differential[sparse-2-False-rbh-auto-None-True-all-s076] PASSED [ 60%]
tests/test_protein_local_reductions.py::test_complete_collinear_result_differential[sparse-2-False-rbh-auto-None-True-all-s077] PASSED [ 60%]
tests/test_protein_local_reductions.py::test_complete_collinear_result_differential[sparse-2-False-rbh-cds-1-False-adjacent-s076] PASSED [ 60%]
tests/test_protein_local_reductions.py::test_complete_collinear_result_differential[sparse-2-False-rbh-cds-1-False-adjacent-s077] PASSED [ 60%]
tests/test_protein_local_reductions.py::test_complete_collinear_result_differential[sparse-2-False-rbh-cds-1-False-all-s076] PASSED [ 60%]
tests/test_protein_local_reductions.py::test_complete_collinear_result_differential[sparse-2-False-rbh-cds-1-False-all-s077] PASSED [ 60%]
tests/test_protein_local_reductions.py::test_complete_collinear_result_differential[sparse-2-False-rbh-cds-1-True-adjacent-s076] PASSED [ 60%]
tests/test_protein_local_reductions.py::test_complete_collinear_result_differential[sparse-2-False-rbh-cds-1-True-adjacent-s077] PASSED [ 60%]
tests/test_protein_local_reductions.py::test_complete_collinear_result_differential[sparse-2-False-rbh-cds-1-True-all-s076] PASSED [ 61%]
tests/test_protein_local_reductions.py::test_complete_collinear_result_differential[sparse-2-False-rbh-cds-1-True-all-s077] PASSED [ 61%]
tests/test_protein_local_reductions.py::test_complete_collinear_result_differential[sparse-2-False-rbh-cds-5-False-adjacent-s076] PASSED [ 61%]
tests/test_protein_local_reductions.py::test_complete_collinear_result_differential[sparse-2-False-rbh-cds-5-False-adjacent-s077] PASSED [ 61%]
tests/test_protein_local_reductions.py::test_complete_collinear_result_differential[sparse-2-False-rbh-cds-5-False-all-s076] PASSED [ 61%]
tests/test_protein_local_reductions.py::test_complete_collinear_result_differential[sparse-2-False-rbh-cds-5-False-all-s077] PASSED [ 61%]
tests/test_protein_local_reductions.py::test_complete_collinear_result_differential[sparse-2-False-rbh-cds-5-True-adjacent-s076] PASSED [ 61%]
tests/test_protein_local_reductions.py::test_complete_collinear_result_differential[sparse-2-False-rbh-cds-5-True-adjacent-s077] PASSED [ 61%]
tests/test_protein_local_reductions.py::test_complete_collinear_result_differential[sparse-2-False-rbh-cds-5-True-all-s076] PASSED [ 61%]
tests/test_protein_local_reductions.py::test_complete_collinear_result_differential[sparse-2-False-rbh-cds-5-True-all-s077] PASSED [ 61%]
tests/test_protein_local_reductions.py::test_complete_collinear_result_differential[sparse-2-False-rbh-cds-None-False-adjacent-s076] PASSED [ 61%]
tests/test_protein_local_reductions.py::test_complete_collinear_result_differential[sparse-2-False-rbh-cds-None-False-adjacent-s077] PASSED [ 61%]
tests/test_protein_local_reductions.py::test_complete_collinear_result_differential[sparse-2-False-rbh-cds-None-False-all-s076] PASSED [ 61%]
tests/test_protein_local_reductions.py::test_complete_collinear_result_differential[sparse-2-False-rbh-cds-None-False-all-s077] PASSED [ 61%]
tests/test_protein_local_reductions.py::test_complete_collinear_result_differential[sparse-2-False-rbh-cds-None-True-adjacent-s076] PASSED [ 61%]
tests/test_protein_local_reductions.py::test_complete_collinear_result_differential[sparse-2-False-rbh-cds-None-True-adjacent-s077] PASSED [ 61%]
tests/test_protein_local_reductions.py::test_complete_collinear_result_differential[sparse-2-False-rbh-cds-None-True-all-s076] PASSED [ 61%]
tests/test_protein_local_reductions.py::test_complete_collinear_result_differential[sparse-2-False-rbh-cds-None-True-all-s077] PASSED [ 61%]
tests/test_protein_local_reductions.py::test_complete_collinear_result_differential[sparse-2-False-rbh-locus-1-False-adjacent-s076] PASSED [ 61%]
tests/test_protein_local_reductions.py::test_complete_collinear_result_differential[sparse-2-False-rbh-locus-1-False-adjacent-s077] PASSED [ 61%]
tests/test_protein_local_reductions.py::test_complete_collinear_result_differential[sparse-2-False-rbh-locus-1-False-all-s076] PASSED [ 61%]
tests/test_protein_local_reductions.py::test_complete_collinear_result_differential[sparse-2-False-rbh-locus-1-False-all-s077] PASSED [ 62%]
tests/test_protein_local_reductions.py::test_complete_collinear_result_differential[sparse-2-False-rbh-locus-1-True-adjacent-s076] PASSED [ 62%]
tests/test_protein_local_reductions.py::test_complete_collinear_result_differential[sparse-2-False-rbh-locus-1-True-adjacent-s077] PASSED [ 62%]
tests/test_protein_local_reductions.py::test_complete_collinear_result_differential[sparse-2-False-rbh-locus-1-True-all-s076] PASSED [ 62%]
tests/test_protein_local_reductions.py::test_complete_collinear_result_differential[sparse-2-False-rbh-locus-1-True-all-s077] PASSED [ 62%]
tests/test_protein_local_reductions.py::test_complete_collinear_result_differential[sparse-2-False-rbh-locus-5-False-adjacent-s076] PASSED [ 62%]
tests/test_protein_local_reductions.py::test_complete_collinear_result_differential[sparse-2-False-rbh-locus-5-False-adjacent-s077] PASSED [ 62%]
tests/test_protein_local_reductions.py::test_complete_collinear_result_differential[sparse-2-False-rbh-locus-5-False-all-s076] PASSED [ 62%]
tests/test_protein_local_reductions.py::test_complete_collinear_result_differential[sparse-2-False-rbh-locus-5-False-all-s077] PASSED [ 62%]
tests/test_protein_local_reductions.py::test_complete_collinear_result_differential[sparse-2-False-rbh-locus-5-True-adjacent-s076] PASSED [ 62%]
tests/test_protein_local_reductions.py::test_complete_collinear_result_differential[sparse-2-False-rbh-locus-5-True-adjacent-s077] PASSED [ 62%]
tests/test_protein_local_reductions.py::test_complete_collinear_result_differential[sparse-2-False-rbh-locus-5-True-all-s076] PASSED [ 62%]
tests/test_protein_local_reductions.py::test_complete_collinear_result_differential[sparse-2-False-rbh-locus-5-True-all-s077] PASSED [ 62%]
tests/test_protein_local_reductions.py::test_complete_collinear_result_differential[sparse-2-False-rbh-locus-None-False-adjacent-s076] PASSED [ 62%]
tests/test_protein_local_reductions.py::test_complete_collinear_result_differential[sparse-2-False-rbh-locus-None-False-adjacent-s077] PASSED [ 62%]
tests/test_protein_local_reductions.py::test_complete_collinear_result_differential[sparse-2-False-rbh-locus-None-False-all-s076] PASSED [ 62%]
tests/test_protein_local_reductions.py::test_complete_collinear_result_differential[sparse-2-False-rbh-locus-None-False-all-s077] PASSED [ 62%]
tests/test_protein_local_reductions.py::test_complete_collinear_result_differential[sparse-2-False-rbh-locus-None-True-adjacent-s076] PASSED [ 62%]
tests/test_protein_local_reductions.py::test_complete_collinear_result_differential[sparse-2-False-rbh-locus-None-True-adjacent-s077] PASSED [ 62%]
tests/test_protein_local_reductions.py::test_complete_collinear_result_differential[sparse-2-False-rbh-locus-None-True-all-s076] PASSED [ 62%]
tests/test_protein_local_reductions.py::test_complete_collinear_result_differential[sparse-2-False-rbh-locus-None-True-all-s077] PASSED [ 62%]
tests/test_protein_local_reductions.py::test_complete_collinear_result_differential[sparse-2-False-one_to_one-auto-1-False-adjacent-s076] PASSED [ 63%]
tests/test_protein_local_reductions.py::test_complete_collinear_result_differential[sparse-2-False-one_to_one-auto-1-False-adjacent-s077] PASSED [ 63%]
tests/test_protein_local_reductions.py::test_complete_collinear_result_differential[sparse-2-False-one_to_one-auto-1-False-all-s076] PASSED [ 63%]
tests/test_protein_local_reductions.py::test_complete_collinear_result_differential[sparse-2-False-one_to_one-auto-1-False-all-s077] PASSED [ 63%]
tests/test_protein_local_reductions.py::test_complete_collinear_result_differential[sparse-2-False-one_to_one-auto-1-True-adjacent-s076] PASSED [ 63%]
tests/test_protein_local_reductions.py::test_complete_collinear_result_differential[sparse-2-False-one_to_one-auto-1-True-adjacent-s077] PASSED [ 63%]
tests/test_protein_local_reductions.py::test_complete_collinear_result_differential[sparse-2-False-one_to_one-auto-1-True-all-s076] PASSED [ 63%]
tests/test_protein_local_reductions.py::test_complete_collinear_result_differential[sparse-2-False-one_to_one-auto-1-True-all-s077] PASSED [ 63%]
tests/test_protein_local_reductions.py::test_complete_collinear_result_differential[sparse-2-False-one_to_one-auto-5-False-adjacent-s076] PASSED [ 63%]
tests/test_protein_local_reductions.py::test_complete_collinear_result_differential[sparse-2-False-one_to_one-auto-5-False-adjacent-s077] PASSED [ 63%]
tests/test_protein_local_reductions.py::test_complete_collinear_result_differential[sparse-2-False-one_to_one-auto-5-False-all-s076] PASSED [ 63%]
tests/test_protein_local_reductions.py::test_complete_collinear_result_differential[sparse-2-False-one_to_one-auto-5-False-all-s077] PASSED [ 63%]
tests/test_protein_local_reductions.py::test_complete_collinear_result_differential[sparse-2-False-one_to_one-auto-5-True-adjacent-s076] PASSED [ 63%]
tests/test_protein_local_reductions.py::test_complete_collinear_result_differential[sparse-2-False-one_to_one-auto-5-True-adjacent-s077] PASSED [ 63%]
tests/test_protein_local_reductions.py::test_complete_collinear_result_differential[sparse-2-False-one_to_one-auto-5-True-all-s076] PASSED [ 63%]
tests/test_protein_local_reductions.py::test_complete_collinear_result_differential[sparse-2-False-one_to_one-auto-5-True-all-s077] PASSED [ 63%]
tests/test_protein_local_reductions.py::test_complete_collinear_result_differential[sparse-2-False-one_to_one-auto-None-False-adjacent-s076] PASSED [ 63%]
tests/test_protein_local_reductions.py::test_complete_collinear_result_differential[sparse-2-False-one_to_one-auto-None-False-adjacent-s077] PASSED [ 63%]
tests/test_protein_local_reductions.py::test_complete_collinear_result_differential[sparse-2-False-one_to_one-auto-None-False-all-s076] PASSED [ 63%]
tests/test_protein_local_reductions.py::test_complete_collinear_result_differential[sparse-2-False-one_to_one-auto-None-False-all-s077] PASSED [ 63%]
tests/test_protein_local_reductions.py::test_complete_collinear_result_differential[sparse-2-False-one_to_one-auto-None-True-adjacent-s076] PASSED [ 63%]
tests/test_protein_local_reductions.py::test_complete_collinear_result_differential[sparse-2-False-one_to_one-auto-None-True-adjacent-s077] PASSED [ 64%]
tests/test_protein_local_reductions.py::test_complete_collinear_result_differential[sparse-2-False-one_to_one-auto-None-True-all-s076] PASSED [ 64%]
tests/test_protein_local_reductions.py::test_complete_collinear_result_differential[sparse-2-False-one_to_one-auto-None-True-all-s077] PASSED [ 64%]
tests/test_protein_local_reductions.py::test_complete_collinear_result_differential[sparse-2-False-one_to_one-cds-1-False-adjacent-s076] PASSED [ 64%]
tests/test_protein_local_reductions.py::test_complete_collinear_result_differential[sparse-2-False-one_to_one-cds-1-False-adjacent-s077] PASSED [ 64%]
tests/test_protein_local_reductions.py::test_complete_collinear_result_differential[sparse-2-False-one_to_one-cds-1-False-all-s076] PASSED [ 64%]
tests/test_protein_local_reductions.py::test_complete_collinear_result_differential[sparse-2-False-one_to_one-cds-1-False-all-s077] PASSED [ 64%]
tests/test_protein_local_reductions.py::test_complete_collinear_result_differential[sparse-2-False-one_to_one-cds-1-True-adjacent-s076] PASSED [ 64%]
tests/test_protein_local_reductions.py::test_complete_collinear_result_differential[sparse-2-False-one_to_one-cds-1-True-adjacent-s077] PASSED [ 64%]
tests/test_protein_local_reductions.py::test_complete_collinear_result_differential[sparse-2-False-one_to_one-cds-1-True-all-s076] PASSED [ 64%]
tests/test_protein_local_reductions.py::test_complete_collinear_result_differential[sparse-2-False-one_to_one-cds-1-True-all-s077] PASSED [ 64%]
tests/test_protein_local_reductions.py::test_complete_collinear_result_differential[sparse-2-False-one_to_one-cds-5-False-adjacent-s076] PASSED [ 64%]
tests/test_protein_local_reductions.py::test_complete_collinear_result_differential[sparse-2-False-one_to_one-cds-5-False-adjacent-s077] PASSED [ 64%]
tests/test_protein_local_reductions.py::test_complete_collinear_result_differential[sparse-2-False-one_to_one-cds-5-False-all-s076] PASSED [ 64%]
tests/test_protein_local_reductions.py::test_complete_collinear_result_differential[sparse-2-False-one_to_one-cds-5-False-all-s077] PASSED [ 64%]
tests/test_protein_local_reductions.py::test_complete_collinear_result_differential[sparse-2-False-one_to_one-cds-5-True-adjacent-s076] PASSED [ 64%]
tests/test_protein_local_reductions.py::test_complete_collinear_result_differential[sparse-2-False-one_to_one-cds-5-True-adjacent-s077] PASSED [ 64%]
tests/test_protein_local_reductions.py::test_complete_collinear_result_differential[sparse-2-False-one_to_one-cds-5-True-all-s076] PASSED [ 64%]
tests/test_protein_local_reductions.py::test_complete_collinear_result_differential[sparse-2-False-one_to_one-cds-5-True-all-s077] PASSED [ 64%]
tests/test_protein_local_reductions.py::test_complete_collinear_result_differential[sparse-2-False-one_to_one-cds-None-False-adjacent-s076] PASSED [ 64%]
tests/test_protein_local_reductions.py::test_complete_collinear_result_differential[sparse-2-False-one_to_one-cds-None-False-adjacent-s077] PASSED [ 64%]
tests/test_protein_local_reductions.py::test_complete_collinear_result_differential[sparse-2-False-one_to_one-cds-None-False-all-s076] PASSED [ 65%]
tests/test_protein_local_reductions.py::test_complete_collinear_result_differential[sparse-2-False-one_to_one-cds-None-False-all-s077] PASSED [ 65%]
tests/test_protein_local_reductions.py::test_complete_collinear_result_differential[sparse-2-False-one_to_one-cds-None-True-adjacent-s076] PASSED [ 65%]
tests/test_protein_local_reductions.py::test_complete_collinear_result_differential[sparse-2-False-one_to_one-cds-None-True-adjacent-s077] PASSED [ 65%]
tests/test_protein_local_reductions.py::test_complete_collinear_result_differential[sparse-2-False-one_to_one-cds-None-True-all-s076] PASSED [ 65%]
tests/test_protein_local_reductions.py::test_complete_collinear_result_differential[sparse-2-False-one_to_one-cds-None-True-all-s077] PASSED [ 65%]
tests/test_protein_local_reductions.py::test_complete_collinear_result_differential[sparse-2-False-one_to_one-locus-1-False-adjacent-s076] PASSED [ 65%]
tests/test_protein_local_reductions.py::test_complete_collinear_result_differential[sparse-2-False-one_to_one-locus-1-False-adjacent-s077] PASSED [ 65%]
tests/test_protein_local_reductions.py::test_complete_collinear_result_differential[sparse-2-False-one_to_one-locus-1-False-all-s076] PASSED [ 65%]
tests/test_protein_local_reductions.py::test_complete_collinear_result_differential[sparse-2-False-one_to_one-locus-1-False-all-s077] PASSED [ 65%]
tests/test_protein_local_reductions.py::test_complete_collinear_result_differential[sparse-2-False-one_to_one-locus-1-True-adjacent-s076] PASSED [ 65%]
tests/test_protein_local_reductions.py::test_complete_collinear_result_differential[sparse-2-False-one_to_one-locus-1-True-adjacent-s077] PASSED [ 65%]
tests/test_protein_local_reductions.py::test_complete_collinear_result_differential[sparse-2-False-one_to_one-locus-1-True-all-s076] PASSED [ 65%]
tests/test_protein_local_reductions.py::test_complete_collinear_result_differential[sparse-2-False-one_to_one-locus-1-True-all-s077] PASSED [ 65%]
tests/test_protein_local_reductions.py::test_complete_collinear_result_differential[sparse-2-False-one_to_one-locus-5-False-adjacent-s076] PASSED [ 65%]
tests/test_protein_local_reductions.py::test_complete_collinear_result_differential[sparse-2-False-one_to_one-locus-5-False-adjacent-s077] PASSED [ 65%]
tests/test_protein_local_reductions.py::test_complete_collinear_result_differential[sparse-2-False-one_to_one-locus-5-False-all-s076] PASSED [ 65%]
tests/test_protein_local_reductions.py::test_complete_collinear_result_differential[sparse-2-False-one_to_one-locus-5-False-all-s077] PASSED [ 65%]
tests/test_protein_local_reductions.py::test_complete_collinear_result_differential[sparse-2-False-one_to_one-locus-5-True-adjacent-s076] PASSED [ 65%]
tests/test_protein_local_reductions.py::test_complete_collinear_result_differential[sparse-2-False-one_to_one-locus-5-True-adjacent-s077] PASSED [ 65%]
tests/test_protein_local_reductions.py::test_complete_collinear_result_differential[sparse-2-False-one_to_one-locus-5-True-all-s076] PASSED [ 65%]
tests/test_protein_local_reductions.py::test_complete_collinear_result_differential[sparse-2-False-one_to_one-locus-5-True-all-s077] PASSED [ 66%]
tests/test_protein_local_reductions.py::test_complete_collinear_result_differential[sparse-2-False-one_to_one-locus-None-False-adjacent-s076] PASSED [ 66%]
tests/test_protein_local_reductions.py::test_complete_collinear_result_differential[sparse-2-False-one_to_one-locus-None-False-adjacent-s077] PASSED [ 66%]
tests/test_protein_local_reductions.py::test_complete_collinear_result_differential[sparse-2-False-one_to_one-locus-None-False-all-s076] PASSED [ 66%]
tests/test_protein_local_reductions.py::test_complete_collinear_result_differential[sparse-2-False-one_to_one-locus-None-False-all-s077] PASSED [ 66%]
tests/test_protein_local_reductions.py::test_complete_collinear_result_differential[sparse-2-False-one_to_one-locus-None-True-adjacent-s076] PASSED [ 66%]
tests/test_protein_local_reductions.py::test_complete_collinear_result_differential[sparse-2-False-one_to_one-locus-None-True-adjacent-s077] PASSED [ 66%]
tests/test_protein_local_reductions.py::test_complete_collinear_result_differential[sparse-2-False-one_to_one-locus-None-True-all-s076] PASSED [ 66%]
tests/test_protein_local_reductions.py::test_complete_collinear_result_differential[sparse-2-False-one_to_one-locus-None-True-all-s077] PASSED [ 66%]
tests/test_protein_local_reductions.py::test_complete_collinear_result_differential[sparse-2-False-all-auto-1-False-adjacent-s076] PASSED [ 66%]
tests/test_protein_local_reductions.py::test_complete_collinear_result_differential[sparse-2-False-all-auto-1-False-adjacent-s077] PASSED [ 66%]
tests/test_protein_local_reductions.py::test_complete_collinear_result_differential[sparse-2-False-all-auto-1-False-all-s076] PASSED [ 66%]
tests/test_protein_local_reductions.py::test_complete_collinear_result_differential[sparse-2-False-all-auto-1-False-all-s077] PASSED [ 66%]
tests/test_protein_local_reductions.py::test_complete_collinear_result_differential[sparse-2-False-all-auto-1-True-adjacent-s076] PASSED [ 66%]
tests/test_protein_local_reductions.py::test_complete_collinear_result_differential[sparse-2-False-all-auto-1-True-adjacent-s077] PASSED [ 66%]
tests/test_protein_local_reductions.py::test_complete_collinear_result_differential[sparse-2-False-all-auto-1-True-all-s076] PASSED [ 66%]
tests/test_protein_local_reductions.py::test_complete_collinear_result_differential[sparse-2-False-all-auto-1-True-all-s077] PASSED [ 66%]
tests/test_protein_local_reductions.py::test_complete_collinear_result_differential[sparse-2-False-all-auto-5-False-adjacent-s076] PASSED [ 66%]
tests/test_protein_local_reductions.py::test_complete_collinear_result_differential[sparse-2-False-all-auto-5-False-adjacent-s077] PASSED [ 66%]
tests/test_protein_local_reductions.py::test_complete_collinear_result_differential[sparse-2-False-all-auto-5-False-all-s076] PASSED [ 66%]
tests/test_protein_local_reductions.py::test_complete_collinear_result_differential[sparse-2-False-all-auto-5-False-all-s077] PASSED [ 66%]
tests/test_protein_local_reductions.py::test_complete_collinear_result_differential[sparse-2-False-all-auto-5-True-adjacent-s076] PASSED [ 66%]
tests/test_protein_local_reductions.py::test_complete_collinear_result_differential[sparse-2-False-all-auto-5-True-adjacent-s077] PASSED [ 67%]
tests/test_protein_local_reductions.py::test_complete_collinear_result_differential[sparse-2-False-all-auto-5-True-all-s076] PASSED [ 67%]
tests/test_protein_local_reductions.py::test_complete_collinear_result_differential[sparse-2-False-all-auto-5-True-all-s077] PASSED [ 67%]
tests/test_protein_local_reductions.py::test_complete_collinear_result_differential[sparse-2-False-all-auto-None-False-adjacent-s076] PASSED [ 67%]
tests/test_protein_local_reductions.py::test_complete_collinear_result_differential[sparse-2-False-all-auto-None-False-adjacent-s077] PASSED [ 67%]
tests/test_protein_local_reductions.py::test_complete_collinear_result_differential[sparse-2-False-all-auto-None-False-all-s076] PASSED [ 67%]
tests/test_protein_local_reductions.py::test_complete_collinear_result_differential[sparse-2-False-all-auto-None-False-all-s077] PASSED [ 67%]
tests/test_protein_local_reductions.py::test_complete_collinear_result_differential[sparse-2-False-all-auto-None-True-adjacent-s076] PASSED [ 67%]
tests/test_protein_local_reductions.py::test_complete_collinear_result_differential[sparse-2-False-all-auto-None-True-adjacent-s077] PASSED [ 67%]
tests/test_protein_local_reductions.py::test_complete_collinear_result_differential[sparse-2-False-all-auto-None-True-all-s076] PASSED [ 67%]
tests/test_protein_local_reductions.py::test_complete_collinear_result_differential[sparse-2-False-all-auto-None-True-all-s077] PASSED [ 67%]
tests/test_protein_local_reductions.py::test_complete_collinear_result_differential[sparse-2-False-all-cds-1-False-adjacent-s076] PASSED [ 67%]
tests/test_protein_local_reductions.py::test_complete_collinear_result_differential[sparse-2-False-all-cds-1-False-adjacent-s077] PASSED [ 67%]
tests/test_protein_local_reductions.py::test_complete_collinear_result_differential[sparse-2-False-all-cds-1-False-all-s076] PASSED [ 67%]
tests/test_protein_local_reductions.py::test_complete_collinear_result_differential[sparse-2-False-all-cds-1-False-all-s077] PASSED [ 67%]
tests/test_protein_local_reductions.py::test_complete_collinear_result_differential[sparse-2-False-all-cds-1-True-adjacent-s076] PASSED [ 67%]
tests/test_protein_local_reductions.py::test_complete_collinear_result_differential[sparse-2-False-all-cds-1-True-adjacent-s077] PASSED [ 67%]
tests/test_protein_local_reductions.py::test_complete_collinear_result_differential[sparse-2-False-all-cds-1-True-all-s076] PASSED [ 67%]
tests/test_protein_local_reductions.py::test_complete_collinear_result_differential[sparse-2-False-all-cds-1-True-all-s077] PASSED [ 67%]
tests/test_protein_local_reductions.py::test_complete_collinear_result_differential[sparse-2-False-all-cds-5-False-adjacent-s076] PASSED [ 67%]
tests/test_protein_local_reductions.py::test_complete_collinear_result_differential[sparse-2-False-all-cds-5-False-adjacent-s077] PASSED [ 67%]
tests/test_protein_local_reductions.py::test_complete_collinear_result_differential[sparse-2-False-all-cds-5-False-all-s076] PASSED [ 68%]
tests/test_protein_local_reductions.py::test_complete_collinear_result_differential[sparse-2-False-all-cds-5-False-all-s077] PASSED [ 68%]
tests/test_protein_local_reductions.py::test_complete_collinear_result_differential[sparse-2-False-all-cds-5-True-adjacent-s076] PASSED [ 68%]
tests/test_protein_local_reductions.py::test_complete_collinear_result_differential[sparse-2-False-all-cds-5-True-adjacent-s077] PASSED [ 68%]
tests/test_protein_local_reductions.py::test_complete_collinear_result_differential[sparse-2-False-all-cds-5-True-all-s076] PASSED [ 68%]
tests/test_protein_local_reductions.py::test_complete_collinear_result_differential[sparse-2-False-all-cds-5-True-all-s077] PASSED [ 68%]
tests/test_protein_local_reductions.py::test_complete_collinear_result_differential[sparse-2-False-all-cds-None-False-adjacent-s076] PASSED [ 68%]
tests/test_protein_local_reductions.py::test_complete_collinear_result_differential[sparse-2-False-all-cds-None-False-adjacent-s077] PASSED [ 68%]
tests/test_protein_local_reductions.py::test_complete_collinear_result_differential[sparse-2-False-all-cds-None-False-all-s076] PASSED [ 68%]
tests/test_protein_local_reductions.py::test_complete_collinear_result_differential[sparse-2-False-all-cds-None-False-all-s077] PASSED [ 68%]
tests/test_protein_local_reductions.py::test_complete_collinear_result_differential[sparse-2-False-all-cds-None-True-adjacent-s076] PASSED [ 68%]
tests/test_protein_local_reductions.py::test_complete_collinear_result_differential[sparse-2-False-all-cds-None-True-adjacent-s077] PASSED [ 68%]
tests/test_protein_local_reductions.py::test_complete_collinear_result_differential[sparse-2-False-all-cds-None-True-all-s076] PASSED [ 68%]
tests/test_protein_local_reductions.py::test_complete_collinear_result_differential[sparse-2-False-all-cds-None-True-all-s077] PASSED [ 68%]
tests/test_protein_local_reductions.py::test_complete_collinear_result_differential[sparse-2-False-all-locus-1-False-adjacent-s076] PASSED [ 68%]
tests/test_protein_local_reductions.py::test_complete_collinear_result_differential[sparse-2-False-all-locus-1-False-adjacent-s077] PASSED [ 68%]
tests/test_protein_local_reductions.py::test_complete_collinear_result_differential[sparse-2-False-all-locus-1-False-all-s076] PASSED [ 68%]
tests/test_protein_local_reductions.py::test_complete_collinear_result_differential[sparse-2-False-all-locus-1-False-all-s077] PASSED [ 68%]
tests/test_protein_local_reductions.py::test_complete_collinear_result_differential[sparse-2-False-all-locus-1-True-adjacent-s076] PASSED [ 68%]
tests/test_protein_local_reductions.py::test_complete_collinear_result_differential[sparse-2-False-all-locus-1-True-adjacent-s077] PASSED [ 68%]
tests/test_protein_local_reductions.py::test_complete_collinear_result_differential[sparse-2-False-all-locus-1-True-all-s076] PASSED [ 68%]
tests/test_protein_local_reductions.py::test_complete_collinear_result_differential[sparse-2-False-all-locus-1-True-all-s077] PASSED [ 69%]
tests/test_protein_local_reductions.py::test_complete_collinear_result_differential[sparse-2-False-all-locus-5-False-adjacent-s076] PASSED [ 69%]
tests/test_protein_local_reductions.py::test_complete_collinear_result_differential[sparse-2-False-all-locus-5-False-adjacent-s077] PASSED [ 69%]
tests/test_protein_local_reductions.py::test_complete_collinear_result_differential[sparse-2-False-all-locus-5-False-all-s076] PASSED [ 69%]
tests/test_protein_local_reductions.py::test_complete_collinear_result_differential[sparse-2-False-all-locus-5-False-all-s077] PASSED [ 69%]
tests/test_protein_local_reductions.py::test_complete_collinear_result_differential[sparse-2-False-all-locus-5-True-adjacent-s076] PASSED [ 69%]
tests/test_protein_local_reductions.py::test_complete_collinear_result_differential[sparse-2-False-all-locus-5-True-adjacent-s077] PASSED [ 69%]
tests/test_protein_local_reductions.py::test_complete_collinear_result_differential[sparse-2-False-all-locus-5-True-all-s076] PASSED [ 69%]
tests/test_protein_local_reductions.py::test_complete_collinear_result_differential[sparse-2-False-all-locus-5-True-all-s077] PASSED [ 69%]
tests/test_protein_local_reductions.py::test_complete_collinear_result_differential[sparse-2-False-all-locus-None-False-adjacent-s076] PASSED [ 69%]
tests/test_protein_local_reductions.py::test_complete_collinear_result_differential[sparse-2-False-all-locus-None-False-adjacent-s077] PASSED [ 69%]
tests/test_protein_local_reductions.py::test_complete_collinear_result_differential[sparse-2-False-all-locus-None-False-all-s076] PASSED [ 69%]
tests/test_protein_local_reductions.py::test_complete_collinear_result_differential[sparse-2-False-all-locus-None-False-all-s077] PASSED [ 69%]
tests/test_protein_local_reductions.py::test_complete_collinear_result_differential[sparse-2-False-all-locus-None-True-adjacent-s076] PASSED [ 69%]
tests/test_protein_local_reductions.py::test_complete_collinear_result_differential[sparse-2-False-all-locus-None-True-adjacent-s077] PASSED [ 69%]
tests/test_protein_local_reductions.py::test_complete_collinear_result_differential[sparse-2-False-all-locus-None-True-all-s076] PASSED [ 69%]
tests/test_protein_local_reductions.py::test_complete_collinear_result_differential[sparse-2-False-all-locus-None-True-all-s077] PASSED [ 69%]
tests/test_protein_local_reductions.py::test_complete_collinear_result_differential[dense-4-True-rbh-auto-1-False-adjacent-s076] PASSED [ 69%]
tests/test_protein_local_reductions.py::test_complete_collinear_result_differential[dense-4-True-rbh-auto-1-False-adjacent-s077] PASSED [ 69%]
tests/test_protein_local_reductions.py::test_complete_collinear_result_differential[dense-4-True-rbh-auto-1-False-all-s076] PASSED [ 69%]
tests/test_protein_local_reductions.py::test_complete_collinear_result_differential[dense-4-True-rbh-auto-1-False-all-s077] PASSED [ 69%]
tests/test_protein_local_reductions.py::test_complete_collinear_result_differential[dense-4-True-rbh-auto-1-True-adjacent-s076] PASSED [ 70%]
tests/test_protein_local_reductions.py::test_complete_collinear_result_differential[dense-4-True-rbh-auto-1-True-adjacent-s077] PASSED [ 70%]
tests/test_protein_local_reductions.py::test_complete_collinear_result_differential[dense-4-True-rbh-auto-1-True-all-s076] PASSED [ 70%]
tests/test_protein_local_reductions.py::test_complete_collinear_result_differential[dense-4-True-rbh-auto-1-True-all-s077] PASSED [ 70%]
tests/test_protein_local_reductions.py::test_complete_collinear_result_differential[dense-4-True-rbh-auto-5-False-adjacent-s076] PASSED [ 70%]
tests/test_protein_local_reductions.py::test_complete_collinear_result_differential[dense-4-True-rbh-auto-5-False-adjacent-s077] PASSED [ 70%]
tests/test_protein_local_reductions.py::test_complete_collinear_result_differential[dense-4-True-rbh-auto-5-False-all-s076] PASSED [ 70%]
tests/test_protein_local_reductions.py::test_complete_collinear_result_differential[dense-4-True-rbh-auto-5-False-all-s077] PASSED [ 70%]
tests/test_protein_local_reductions.py::test_complete_collinear_result_differential[dense-4-True-rbh-auto-5-True-adjacent-s076] PASSED [ 70%]
tests/test_protein_local_reductions.py::test_complete_collinear_result_differential[dense-4-True-rbh-auto-5-True-adjacent-s077] PASSED [ 70%]
tests/test_protein_local_reductions.py::test_complete_collinear_result_differential[dense-4-True-rbh-auto-5-True-all-s076] PASSED [ 70%]
tests/test_protein_local_reductions.py::test_complete_collinear_result_differential[dense-4-True-rbh-auto-5-True-all-s077] PASSED [ 70%]
tests/test_protein_local_reductions.py::test_complete_collinear_result_differential[dense-4-True-rbh-auto-None-False-adjacent-s076] PASSED [ 70%]
tests/test_protein_local_reductions.py::test_complete_collinear_result_differential[dense-4-True-rbh-auto-None-False-adjacent-s077] PASSED [ 70%]
tests/test_protein_local_reductions.py::test_complete_collinear_result_differential[dense-4-True-rbh-auto-None-False-all-s076] PASSED [ 70%]
tests/test_protein_local_reductions.py::test_complete_collinear_result_differential[dense-4-True-rbh-auto-None-False-all-s077] PASSED [ 70%]
tests/test_protein_local_reductions.py::test_complete_collinear_result_differential[dense-4-True-rbh-auto-None-True-adjacent-s076] PASSED [ 70%]
tests/test_protein_local_reductions.py::test_complete_collinear_result_differential[dense-4-True-rbh-auto-None-True-adjacent-s077] PASSED [ 70%]
tests/test_protein_local_reductions.py::test_complete_collinear_result_differential[dense-4-True-rbh-auto-None-True-all-s076] PASSED [ 70%]
tests/test_protein_local_reductions.py::test_complete_collinear_result_differential[dense-4-True-rbh-auto-None-True-all-s077] PASSED [ 70%]
tests/test_protein_local_reductions.py::test_complete_collinear_result_differential[dense-4-True-rbh-cds-1-False-adjacent-s076] PASSED [ 70%]
tests/test_protein_local_reductions.py::test_complete_collinear_result_differential[dense-4-True-rbh-cds-1-False-adjacent-s077] PASSED [ 71%]
tests/test_protein_local_reductions.py::test_complete_collinear_result_differential[dense-4-True-rbh-cds-1-False-all-s076] PASSED [ 71%]
tests/test_protein_local_reductions.py::test_complete_collinear_result_differential[dense-4-True-rbh-cds-1-False-all-s077] PASSED [ 71%]
tests/test_protein_local_reductions.py::test_complete_collinear_result_differential[dense-4-True-rbh-cds-1-True-adjacent-s076] PASSED [ 71%]
tests/test_protein_local_reductions.py::test_complete_collinear_result_differential[dense-4-True-rbh-cds-1-True-adjacent-s077] PASSED [ 71%]
tests/test_protein_local_reductions.py::test_complete_collinear_result_differential[dense-4-True-rbh-cds-1-True-all-s076] PASSED [ 71%]
tests/test_protein_local_reductions.py::test_complete_collinear_result_differential[dense-4-True-rbh-cds-1-True-all-s077] PASSED [ 71%]
tests/test_protein_local_reductions.py::test_complete_collinear_result_differential[dense-4-True-rbh-cds-5-False-adjacent-s076] PASSED [ 71%]
tests/test_protein_local_reductions.py::test_complete_collinear_result_differential[dense-4-True-rbh-cds-5-False-adjacent-s077] PASSED [ 71%]
tests/test_protein_local_reductions.py::test_complete_collinear_result_differential[dense-4-True-rbh-cds-5-False-all-s076] PASSED [ 71%]
tests/test_protein_local_reductions.py::test_complete_collinear_result_differential[dense-4-True-rbh-cds-5-False-all-s077] PASSED [ 71%]
tests/test_protein_local_reductions.py::test_complete_collinear_result_differential[dense-4-True-rbh-cds-5-True-adjacent-s076] PASSED [ 71%]
tests/test_protein_local_reductions.py::test_complete_collinear_result_differential[dense-4-True-rbh-cds-5-True-adjacent-s077] PASSED [ 71%]
tests/test_protein_local_reductions.py::test_complete_collinear_result_differential[dense-4-True-rbh-cds-5-True-all-s076] PASSED [ 71%]
tests/test_protein_local_reductions.py::test_complete_collinear_result_differential[dense-4-True-rbh-cds-5-True-all-s077] PASSED [ 71%]
tests/test_protein_local_reductions.py::test_complete_collinear_result_differential[dense-4-True-rbh-cds-None-False-adjacent-s076] PASSED [ 71%]
tests/test_protein_local_reductions.py::test_complete_collinear_result_differential[dense-4-True-rbh-cds-None-False-adjacent-s077] PASSED [ 71%]
tests/test_protein_local_reductions.py::test_complete_collinear_result_differential[dense-4-True-rbh-cds-None-False-all-s076] PASSED [ 71%]
tests/test_protein_local_reductions.py::test_complete_collinear_result_differential[dense-4-True-rbh-cds-None-False-all-s077] PASSED [ 71%]
tests/test_protein_local_reductions.py::test_complete_collinear_result_differential[dense-4-True-rbh-cds-None-True-adjacent-s076] PASSED [ 71%]
tests/test_protein_local_reductions.py::test_complete_collinear_result_differential[dense-4-True-rbh-cds-None-True-adjacent-s077] PASSED [ 71%]
tests/test_protein_local_reductions.py::test_complete_collinear_result_differential[dense-4-True-rbh-cds-None-True-all-s076] PASSED [ 72%]
tests/test_protein_local_reductions.py::test_complete_collinear_result_differential[dense-4-True-rbh-cds-None-True-all-s077] PASSED [ 72%]
tests/test_protein_local_reductions.py::test_complete_collinear_result_differential[dense-4-True-rbh-locus-1-False-adjacent-s076] PASSED [ 72%]
tests/test_protein_local_reductions.py::test_complete_collinear_result_differential[dense-4-True-rbh-locus-1-False-adjacent-s077] PASSED [ 72%]
tests/test_protein_local_reductions.py::test_complete_collinear_result_differential[dense-4-True-rbh-locus-1-False-all-s076] PASSED [ 72%]
tests/test_protein_local_reductions.py::test_complete_collinear_result_differential[dense-4-True-rbh-locus-1-False-all-s077] PASSED [ 72%]
tests/test_protein_local_reductions.py::test_complete_collinear_result_differential[dense-4-True-rbh-locus-1-True-adjacent-s076] PASSED [ 72%]
tests/test_protein_local_reductions.py::test_complete_collinear_result_differential[dense-4-True-rbh-locus-1-True-adjacent-s077] PASSED [ 72%]
tests/test_protein_local_reductions.py::test_complete_collinear_result_differential[dense-4-True-rbh-locus-1-True-all-s076] PASSED [ 72%]
tests/test_protein_local_reductions.py::test_complete_collinear_result_differential[dense-4-True-rbh-locus-1-True-all-s077] PASSED [ 72%]
tests/test_protein_local_reductions.py::test_complete_collinear_result_differential[dense-4-True-rbh-locus-5-False-adjacent-s076] PASSED [ 72%]
tests/test_protein_local_reductions.py::test_complete_collinear_result_differential[dense-4-True-rbh-locus-5-False-adjacent-s077] PASSED [ 72%]
tests/test_protein_local_reductions.py::test_complete_collinear_result_differential[dense-4-True-rbh-locus-5-False-all-s076] PASSED [ 72%]
tests/test_protein_local_reductions.py::test_complete_collinear_result_differential[dense-4-True-rbh-locus-5-False-all-s077] PASSED [ 72%]
tests/test_protein_local_reductions.py::test_complete_collinear_result_differential[dense-4-True-rbh-locus-5-True-adjacent-s076] PASSED [ 72%]
tests/test_protein_local_reductions.py::test_complete_collinear_result_differential[dense-4-True-rbh-locus-5-True-adjacent-s077] PASSED [ 72%]
tests/test_protein_local_reductions.py::test_complete_collinear_result_differential[dense-4-True-rbh-locus-5-True-all-s076] PASSED [ 72%]
tests/test_protein_local_reductions.py::test_complete_collinear_result_differential[dense-4-True-rbh-locus-5-True-all-s077] PASSED [ 72%]
tests/test_protein_local_reductions.py::test_complete_collinear_result_differential[dense-4-True-rbh-locus-None-False-adjacent-s076] PASSED [ 72%]
tests/test_protein_local_reductions.py::test_complete_collinear_result_differential[dense-4-True-rbh-locus-None-False-adjacent-s077] PASSED [ 72%]
tests/test_protein_local_reductions.py::test_complete_collinear_result_differential[dense-4-True-rbh-locus-None-False-all-s076] PASSED [ 72%]
tests/test_protein_local_reductions.py::test_complete_collinear_result_differential[dense-4-True-rbh-locus-None-False-all-s077] PASSED [ 73%]
tests/test_protein_local_reductions.py::test_complete_collinear_result_differential[dense-4-True-rbh-locus-None-True-adjacent-s076] PASSED [ 73%]
tests/test_protein_local_reductions.py::test_complete_collinear_result_differential[dense-4-True-rbh-locus-None-True-adjacent-s077] PASSED [ 73%]
tests/test_protein_local_reductions.py::test_complete_collinear_result_differential[dense-4-True-rbh-locus-None-True-all-s076] PASSED [ 73%]
tests/test_protein_local_reductions.py::test_complete_collinear_result_differential[dense-4-True-rbh-locus-None-True-all-s077] PASSED [ 73%]
tests/test_protein_local_reductions.py::test_complete_collinear_result_differential[dense-4-True-one_to_one-auto-1-False-adjacent-s076] PASSED [ 73%]
tests/test_protein_local_reductions.py::test_complete_collinear_result_differential[dense-4-True-one_to_one-auto-1-False-adjacent-s077] PASSED [ 73%]
tests/test_protein_local_reductions.py::test_complete_collinear_result_differential[dense-4-True-one_to_one-auto-1-False-all-s076] PASSED [ 73%]
tests/test_protein_local_reductions.py::test_complete_collinear_result_differential[dense-4-True-one_to_one-auto-1-False-all-s077] PASSED [ 73%]
tests/test_protein_local_reductions.py::test_complete_collinear_result_differential[dense-4-True-one_to_one-auto-1-True-adjacent-s076] PASSED [ 73%]
tests/test_protein_local_reductions.py::test_complete_collinear_result_differential[dense-4-True-one_to_one-auto-1-True-adjacent-s077] PASSED [ 73%]
tests/test_protein_local_reductions.py::test_complete_collinear_result_differential[dense-4-True-one_to_one-auto-1-True-all-s076] PASSED [ 73%]
tests/test_protein_local_reductions.py::test_complete_collinear_result_differential[dense-4-True-one_to_one-auto-1-True-all-s077] PASSED [ 73%]
tests/test_protein_local_reductions.py::test_complete_collinear_result_differential[dense-4-True-one_to_one-auto-5-False-adjacent-s076] PASSED [ 73%]
tests/test_protein_local_reductions.py::test_complete_collinear_result_differential[dense-4-True-one_to_one-auto-5-False-adjacent-s077] PASSED [ 73%]
tests/test_protein_local_reductions.py::test_complete_collinear_result_differential[dense-4-True-one_to_one-auto-5-False-all-s076] PASSED [ 73%]
tests/test_protein_local_reductions.py::test_complete_collinear_result_differential[dense-4-True-one_to_one-auto-5-False-all-s077] PASSED [ 73%]
tests/test_protein_local_reductions.py::test_complete_collinear_result_differential[dense-4-True-one_to_one-auto-5-True-adjacent-s076] PASSED [ 73%]
tests/test_protein_local_reductions.py::test_complete_collinear_result_differential[dense-4-True-one_to_one-auto-5-True-adjacent-s077] PASSED [ 73%]
tests/test_protein_local_reductions.py::test_complete_collinear_result_differential[dense-4-True-one_to_one-auto-5-True-all-s076] PASSED [ 73%]
tests/test_protein_local_reductions.py::test_complete_collinear_result_differential[dense-4-True-one_to_one-auto-5-True-all-s077] PASSED [ 73%]
tests/test_protein_local_reductions.py::test_complete_collinear_result_differential[dense-4-True-one_to_one-auto-None-False-adjacent-s076] PASSED [ 74%]
tests/test_protein_local_reductions.py::test_complete_collinear_result_differential[dense-4-True-one_to_one-auto-None-False-adjacent-s077] PASSED [ 74%]
tests/test_protein_local_reductions.py::test_complete_collinear_result_differential[dense-4-True-one_to_one-auto-None-False-all-s076] PASSED [ 74%]
tests/test_protein_local_reductions.py::test_complete_collinear_result_differential[dense-4-True-one_to_one-auto-None-False-all-s077] PASSED [ 74%]
tests/test_protein_local_reductions.py::test_complete_collinear_result_differential[dense-4-True-one_to_one-auto-None-True-adjacent-s076] PASSED [ 74%]
tests/test_protein_local_reductions.py::test_complete_collinear_result_differential[dense-4-True-one_to_one-auto-None-True-adjacent-s077] PASSED [ 74%]
tests/test_protein_local_reductions.py::test_complete_collinear_result_differential[dense-4-True-one_to_one-auto-None-True-all-s076] PASSED [ 74%]
tests/test_protein_local_reductions.py::test_complete_collinear_result_differential[dense-4-True-one_to_one-auto-None-True-all-s077] PASSED [ 74%]
tests/test_protein_local_reductions.py::test_complete_collinear_result_differential[dense-4-True-one_to_one-cds-1-False-adjacent-s076] PASSED [ 74%]
tests/test_protein_local_reductions.py::test_complete_collinear_result_differential[dense-4-True-one_to_one-cds-1-False-adjacent-s077] PASSED [ 74%]
tests/test_protein_local_reductions.py::test_complete_collinear_result_differential[dense-4-True-one_to_one-cds-1-False-all-s076] PASSED [ 74%]
tests/test_protein_local_reductions.py::test_complete_collinear_result_differential[dense-4-True-one_to_one-cds-1-False-all-s077] PASSED [ 74%]
tests/test_protein_local_reductions.py::test_complete_collinear_result_differential[dense-4-True-one_to_one-cds-1-True-adjacent-s076] PASSED [ 74%]
tests/test_protein_local_reductions.py::test_complete_collinear_result_differential[dense-4-True-one_to_one-cds-1-True-adjacent-s077] PASSED [ 74%]
tests/test_protein_local_reductions.py::test_complete_collinear_result_differential[dense-4-True-one_to_one-cds-1-True-all-s076] PASSED [ 74%]
tests/test_protein_local_reductions.py::test_complete_collinear_result_differential[dense-4-True-one_to_one-cds-1-True-all-s077] PASSED [ 74%]
tests/test_protein_local_reductions.py::test_complete_collinear_result_differential[dense-4-True-one_to_one-cds-5-False-adjacent-s076] PASSED [ 74%]
tests/test_protein_local_reductions.py::test_complete_collinear_result_differential[dense-4-True-one_to_one-cds-5-False-adjacent-s077] PASSED [ 74%]
tests/test_protein_local_reductions.py::test_complete_collinear_result_differential[dense-4-True-one_to_one-cds-5-False-all-s076] PASSED [ 74%]
tests/test_protein_local_reductions.py::test_complete_collinear_result_differential[dense-4-True-one_to_one-cds-5-False-all-s077] PASSED [ 74%]
tests/test_protein_local_reductions.py::test_complete_collinear_result_differential[dense-4-True-one_to_one-cds-5-True-adjacent-s076] PASSED [ 74%]
tests/test_protein_local_reductions.py::test_complete_collinear_result_differential[dense-4-True-one_to_one-cds-5-True-adjacent-s077] PASSED [ 75%]
tests/test_protein_local_reductions.py::test_complete_collinear_result_differential[dense-4-True-one_to_one-cds-5-True-all-s076] PASSED [ 75%]
tests/test_protein_local_reductions.py::test_complete_collinear_result_differential[dense-4-True-one_to_one-cds-5-True-all-s077] PASSED [ 75%]
tests/test_protein_local_reductions.py::test_complete_collinear_result_differential[dense-4-True-one_to_one-cds-None-False-adjacent-s076] PASSED [ 75%]
tests/test_protein_local_reductions.py::test_complete_collinear_result_differential[dense-4-True-one_to_one-cds-None-False-adjacent-s077] PASSED [ 75%]
tests/test_protein_local_reductions.py::test_complete_collinear_result_differential[dense-4-True-one_to_one-cds-None-False-all-s076] PASSED [ 75%]
tests/test_protein_local_reductions.py::test_complete_collinear_result_differential[dense-4-True-one_to_one-cds-None-False-all-s077] PASSED [ 75%]
tests/test_protein_local_reductions.py::test_complete_collinear_result_differential[dense-4-True-one_to_one-cds-None-True-adjacent-s076] PASSED [ 75%]
tests/test_protein_local_reductions.py::test_complete_collinear_result_differential[dense-4-True-one_to_one-cds-None-True-adjacent-s077] PASSED [ 75%]
tests/test_protein_local_reductions.py::test_complete_collinear_result_differential[dense-4-True-one_to_one-cds-None-True-all-s076] PASSED [ 75%]
tests/test_protein_local_reductions.py::test_complete_collinear_result_differential[dense-4-True-one_to_one-cds-None-True-all-s077] PASSED [ 75%]
tests/test_protein_local_reductions.py::test_complete_collinear_result_differential[dense-4-True-one_to_one-locus-1-False-adjacent-s076] PASSED [ 75%]
tests/test_protein_local_reductions.py::test_complete_collinear_result_differential[dense-4-True-one_to_one-locus-1-False-adjacent-s077] PASSED [ 75%]
tests/test_protein_local_reductions.py::test_complete_collinear_result_differential[dense-4-True-one_to_one-locus-1-False-all-s076] PASSED [ 75%]
tests/test_protein_local_reductions.py::test_complete_collinear_result_differential[dense-4-True-one_to_one-locus-1-False-all-s077] PASSED [ 75%]
tests/test_protein_local_reductions.py::test_complete_collinear_result_differential[dense-4-True-one_to_one-locus-1-True-adjacent-s076] PASSED [ 75%]
tests/test_protein_local_reductions.py::test_complete_collinear_result_differential[dense-4-True-one_to_one-locus-1-True-adjacent-s077] PASSED [ 75%]
tests/test_protein_local_reductions.py::test_complete_collinear_result_differential[dense-4-True-one_to_one-locus-1-True-all-s076] PASSED [ 75%]
tests/test_protein_local_reductions.py::test_complete_collinear_result_differential[dense-4-True-one_to_one-locus-1-True-all-s077] PASSED [ 75%]
tests/test_protein_local_reductions.py::test_complete_collinear_result_differential[dense-4-True-one_to_one-locus-5-False-adjacent-s076] PASSED [ 75%]
tests/test_protein_local_reductions.py::test_complete_collinear_result_differential[dense-4-True-one_to_one-locus-5-False-adjacent-s077] PASSED [ 75%]
tests/test_protein_local_reductions.py::test_complete_collinear_result_differential[dense-4-True-one_to_one-locus-5-False-all-s076] PASSED [ 76%]
tests/test_protein_local_reductions.py::test_complete_collinear_result_differential[dense-4-True-one_to_one-locus-5-False-all-s077] PASSED [ 76%]
tests/test_protein_local_reductions.py::test_complete_collinear_result_differential[dense-4-True-one_to_one-locus-5-True-adjacent-s076] PASSED [ 76%]
tests/test_protein_local_reductions.py::test_complete_collinear_result_differential[dense-4-True-one_to_one-locus-5-True-adjacent-s077] PASSED [ 76%]
tests/test_protein_local_reductions.py::test_complete_collinear_result_differential[dense-4-True-one_to_one-locus-5-True-all-s076] PASSED [ 76%]
tests/test_protein_local_reductions.py::test_complete_collinear_result_differential[dense-4-True-one_to_one-locus-5-True-all-s077] PASSED [ 76%]
tests/test_protein_local_reductions.py::test_complete_collinear_result_differential[dense-4-True-one_to_one-locus-None-False-adjacent-s076] PASSED [ 76%]
tests/test_protein_local_reductions.py::test_complete_collinear_result_differential[dense-4-True-one_to_one-locus-None-False-adjacent-s077] PASSED [ 76%]
tests/test_protein_local_reductions.py::test_complete_collinear_result_differential[dense-4-True-one_to_one-locus-None-False-all-s076] PASSED [ 76%]
tests/test_protein_local_reductions.py::test_complete_collinear_result_differential[dense-4-True-one_to_one-locus-None-False-all-s077] PASSED [ 76%]
tests/test_protein_local_reductions.py::test_complete_collinear_result_differential[dense-4-True-one_to_one-locus-None-True-adjacent-s076] PASSED [ 76%]
tests/test_protein_local_reductions.py::test_complete_collinear_result_differential[dense-4-True-one_to_one-locus-None-True-adjacent-s077] PASSED [ 76%]
tests/test_protein_local_reductions.py::test_complete_collinear_result_differential[dense-4-True-one_to_one-locus-None-True-all-s076] PASSED [ 76%]
tests/test_protein_local_reductions.py::test_complete_collinear_result_differential[dense-4-True-one_to_one-locus-None-True-all-s077] PASSED [ 76%]
tests/test_protein_local_reductions.py::test_complete_collinear_result_differential[dense-4-True-all-auto-1-False-adjacent-s076] PASSED [ 76%]
tests/test_protein_local_reductions.py::test_complete_collinear_result_differential[dense-4-True-all-auto-1-False-adjacent-s077] PASSED [ 76%]
tests/test_protein_local_reductions.py::test_complete_collinear_result_differential[dense-4-True-all-auto-1-False-all-s076] PASSED [ 76%]
tests/test_protein_local_reductions.py::test_complete_collinear_result_differential[dense-4-True-all-auto-1-False-all-s077] PASSED [ 76%]
tests/test_protein_local_reductions.py::test_complete_collinear_result_differential[dense-4-True-all-auto-1-True-adjacent-s076] PASSED [ 76%]
tests/test_protein_local_reductions.py::test_complete_collinear_result_differential[dense-4-True-all-auto-1-True-adjacent-s077] PASSED [ 76%]
tests/test_protein_local_reductions.py::test_complete_collinear_result_differential[dense-4-True-all-auto-1-True-all-s076] PASSED [ 76%]
tests/test_protein_local_reductions.py::test_complete_collinear_result_differential[dense-4-True-all-auto-1-True-all-s077] PASSED [ 77%]
tests/test_protein_local_reductions.py::test_complete_collinear_result_differential[dense-4-True-all-auto-5-False-adjacent-s076] PASSED [ 77%]
tests/test_protein_local_reductions.py::test_complete_collinear_result_differential[dense-4-True-all-auto-5-False-adjacent-s077] PASSED [ 77%]
tests/test_protein_local_reductions.py::test_complete_collinear_result_differential[dense-4-True-all-auto-5-False-all-s076] PASSED [ 77%]
tests/test_protein_local_reductions.py::test_complete_collinear_result_differential[dense-4-True-all-auto-5-False-all-s077] PASSED [ 77%]
tests/test_protein_local_reductions.py::test_complete_collinear_result_differential[dense-4-True-all-auto-5-True-adjacent-s076] PASSED [ 77%]
tests/test_protein_local_reductions.py::test_complete_collinear_result_differential[dense-4-True-all-auto-5-True-adjacent-s077] PASSED [ 77%]
tests/test_protein_local_reductions.py::test_complete_collinear_result_differential[dense-4-True-all-auto-5-True-all-s076] PASSED [ 77%]
tests/test_protein_local_reductions.py::test_complete_collinear_result_differential[dense-4-True-all-auto-5-True-all-s077] PASSED [ 77%]
tests/test_protein_local_reductions.py::test_complete_collinear_result_differential[dense-4-True-all-auto-None-False-adjacent-s076] PASSED [ 77%]
tests/test_protein_local_reductions.py::test_complete_collinear_result_differential[dense-4-True-all-auto-None-False-adjacent-s077] PASSED [ 77%]
tests/test_protein_local_reductions.py::test_complete_collinear_result_differential[dense-4-True-all-auto-None-False-all-s076] PASSED [ 77%]
tests/test_protein_local_reductions.py::test_complete_collinear_result_differential[dense-4-True-all-auto-None-False-all-s077] PASSED [ 77%]
tests/test_protein_local_reductions.py::test_complete_collinear_result_differential[dense-4-True-all-auto-None-True-adjacent-s076] PASSED [ 77%]
tests/test_protein_local_reductions.py::test_complete_collinear_result_differential[dense-4-True-all-auto-None-True-adjacent-s077] PASSED [ 77%]
tests/test_protein_local_reductions.py::test_complete_collinear_result_differential[dense-4-True-all-auto-None-True-all-s076] PASSED [ 77%]
tests/test_protein_local_reductions.py::test_complete_collinear_result_differential[dense-4-True-all-auto-None-True-all-s077] PASSED [ 77%]
tests/test_protein_local_reductions.py::test_complete_collinear_result_differential[dense-4-True-all-cds-1-False-adjacent-s076] PASSED [ 77%]
tests/test_protein_local_reductions.py::test_complete_collinear_result_differential[dense-4-True-all-cds-1-False-adjacent-s077] PASSED [ 77%]
tests/test_protein_local_reductions.py::test_complete_collinear_result_differential[dense-4-True-all-cds-1-False-all-s076] PASSED [ 77%]
tests/test_protein_local_reductions.py::test_complete_collinear_result_differential[dense-4-True-all-cds-1-False-all-s077] PASSED [ 77%]
tests/test_protein_local_reductions.py::test_complete_collinear_result_differential[dense-4-True-all-cds-1-True-adjacent-s076] PASSED [ 78%]
tests/test_protein_local_reductions.py::test_complete_collinear_result_differential[dense-4-True-all-cds-1-True-adjacent-s077] PASSED [ 78%]
tests/test_protein_local_reductions.py::test_complete_collinear_result_differential[dense-4-True-all-cds-1-True-all-s076] PASSED [ 78%]
tests/test_protein_local_reductions.py::test_complete_collinear_result_differential[dense-4-True-all-cds-1-True-all-s077] PASSED [ 78%]
tests/test_protein_local_reductions.py::test_complete_collinear_result_differential[dense-4-True-all-cds-5-False-adjacent-s076] PASSED [ 78%]
tests/test_protein_local_reductions.py::test_complete_collinear_result_differential[dense-4-True-all-cds-5-False-adjacent-s077] PASSED [ 78%]
tests/test_protein_local_reductions.py::test_complete_collinear_result_differential[dense-4-True-all-cds-5-False-all-s076] PASSED [ 78%]
tests/test_protein_local_reductions.py::test_complete_collinear_result_differential[dense-4-True-all-cds-5-False-all-s077] PASSED [ 78%]
tests/test_protein_local_reductions.py::test_complete_collinear_result_differential[dense-4-True-all-cds-5-True-adjacent-s076] PASSED [ 78%]
tests/test_protein_local_reductions.py::test_complete_collinear_result_differential[dense-4-True-all-cds-5-True-adjacent-s077] PASSED [ 78%]
tests/test_protein_local_reductions.py::test_complete_collinear_result_differential[dense-4-True-all-cds-5-True-all-s076] PASSED [ 78%]
tests/test_protein_local_reductions.py::test_complete_collinear_result_differential[dense-4-True-all-cds-5-True-all-s077] PASSED [ 78%]
tests/test_protein_local_reductions.py::test_complete_collinear_result_differential[dense-4-True-all-cds-None-False-adjacent-s076] PASSED [ 78%]
tests/test_protein_local_reductions.py::test_complete_collinear_result_differential[dense-4-True-all-cds-None-False-adjacent-s077] PASSED [ 78%]
tests/test_protein_local_reductions.py::test_complete_collinear_result_differential[dense-4-True-all-cds-None-False-all-s076] PASSED [ 78%]
tests/test_protein_local_reductions.py::test_complete_collinear_result_differential[dense-4-True-all-cds-None-False-all-s077] PASSED [ 78%]
tests/test_protein_local_reductions.py::test_complete_collinear_result_differential[dense-4-True-all-cds-None-True-adjacent-s076] PASSED [ 78%]
tests/test_protein_local_reductions.py::test_complete_collinear_result_differential[dense-4-True-all-cds-None-True-adjacent-s077] PASSED [ 78%]
tests/test_protein_local_reductions.py::test_complete_collinear_result_differential[dense-4-True-all-cds-None-True-all-s076] PASSED [ 78%]
tests/test_protein_local_reductions.py::test_complete_collinear_result_differential[dense-4-True-all-cds-None-True-all-s077] PASSED [ 78%]
tests/test_protein_local_reductions.py::test_complete_collinear_result_differential[dense-4-True-all-locus-1-False-adjacent-s076] PASSED [ 78%]
tests/test_protein_local_reductions.py::test_complete_collinear_result_differential[dense-4-True-all-locus-1-False-adjacent-s077] PASSED [ 79%]
tests/test_protein_local_reductions.py::test_complete_collinear_result_differential[dense-4-True-all-locus-1-False-all-s076] PASSED [ 79%]
tests/test_protein_local_reductions.py::test_complete_collinear_result_differential[dense-4-True-all-locus-1-False-all-s077] PASSED [ 79%]
tests/test_protein_local_reductions.py::test_complete_collinear_result_differential[dense-4-True-all-locus-1-True-adjacent-s076] PASSED [ 79%]
tests/test_protein_local_reductions.py::test_complete_collinear_result_differential[dense-4-True-all-locus-1-True-adjacent-s077] PASSED [ 79%]
tests/test_protein_local_reductions.py::test_complete_collinear_result_differential[dense-4-True-all-locus-1-True-all-s076] PASSED [ 79%]
tests/test_protein_local_reductions.py::test_complete_collinear_result_differential[dense-4-True-all-locus-1-True-all-s077] PASSED [ 79%]
tests/test_protein_local_reductions.py::test_complete_collinear_result_differential[dense-4-True-all-locus-5-False-adjacent-s076] PASSED [ 79%]
tests/test_protein_local_reductions.py::test_complete_collinear_result_differential[dense-4-True-all-locus-5-False-adjacent-s077] PASSED [ 79%]
tests/test_protein_local_reductions.py::test_complete_collinear_result_differential[dense-4-True-all-locus-5-False-all-s076] PASSED [ 79%]
tests/test_protein_local_reductions.py::test_complete_collinear_result_differential[dense-4-True-all-locus-5-False-all-s077] PASSED [ 79%]
tests/test_protein_local_reductions.py::test_complete_collinear_result_differential[dense-4-True-all-locus-5-True-adjacent-s076] PASSED [ 79%]
tests/test_protein_local_reductions.py::test_complete_collinear_result_differential[dense-4-True-all-locus-5-True-adjacent-s077] PASSED [ 79%]
tests/test_protein_local_reductions.py::test_complete_collinear_result_differential[dense-4-True-all-locus-5-True-all-s076] PASSED [ 79%]
tests/test_protein_local_reductions.py::test_complete_collinear_result_differential[dense-4-True-all-locus-5-True-all-s077] PASSED [ 79%]
tests/test_protein_local_reductions.py::test_complete_collinear_result_differential[dense-4-True-all-locus-None-False-adjacent-s076] PASSED [ 79%]
tests/test_protein_local_reductions.py::test_complete_collinear_result_differential[dense-4-True-all-locus-None-False-adjacent-s077] PASSED [ 79%]
tests/test_protein_local_reductions.py::test_complete_collinear_result_differential[dense-4-True-all-locus-None-False-all-s076] PASSED [ 79%]
tests/test_protein_local_reductions.py::test_complete_collinear_result_differential[dense-4-True-all-locus-None-False-all-s077] PASSED [ 79%]
tests/test_protein_local_reductions.py::test_complete_collinear_result_differential[dense-4-True-all-locus-None-True-adjacent-s076] PASSED [ 79%]
tests/test_protein_local_reductions.py::test_complete_collinear_result_differential[dense-4-True-all-locus-None-True-adjacent-s077] PASSED [ 79%]
tests/test_protein_local_reductions.py::test_complete_collinear_result_differential[dense-4-True-all-locus-None-True-all-s076] PASSED [ 80%]
tests/test_protein_local_reductions.py::test_complete_collinear_result_differential[dense-4-True-all-locus-None-True-all-s077] PASSED [ 80%]
tests/test_protein_local_reductions.py::test_complete_collinear_result_differential[support-edges-False-rbh-auto-1-False-adjacent-s076] PASSED [ 80%]
tests/test_protein_local_reductions.py::test_complete_collinear_result_differential[support-edges-False-rbh-auto-1-False-adjacent-s077] PASSED [ 80%]
tests/test_protein_local_reductions.py::test_complete_collinear_result_differential[support-edges-False-rbh-auto-1-False-all-s076] PASSED [ 80%]
tests/test_protein_local_reductions.py::test_complete_collinear_result_differential[support-edges-False-rbh-auto-1-False-all-s077] PASSED [ 80%]
tests/test_protein_local_reductions.py::test_complete_collinear_result_differential[support-edges-False-rbh-auto-1-True-adjacent-s076] PASSED [ 80%]
tests/test_protein_local_reductions.py::test_complete_collinear_result_differential[support-edges-False-rbh-auto-1-True-adjacent-s077] PASSED [ 80%]
tests/test_protein_local_reductions.py::test_complete_collinear_result_differential[support-edges-False-rbh-auto-1-True-all-s076] PASSED [ 80%]
tests/test_protein_local_reductions.py::test_complete_collinear_result_differential[support-edges-False-rbh-auto-1-True-all-s077] PASSED [ 80%]
tests/test_protein_local_reductions.py::test_complete_collinear_result_differential[support-edges-False-rbh-auto-5-False-adjacent-s076] PASSED [ 80%]
tests/test_protein_local_reductions.py::test_complete_collinear_result_differential[support-edges-False-rbh-auto-5-False-adjacent-s077] PASSED [ 80%]
tests/test_protein_local_reductions.py::test_complete_collinear_result_differential[support-edges-False-rbh-auto-5-False-all-s076] PASSED [ 80%]
tests/test_protein_local_reductions.py::test_complete_collinear_result_differential[support-edges-False-rbh-auto-5-False-all-s077] PASSED [ 80%]
tests/test_protein_local_reductions.py::test_complete_collinear_result_differential[support-edges-False-rbh-auto-5-True-adjacent-s076] PASSED [ 80%]
tests/test_protein_local_reductions.py::test_complete_collinear_result_differential[support-edges-False-rbh-auto-5-True-adjacent-s077] PASSED [ 80%]
tests/test_protein_local_reductions.py::test_complete_collinear_result_differential[support-edges-False-rbh-auto-5-True-all-s076] PASSED [ 80%]
tests/test_protein_local_reductions.py::test_complete_collinear_result_differential[support-edges-False-rbh-auto-5-True-all-s077] PASSED [ 80%]
tests/test_protein_local_reductions.py::test_complete_collinear_result_differential[support-edges-False-rbh-auto-None-False-adjacent-s076] PASSED [ 80%]
tests/test_protein_local_reductions.py::test_complete_collinear_result_differential[support-edges-False-rbh-auto-None-False-adjacent-s077] PASSED [ 80%]
tests/test_protein_local_reductions.py::test_complete_collinear_result_differential[support-edges-False-rbh-auto-None-False-all-s076] PASSED [ 80%]
tests/test_protein_local_reductions.py::test_complete_collinear_result_differential[support-edges-False-rbh-auto-None-False-all-s077] PASSED [ 81%]
tests/test_protein_local_reductions.py::test_complete_collinear_result_differential[support-edges-False-rbh-auto-None-True-adjacent-s076] PASSED [ 81%]
tests/test_protein_local_reductions.py::test_complete_collinear_result_differential[support-edges-False-rbh-auto-None-True-adjacent-s077] PASSED [ 81%]
tests/test_protein_local_reductions.py::test_complete_collinear_result_differential[support-edges-False-rbh-auto-None-True-all-s076] PASSED [ 81%]
tests/test_protein_local_reductions.py::test_complete_collinear_result_differential[support-edges-False-rbh-auto-None-True-all-s077] PASSED [ 81%]
tests/test_protein_local_reductions.py::test_complete_collinear_result_differential[support-edges-False-rbh-cds-1-False-adjacent-s076] PASSED [ 81%]
tests/test_protein_local_reductions.py::test_complete_collinear_result_differential[support-edges-False-rbh-cds-1-False-adjacent-s077] PASSED [ 81%]
tests/test_protein_local_reductions.py::test_complete_collinear_result_differential[support-edges-False-rbh-cds-1-False-all-s076] PASSED [ 81%]
tests/test_protein_local_reductions.py::test_complete_collinear_result_differential[support-edges-False-rbh-cds-1-False-all-s077] PASSED [ 81%]
tests/test_protein_local_reductions.py::test_complete_collinear_result_differential[support-edges-False-rbh-cds-1-True-adjacent-s076] PASSED [ 81%]
tests/test_protein_local_reductions.py::test_complete_collinear_result_differential[support-edges-False-rbh-cds-1-True-adjacent-s077] PASSED [ 81%]
tests/test_protein_local_reductions.py::test_complete_collinear_result_differential[support-edges-False-rbh-cds-1-True-all-s076] PASSED [ 81%]
tests/test_protein_local_reductions.py::test_complete_collinear_result_differential[support-edges-False-rbh-cds-1-True-all-s077] PASSED [ 81%]
tests/test_protein_local_reductions.py::test_complete_collinear_result_differential[support-edges-False-rbh-cds-5-False-adjacent-s076] PASSED [ 81%]
tests/test_protein_local_reductions.py::test_complete_collinear_result_differential[support-edges-False-rbh-cds-5-False-adjacent-s077] PASSED [ 81%]
tests/test_protein_local_reductions.py::test_complete_collinear_result_differential[support-edges-False-rbh-cds-5-False-all-s076] PASSED [ 81%]
tests/test_protein_local_reductions.py::test_complete_collinear_result_differential[support-edges-False-rbh-cds-5-False-all-s077] PASSED [ 81%]
tests/test_protein_local_reductions.py::test_complete_collinear_result_differential[support-edges-False-rbh-cds-5-True-adjacent-s076] PASSED [ 81%]
tests/test_protein_local_reductions.py::test_complete_collinear_result_differential[support-edges-False-rbh-cds-5-True-adjacent-s077] PASSED [ 81%]
tests/test_protein_local_reductions.py::test_complete_collinear_result_differential[support-edges-False-rbh-cds-5-True-all-s076] PASSED [ 81%]
tests/test_protein_local_reductions.py::test_complete_collinear_result_differential[support-edges-False-rbh-cds-5-True-all-s077] PASSED [ 81%]
tests/test_protein_local_reductions.py::test_complete_collinear_result_differential[support-edges-False-rbh-cds-None-False-adjacent-s076] PASSED [ 82%]
tests/test_protein_local_reductions.py::test_complete_collinear_result_differential[support-edges-False-rbh-cds-None-False-adjacent-s077] PASSED [ 82%]
tests/test_protein_local_reductions.py::test_complete_collinear_result_differential[support-edges-False-rbh-cds-None-False-all-s076] PASSED [ 82%]
tests/test_protein_local_reductions.py::test_complete_collinear_result_differential[support-edges-False-rbh-cds-None-False-all-s077] PASSED [ 82%]
tests/test_protein_local_reductions.py::test_complete_collinear_result_differential[support-edges-False-rbh-cds-None-True-adjacent-s076] PASSED [ 82%]
tests/test_protein_local_reductions.py::test_complete_collinear_result_differential[support-edges-False-rbh-cds-None-True-adjacent-s077] PASSED [ 82%]
tests/test_protein_local_reductions.py::test_complete_collinear_result_differential[support-edges-False-rbh-cds-None-True-all-s076] PASSED [ 82%]
tests/test_protein_local_reductions.py::test_complete_collinear_result_differential[support-edges-False-rbh-cds-None-True-all-s077] PASSED [ 82%]
tests/test_protein_local_reductions.py::test_complete_collinear_result_differential[support-edges-False-rbh-locus-1-False-adjacent-s076] PASSED [ 82%]
tests/test_protein_local_reductions.py::test_complete_collinear_result_differential[support-edges-False-rbh-locus-1-False-adjacent-s077] PASSED [ 82%]
tests/test_protein_local_reductions.py::test_complete_collinear_result_differential[support-edges-False-rbh-locus-1-False-all-s076] PASSED [ 82%]
tests/test_protein_local_reductions.py::test_complete_collinear_result_differential[support-edges-False-rbh-locus-1-False-all-s077] PASSED [ 82%]
tests/test_protein_local_reductions.py::test_complete_collinear_result_differential[support-edges-False-rbh-locus-1-True-adjacent-s076] PASSED [ 82%]
tests/test_protein_local_reductions.py::test_complete_collinear_result_differential[support-edges-False-rbh-locus-1-True-adjacent-s077] PASSED [ 82%]
tests/test_protein_local_reductions.py::test_complete_collinear_result_differential[support-edges-False-rbh-locus-1-True-all-s076] PASSED [ 82%]
tests/test_protein_local_reductions.py::test_complete_collinear_result_differential[support-edges-False-rbh-locus-1-True-all-s077] PASSED [ 82%]
tests/test_protein_local_reductions.py::test_complete_collinear_result_differential[support-edges-False-rbh-locus-5-False-adjacent-s076] PASSED [ 82%]
tests/test_protein_local_reductions.py::test_complete_collinear_result_differential[support-edges-False-rbh-locus-5-False-adjacent-s077] PASSED [ 82%]
tests/test_protein_local_reductions.py::test_complete_collinear_result_differential[support-edges-False-rbh-locus-5-False-all-s076] PASSED [ 82%]
tests/test_protein_local_reductions.py::test_complete_collinear_result_differential[support-edges-False-rbh-locus-5-False-all-s077] PASSED [ 82%]
tests/test_protein_local_reductions.py::test_complete_collinear_result_differential[support-edges-False-rbh-locus-5-True-adjacent-s076] PASSED [ 82%]
tests/test_protein_local_reductions.py::test_complete_collinear_result_differential[support-edges-False-rbh-locus-5-True-adjacent-s077] PASSED [ 83%]
tests/test_protein_local_reductions.py::test_complete_collinear_result_differential[support-edges-False-rbh-locus-5-True-all-s076] PASSED [ 83%]
tests/test_protein_local_reductions.py::test_complete_collinear_result_differential[support-edges-False-rbh-locus-5-True-all-s077] PASSED [ 83%]
tests/test_protein_local_reductions.py::test_complete_collinear_result_differential[support-edges-False-rbh-locus-None-False-adjacent-s076] PASSED [ 83%]
tests/test_protein_local_reductions.py::test_complete_collinear_result_differential[support-edges-False-rbh-locus-None-False-adjacent-s077] PASSED [ 83%]
tests/test_protein_local_reductions.py::test_complete_collinear_result_differential[support-edges-False-rbh-locus-None-False-all-s076] PASSED [ 83%]
tests/test_protein_local_reductions.py::test_complete_collinear_result_differential[support-edges-False-rbh-locus-None-False-all-s077] PASSED [ 83%]
tests/test_protein_local_reductions.py::test_complete_collinear_result_differential[support-edges-False-rbh-locus-None-True-adjacent-s076] PASSED [ 83%]
tests/test_protein_local_reductions.py::test_complete_collinear_result_differential[support-edges-False-rbh-locus-None-True-adjacent-s077] PASSED [ 83%]
tests/test_protein_local_reductions.py::test_complete_collinear_result_differential[support-edges-False-rbh-locus-None-True-all-s076] PASSED [ 83%]
tests/test_protein_local_reductions.py::test_complete_collinear_result_differential[support-edges-False-rbh-locus-None-True-all-s077] PASSED [ 83%]
tests/test_protein_local_reductions.py::test_complete_collinear_result_differential[support-edges-False-one_to_one-auto-1-False-adjacent-s076] PASSED [ 83%]
tests/test_protein_local_reductions.py::test_complete_collinear_result_differential[support-edges-False-one_to_one-auto-1-False-adjacent-s077] PASSED [ 83%]
tests/test_protein_local_reductions.py::test_complete_collinear_result_differential[support-edges-False-one_to_one-auto-1-False-all-s076] PASSED [ 83%]
tests/test_protein_local_reductions.py::test_complete_collinear_result_differential[support-edges-False-one_to_one-auto-1-False-all-s077] PASSED [ 83%]
tests/test_protein_local_reductions.py::test_complete_collinear_result_differential[support-edges-False-one_to_one-auto-1-True-adjacent-s076] PASSED [ 83%]
tests/test_protein_local_reductions.py::test_complete_collinear_result_differential[support-edges-False-one_to_one-auto-1-True-adjacent-s077] PASSED [ 83%]
tests/test_protein_local_reductions.py::test_complete_collinear_result_differential[support-edges-False-one_to_one-auto-1-True-all-s076] PASSED [ 83%]
tests/test_protein_local_reductions.py::test_complete_collinear_result_differential[support-edges-False-one_to_one-auto-1-True-all-s077] PASSED [ 83%]
tests/test_protein_local_reductions.py::test_complete_collinear_result_differential[support-edges-False-one_to_one-auto-5-False-adjacent-s076] PASSED [ 83%]
tests/test_protein_local_reductions.py::test_complete_collinear_result_differential[support-edges-False-one_to_one-auto-5-False-adjacent-s077] PASSED [ 83%]
tests/test_protein_local_reductions.py::test_complete_collinear_result_differential[support-edges-False-one_to_one-auto-5-False-all-s076] PASSED [ 84%]
tests/test_protein_local_reductions.py::test_complete_collinear_result_differential[support-edges-False-one_to_one-auto-5-False-all-s077] PASSED [ 84%]
tests/test_protein_local_reductions.py::test_complete_collinear_result_differential[support-edges-False-one_to_one-auto-5-True-adjacent-s076] PASSED [ 84%]
tests/test_protein_local_reductions.py::test_complete_collinear_result_differential[support-edges-False-one_to_one-auto-5-True-adjacent-s077] PASSED [ 84%]
tests/test_protein_local_reductions.py::test_complete_collinear_result_differential[support-edges-False-one_to_one-auto-5-True-all-s076] PASSED [ 84%]
tests/test_protein_local_reductions.py::test_complete_collinear_result_differential[support-edges-False-one_to_one-auto-5-True-all-s077] PASSED [ 84%]
tests/test_protein_local_reductions.py::test_complete_collinear_result_differential[support-edges-False-one_to_one-auto-None-False-adjacent-s076] PASSED [ 84%]
tests/test_protein_local_reductions.py::test_complete_collinear_result_differential[support-edges-False-one_to_one-auto-None-False-adjacent-s077] PASSED [ 84%]
tests/test_protein_local_reductions.py::test_complete_collinear_result_differential[support-edges-False-one_to_one-auto-None-False-all-s076] PASSED [ 84%]
tests/test_protein_local_reductions.py::test_complete_collinear_result_differential[support-edges-False-one_to_one-auto-None-False-all-s077] PASSED [ 84%]
tests/test_protein_local_reductions.py::test_complete_collinear_result_differential[support-edges-False-one_to_one-auto-None-True-adjacent-s076] PASSED [ 84%]
tests/test_protein_local_reductions.py::test_complete_collinear_result_differential[support-edges-False-one_to_one-auto-None-True-adjacent-s077] PASSED [ 84%]
tests/test_protein_local_reductions.py::test_complete_collinear_result_differential[support-edges-False-one_to_one-auto-None-True-all-s076] PASSED [ 84%]
tests/test_protein_local_reductions.py::test_complete_collinear_result_differential[support-edges-False-one_to_one-auto-None-True-all-s077] PASSED [ 84%]
tests/test_protein_local_reductions.py::test_complete_collinear_result_differential[support-edges-False-one_to_one-cds-1-False-adjacent-s076] PASSED [ 84%]
tests/test_protein_local_reductions.py::test_complete_collinear_result_differential[support-edges-False-one_to_one-cds-1-False-adjacent-s077] PASSED [ 84%]
tests/test_protein_local_reductions.py::test_complete_collinear_result_differential[support-edges-False-one_to_one-cds-1-False-all-s076] PASSED [ 84%]
tests/test_protein_local_reductions.py::test_complete_collinear_result_differential[support-edges-False-one_to_one-cds-1-False-all-s077] PASSED [ 84%]
tests/test_protein_local_reductions.py::test_complete_collinear_result_differential[support-edges-False-one_to_one-cds-1-True-adjacent-s076] PASSED [ 84%]
tests/test_protein_local_reductions.py::test_complete_collinear_result_differential[support-edges-False-one_to_one-cds-1-True-adjacent-s077] PASSED [ 84%]
tests/test_protein_local_reductions.py::test_complete_collinear_result_differential[support-edges-False-one_to_one-cds-1-True-all-s076] PASSED [ 84%]
tests/test_protein_local_reductions.py::test_complete_collinear_result_differential[support-edges-False-one_to_one-cds-1-True-all-s077] PASSED [ 85%]
tests/test_protein_local_reductions.py::test_complete_collinear_result_differential[support-edges-False-one_to_one-cds-5-False-adjacent-s076] PASSED [ 85%]
tests/test_protein_local_reductions.py::test_complete_collinear_result_differential[support-edges-False-one_to_one-cds-5-False-adjacent-s077] PASSED [ 85%]
tests/test_protein_local_reductions.py::test_complete_collinear_result_differential[support-edges-False-one_to_one-cds-5-False-all-s076] PASSED [ 85%]
tests/test_protein_local_reductions.py::test_complete_collinear_result_differential[support-edges-False-one_to_one-cds-5-False-all-s077] PASSED [ 85%]
tests/test_protein_local_reductions.py::test_complete_collinear_result_differential[support-edges-False-one_to_one-cds-5-True-adjacent-s076] PASSED [ 85%]
tests/test_protein_local_reductions.py::test_complete_collinear_result_differential[support-edges-False-one_to_one-cds-5-True-adjacent-s077] PASSED [ 85%]
tests/test_protein_local_reductions.py::test_complete_collinear_result_differential[support-edges-False-one_to_one-cds-5-True-all-s076] PASSED [ 85%]
tests/test_protein_local_reductions.py::test_complete_collinear_result_differential[support-edges-False-one_to_one-cds-5-True-all-s077] PASSED [ 85%]
tests/test_protein_local_reductions.py::test_complete_collinear_result_differential[support-edges-False-one_to_one-cds-None-False-adjacent-s076] PASSED [ 85%]
tests/test_protein_local_reductions.py::test_complete_collinear_result_differential[support-edges-False-one_to_one-cds-None-False-adjacent-s077] PASSED [ 85%]
tests/test_protein_local_reductions.py::test_complete_collinear_result_differential[support-edges-False-one_to_one-cds-None-False-all-s076] PASSED [ 85%]
tests/test_protein_local_reductions.py::test_complete_collinear_result_differential[support-edges-False-one_to_one-cds-None-False-all-s077] PASSED [ 85%]
tests/test_protein_local_reductions.py::test_complete_collinear_result_differential[support-edges-False-one_to_one-cds-None-True-adjacent-s076] PASSED [ 85%]
tests/test_protein_local_reductions.py::test_complete_collinear_result_differential[support-edges-False-one_to_one-cds-None-True-adjacent-s077] PASSED [ 85%]
tests/test_protein_local_reductions.py::test_complete_collinear_result_differential[support-edges-False-one_to_one-cds-None-True-all-s076] PASSED [ 85%]
tests/test_protein_local_reductions.py::test_complete_collinear_result_differential[support-edges-False-one_to_one-cds-None-True-all-s077] PASSED [ 85%]
tests/test_protein_local_reductions.py::test_complete_collinear_result_differential[support-edges-False-one_to_one-locus-1-False-adjacent-s076] PASSED [ 85%]
tests/test_protein_local_reductions.py::test_complete_collinear_result_differential[support-edges-False-one_to_one-locus-1-False-adjacent-s077] PASSED [ 85%]
tests/test_protein_local_reductions.py::test_complete_collinear_result_differential[support-edges-False-one_to_one-locus-1-False-all-s076] PASSED [ 85%]
tests/test_protein_local_reductions.py::test_complete_collinear_result_differential[support-edges-False-one_to_one-locus-1-False-all-s077] PASSED [ 85%]
tests/test_protein_local_reductions.py::test_complete_collinear_result_differential[support-edges-False-one_to_one-locus-1-True-adjacent-s076] PASSED [ 86%]
tests/test_protein_local_reductions.py::test_complete_collinear_result_differential[support-edges-False-one_to_one-locus-1-True-adjacent-s077] PASSED [ 86%]
tests/test_protein_local_reductions.py::test_complete_collinear_result_differential[support-edges-False-one_to_one-locus-1-True-all-s076] PASSED [ 86%]
tests/test_protein_local_reductions.py::test_complete_collinear_result_differential[support-edges-False-one_to_one-locus-1-True-all-s077] PASSED [ 86%]
tests/test_protein_local_reductions.py::test_complete_collinear_result_differential[support-edges-False-one_to_one-locus-5-False-adjacent-s076] PASSED [ 86%]
tests/test_protein_local_reductions.py::test_complete_collinear_result_differential[support-edges-False-one_to_one-locus-5-False-adjacent-s077] PASSED [ 86%]
tests/test_protein_local_reductions.py::test_complete_collinear_result_differential[support-edges-False-one_to_one-locus-5-False-all-s076] PASSED [ 86%]
tests/test_protein_local_reductions.py::test_complete_collinear_result_differential[support-edges-False-one_to_one-locus-5-False-all-s077] PASSED [ 86%]
tests/test_protein_local_reductions.py::test_complete_collinear_result_differential[support-edges-False-one_to_one-locus-5-True-adjacent-s076] PASSED [ 86%]
tests/test_protein_local_reductions.py::test_complete_collinear_result_differential[support-edges-False-one_to_one-locus-5-True-adjacent-s077] PASSED [ 86%]
tests/test_protein_local_reductions.py::test_complete_collinear_result_differential[support-edges-False-one_to_one-locus-5-True-all-s076] PASSED [ 86%]
tests/test_protein_local_reductions.py::test_complete_collinear_result_differential[support-edges-False-one_to_one-locus-5-True-all-s077] PASSED [ 86%]
tests/test_protein_local_reductions.py::test_complete_collinear_result_differential[support-edges-False-one_to_one-locus-None-False-adjacent-s076] PASSED [ 86%]
tests/test_protein_local_reductions.py::test_complete_collinear_result_differential[support-edges-False-one_to_one-locus-None-False-adjacent-s077] PASSED [ 86%]
tests/test_protein_local_reductions.py::test_complete_collinear_result_differential[support-edges-False-one_to_one-locus-None-False-all-s076] PASSED [ 86%]
tests/test_protein_local_reductions.py::test_complete_collinear_result_differential[support-edges-False-one_to_one-locus-None-False-all-s077] PASSED [ 86%]
tests/test_protein_local_reductions.py::test_complete_collinear_result_differential[support-edges-False-one_to_one-locus-None-True-adjacent-s076] PASSED [ 86%]
tests/test_protein_local_reductions.py::test_complete_collinear_result_differential[support-edges-False-one_to_one-locus-None-True-adjacent-s077] PASSED [ 86%]
tests/test_protein_local_reductions.py::test_complete_collinear_result_differential[support-edges-False-one_to_one-locus-None-True-all-s076] PASSED [ 86%]
tests/test_protein_local_reductions.py::test_complete_collinear_result_differential[support-edges-False-one_to_one-locus-None-True-all-s077] PASSED [ 86%]
tests/test_protein_local_reductions.py::test_complete_collinear_result_differential[support-edges-False-all-auto-1-False-adjacent-s076] PASSED [ 86%]
tests/test_protein_local_reductions.py::test_complete_collinear_result_differential[support-edges-False-all-auto-1-False-adjacent-s077] PASSED [ 87%]
tests/test_protein_local_reductions.py::test_complete_collinear_result_differential[support-edges-False-all-auto-1-False-all-s076] PASSED [ 87%]
tests/test_protein_local_reductions.py::test_complete_collinear_result_differential[support-edges-False-all-auto-1-False-all-s077] PASSED [ 87%]
tests/test_protein_local_reductions.py::test_complete_collinear_result_differential[support-edges-False-all-auto-1-True-adjacent-s076] PASSED [ 87%]
tests/test_protein_local_reductions.py::test_complete_collinear_result_differential[support-edges-False-all-auto-1-True-adjacent-s077] PASSED [ 87%]
tests/test_protein_local_reductions.py::test_complete_collinear_result_differential[support-edges-False-all-auto-1-True-all-s076] PASSED [ 87%]
tests/test_protein_local_reductions.py::test_complete_collinear_result_differential[support-edges-False-all-auto-1-True-all-s077] PASSED [ 87%]
tests/test_protein_local_reductions.py::test_complete_collinear_result_differential[support-edges-False-all-auto-5-False-adjacent-s076] PASSED [ 87%]
tests/test_protein_local_reductions.py::test_complete_collinear_result_differential[support-edges-False-all-auto-5-False-adjacent-s077] PASSED [ 87%]
tests/test_protein_local_reductions.py::test_complete_collinear_result_differential[support-edges-False-all-auto-5-False-all-s076] PASSED [ 87%]
tests/test_protein_local_reductions.py::test_complete_collinear_result_differential[support-edges-False-all-auto-5-False-all-s077] PASSED [ 87%]
tests/test_protein_local_reductions.py::test_complete_collinear_result_differential[support-edges-False-all-auto-5-True-adjacent-s076] PASSED [ 87%]
tests/test_protein_local_reductions.py::test_complete_collinear_result_differential[support-edges-False-all-auto-5-True-adjacent-s077] PASSED [ 87%]
tests/test_protein_local_reductions.py::test_complete_collinear_result_differential[support-edges-False-all-auto-5-True-all-s076] PASSED [ 87%]
tests/test_protein_local_reductions.py::test_complete_collinear_result_differential[support-edges-False-all-auto-5-True-all-s077] PASSED [ 87%]
tests/test_protein_local_reductions.py::test_complete_collinear_result_differential[support-edges-False-all-auto-None-False-adjacent-s076] PASSED [ 87%]
tests/test_protein_local_reductions.py::test_complete_collinear_result_differential[support-edges-False-all-auto-None-False-adjacent-s077] PASSED [ 87%]
tests/test_protein_local_reductions.py::test_complete_collinear_result_differential[support-edges-False-all-auto-None-False-all-s076] PASSED [ 87%]
tests/test_protein_local_reductions.py::test_complete_collinear_result_differential[support-edges-False-all-auto-None-False-all-s077] PASSED [ 87%]
tests/test_protein_local_reductions.py::test_complete_collinear_result_differential[support-edges-False-all-auto-None-True-adjacent-s076] PASSED [ 87%]
tests/test_protein_local_reductions.py::test_complete_collinear_result_differential[support-edges-False-all-auto-None-True-adjacent-s077] PASSED [ 87%]
tests/test_protein_local_reductions.py::test_complete_collinear_result_differential[support-edges-False-all-auto-None-True-all-s076] PASSED [ 88%]
tests/test_protein_local_reductions.py::test_complete_collinear_result_differential[support-edges-False-all-auto-None-True-all-s077] PASSED [ 88%]
tests/test_protein_local_reductions.py::test_complete_collinear_result_differential[support-edges-False-all-cds-1-False-adjacent-s076] PASSED [ 88%]
tests/test_protein_local_reductions.py::test_complete_collinear_result_differential[support-edges-False-all-cds-1-False-adjacent-s077] PASSED [ 88%]
tests/test_protein_local_reductions.py::test_complete_collinear_result_differential[support-edges-False-all-cds-1-False-all-s076] PASSED [ 88%]
tests/test_protein_local_reductions.py::test_complete_collinear_result_differential[support-edges-False-all-cds-1-False-all-s077] PASSED [ 88%]
tests/test_protein_local_reductions.py::test_complete_collinear_result_differential[support-edges-False-all-cds-1-True-adjacent-s076] PASSED [ 88%]
tests/test_protein_local_reductions.py::test_complete_collinear_result_differential[support-edges-False-all-cds-1-True-adjacent-s077] PASSED [ 88%]
tests/test_protein_local_reductions.py::test_complete_collinear_result_differential[support-edges-False-all-cds-1-True-all-s076] PASSED [ 88%]
tests/test_protein_local_reductions.py::test_complete_collinear_result_differential[support-edges-False-all-cds-1-True-all-s077] PASSED [ 88%]
tests/test_protein_local_reductions.py::test_complete_collinear_result_differential[support-edges-False-all-cds-5-False-adjacent-s076] PASSED [ 88%]
tests/test_protein_local_reductions.py::test_complete_collinear_result_differential[support-edges-False-all-cds-5-False-adjacent-s077] PASSED [ 88%]
tests/test_protein_local_reductions.py::test_complete_collinear_result_differential[support-edges-False-all-cds-5-False-all-s076] PASSED [ 88%]
tests/test_protein_local_reductions.py::test_complete_collinear_result_differential[support-edges-False-all-cds-5-False-all-s077] PASSED [ 88%]
tests/test_protein_local_reductions.py::test_complete_collinear_result_differential[support-edges-False-all-cds-5-True-adjacent-s076] PASSED [ 88%]
tests/test_protein_local_reductions.py::test_complete_collinear_result_differential[support-edges-False-all-cds-5-True-adjacent-s077] PASSED [ 88%]
tests/test_protein_local_reductions.py::test_complete_collinear_result_differential[support-edges-False-all-cds-5-True-all-s076] PASSED [ 88%]
tests/test_protein_local_reductions.py::test_complete_collinear_result_differential[support-edges-False-all-cds-5-True-all-s077] PASSED [ 88%]
tests/test_protein_local_reductions.py::test_complete_collinear_result_differential[support-edges-False-all-cds-None-False-adjacent-s076] PASSED [ 88%]
tests/test_protein_local_reductions.py::test_complete_collinear_result_differential[support-edges-False-all-cds-None-False-adjacent-s077] PASSED [ 88%]
tests/test_protein_local_reductions.py::test_complete_collinear_result_differential[support-edges-False-all-cds-None-False-all-s076] PASSED [ 88%]
tests/test_protein_local_reductions.py::test_complete_collinear_result_differential[support-edges-False-all-cds-None-False-all-s077] PASSED [ 89%]
tests/test_protein_local_reductions.py::test_complete_collinear_result_differential[support-edges-False-all-cds-None-True-adjacent-s076] PASSED [ 89%]
tests/test_protein_local_reductions.py::test_complete_collinear_result_differential[support-edges-False-all-cds-None-True-adjacent-s077] PASSED [ 89%]
tests/test_protein_local_reductions.py::test_complete_collinear_result_differential[support-edges-False-all-cds-None-True-all-s076] PASSED [ 89%]
tests/test_protein_local_reductions.py::test_complete_collinear_result_differential[support-edges-False-all-cds-None-True-all-s077] PASSED [ 89%]
tests/test_protein_local_reductions.py::test_complete_collinear_result_differential[support-edges-False-all-locus-1-False-adjacent-s076] PASSED [ 89%]
tests/test_protein_local_reductions.py::test_complete_collinear_result_differential[support-edges-False-all-locus-1-False-adjacent-s077] PASSED [ 89%]
tests/test_protein_local_reductions.py::test_complete_collinear_result_differential[support-edges-False-all-locus-1-False-all-s076] PASSED [ 89%]
tests/test_protein_local_reductions.py::test_complete_collinear_result_differential[support-edges-False-all-locus-1-False-all-s077] PASSED [ 89%]
tests/test_protein_local_reductions.py::test_complete_collinear_result_differential[support-edges-False-all-locus-1-True-adjacent-s076] PASSED [ 89%]
tests/test_protein_local_reductions.py::test_complete_collinear_result_differential[support-edges-False-all-locus-1-True-adjacent-s077] PASSED [ 89%]
tests/test_protein_local_reductions.py::test_complete_collinear_result_differential[support-edges-False-all-locus-1-True-all-s076] PASSED [ 89%]
tests/test_protein_local_reductions.py::test_complete_collinear_result_differential[support-edges-False-all-locus-1-True-all-s077] PASSED [ 89%]
tests/test_protein_local_reductions.py::test_complete_collinear_result_differential[support-edges-False-all-locus-5-False-adjacent-s076] PASSED [ 89%]
tests/test_protein_local_reductions.py::test_complete_collinear_result_differential[support-edges-False-all-locus-5-False-adjacent-s077] PASSED [ 89%]
tests/test_protein_local_reductions.py::test_complete_collinear_result_differential[support-edges-False-all-locus-5-False-all-s076] PASSED [ 89%]
tests/test_protein_local_reductions.py::test_complete_collinear_result_differential[support-edges-False-all-locus-5-False-all-s077] PASSED [ 89%]
tests/test_protein_local_reductions.py::test_complete_collinear_result_differential[support-edges-False-all-locus-5-True-adjacent-s076] PASSED [ 89%]
tests/test_protein_local_reductions.py::test_complete_collinear_result_differential[support-edges-False-all-locus-5-True-adjacent-s077] PASSED [ 89%]
tests/test_protein_local_reductions.py::test_complete_collinear_result_differential[support-edges-False-all-locus-5-True-all-s076] PASSED [ 89%]
tests/test_protein_local_reductions.py::test_complete_collinear_result_differential[support-edges-False-all-locus-5-True-all-s077] PASSED [ 89%]
tests/test_protein_local_reductions.py::test_complete_collinear_result_differential[support-edges-False-all-locus-None-False-adjacent-s076] PASSED [ 90%]
tests/test_protein_local_reductions.py::test_complete_collinear_result_differential[support-edges-False-all-locus-None-False-adjacent-s077] PASSED [ 90%]
tests/test_protein_local_reductions.py::test_complete_collinear_result_differential[support-edges-False-all-locus-None-False-all-s076] PASSED [ 90%]
tests/test_protein_local_reductions.py::test_complete_collinear_result_differential[support-edges-False-all-locus-None-False-all-s077] PASSED [ 90%]
tests/test_protein_local_reductions.py::test_complete_collinear_result_differential[support-edges-False-all-locus-None-True-adjacent-s076] PASSED [ 90%]
tests/test_protein_local_reductions.py::test_complete_collinear_result_differential[support-edges-False-all-locus-None-True-adjacent-s077] PASSED [ 90%]
tests/test_protein_local_reductions.py::test_complete_collinear_result_differential[support-edges-False-all-locus-None-True-all-s076] PASSED [ 90%]
tests/test_protein_local_reductions.py::test_complete_collinear_result_differential[support-edges-False-all-locus-None-True-all-s077] PASSED [ 90%]
tests/test_protein_local_reductions.py::test_complete_similarity_result_differential[False-sparse-2-1-s076] PASSED [ 90%]
tests/test_protein_local_reductions.py::test_complete_similarity_result_differential[False-sparse-2-1-s077] PASSED [ 90%]
tests/test_protein_local_reductions.py::test_complete_similarity_result_differential[False-sparse-2-5-s076] PASSED [ 90%]
tests/test_protein_local_reductions.py::test_complete_similarity_result_differential[False-sparse-2-5-s077] PASSED [ 90%]
tests/test_protein_local_reductions.py::test_complete_similarity_result_differential[False-sparse-2-None-s076] PASSED [ 90%]
tests/test_protein_local_reductions.py::test_complete_similarity_result_differential[False-sparse-2-None-s077] PASSED [ 90%]
tests/test_protein_local_reductions.py::test_complete_similarity_result_differential[False-dense-4-1-s076] PASSED [ 90%]
tests/test_protein_local_reductions.py::test_complete_similarity_result_differential[False-dense-4-1-s077] PASSED [ 90%]
tests/test_protein_local_reductions.py::test_complete_similarity_result_differential[False-dense-4-5-s076] PASSED [ 90%]
tests/test_protein_local_reductions.py::test_complete_similarity_result_differential[False-dense-4-5-s077] PASSED [ 90%]
tests/test_protein_local_reductions.py::test_complete_similarity_result_differential[False-dense-4-None-s076] PASSED [ 90%]
tests/test_protein_local_reductions.py::test_complete_similarity_result_differential[False-dense-4-None-s077] PASSED [ 90%]
tests/test_protein_local_reductions.py::test_complete_similarity_result_differential[False-support-edges-1-s076] PASSED [ 90%]
tests/test_protein_local_reductions.py::test_complete_similarity_result_differential[False-support-edges-1-s077] PASSED [ 91%]
tests/test_protein_local_reductions.py::test_complete_similarity_result_differential[False-support-edges-5-s076] PASSED [ 91%]
tests/test_protein_local_reductions.py::test_complete_similarity_result_differential[False-support-edges-5-s077] PASSED [ 91%]
tests/test_protein_local_reductions.py::test_complete_similarity_result_differential[False-support-edges-None-s076] PASSED [ 91%]
tests/test_protein_local_reductions.py::test_complete_similarity_result_differential[False-support-edges-None-s077] PASSED [ 91%]
tests/test_protein_local_reductions.py::test_complete_similarity_result_differential[True-sparse-2-1-s076] PASSED [ 91%]
tests/test_protein_local_reductions.py::test_complete_similarity_result_differential[True-sparse-2-1-s077] PASSED [ 91%]
tests/test_protein_local_reductions.py::test_complete_similarity_result_differential[True-sparse-2-5-s076] PASSED [ 91%]
tests/test_protein_local_reductions.py::test_complete_similarity_result_differential[True-sparse-2-5-s077] PASSED [ 91%]
tests/test_protein_local_reductions.py::test_complete_similarity_result_differential[True-sparse-2-None-s076] PASSED [ 91%]
tests/test_protein_local_reductions.py::test_complete_similarity_result_differential[True-sparse-2-None-s077] PASSED [ 91%]
tests/test_protein_local_reductions.py::test_complete_similarity_result_differential[True-dense-4-1-s076] PASSED [ 91%]
tests/test_protein_local_reductions.py::test_complete_similarity_result_differential[True-dense-4-1-s077] PASSED [ 91%]
tests/test_protein_local_reductions.py::test_complete_similarity_result_differential[True-dense-4-5-s076] PASSED [ 91%]
tests/test_protein_local_reductions.py::test_complete_similarity_result_differential[True-dense-4-5-s077] PASSED [ 91%]
tests/test_protein_local_reductions.py::test_complete_similarity_result_differential[True-dense-4-None-s076] PASSED [ 91%]
tests/test_protein_local_reductions.py::test_complete_similarity_result_differential[True-dense-4-None-s077] PASSED [ 91%]
tests/test_protein_local_reductions.py::test_complete_similarity_result_differential[True-support-edges-1-s076] PASSED [ 91%]
tests/test_protein_local_reductions.py::test_complete_similarity_result_differential[True-support-edges-1-s077] PASSED [ 91%]
tests/test_protein_local_reductions.py::test_complete_similarity_result_differential[True-support-edges-5-s076] PASSED [ 91%]
tests/test_protein_local_reductions.py::test_complete_similarity_result_differential[True-support-edges-5-s077] PASSED [ 91%]
tests/test_protein_local_reductions.py::test_complete_similarity_result_differential[True-support-edges-None-s076] PASSED [ 92%]
tests/test_protein_local_reductions.py::test_complete_similarity_result_differential[True-support-edges-None-s077] PASSED [ 92%]
tests/test_protein_s078.py::test_frozen_source_identity_and_isolation PASSED [ 92%]
tests/test_protein_s078.py::test_hsp_exact_private_errors_values_and_all_columns[nan-bitscore-False] PASSED [ 92%]
tests/test_protein_s078.py::test_hsp_exact_private_errors_values_and_all_columns[nan-bitscore-True] PASSED [ 92%]
tests/test_protein_s078.py::test_hsp_exact_private_errors_values_and_all_columns[nan-evalue-False] PASSED [ 92%]
tests/test_protein_s078.py::test_hsp_exact_private_errors_values_and_all_columns[nan-evalue-True] PASSED [ 92%]
tests/test_protein_s078.py::test_hsp_exact_private_errors_values_and_all_columns[nan-identity-False] PASSED [ 92%]
tests/test_protein_s078.py::test_hsp_exact_private_errors_values_and_all_columns[nan-identity-True] PASSED [ 92%]
tests/test_protein_s078.py::test_hsp_exact_private_errors_values_and_all_columns[nan-alignment_length-False] PASSED [ 92%]
tests/test_protein_s078.py::test_hsp_exact_private_errors_values_and_all_columns[nan-alignment_length-True] PASSED [ 92%]
tests/test_protein_s078.py::test_hsp_exact_private_errors_values_and_all_columns[nan-qstart-False] PASSED [ 92%]
tests/test_protein_s078.py::test_hsp_exact_private_errors_values_and_all_columns[nan-qstart-True] PASSED [ 92%]
tests/test_protein_s078.py::test_hsp_exact_private_errors_values_and_all_columns[nan-qend-False] PASSED [ 92%]
tests/test_protein_s078.py::test_hsp_exact_private_errors_values_and_all_columns[nan-qend-True] PASSED [ 92%]
tests/test_protein_s078.py::test_hsp_exact_private_errors_values_and_all_columns[nan-sstart-False] PASSED [ 92%]
tests/test_protein_s078.py::test_hsp_exact_private_errors_values_and_all_columns[nan-sstart-True] PASSED [ 92%]
tests/test_protein_s078.py::test_hsp_exact_private_errors_values_and_all_columns[nan-send-False] PASSED [ 92%]
tests/test_protein_s078.py::test_hsp_exact_private_errors_values_and_all_columns[nan-send-True] PASSED [ 92%]
tests/test_protein_s078.py::test_hsp_exact_private_errors_values_and_all_columns[inf-bitscore-False] PASSED [ 92%]
tests/test_protein_s078.py::test_hsp_exact_private_errors_values_and_all_columns[inf-bitscore-True] PASSED [ 92%]
tests/test_protein_s078.py::test_hsp_exact_private_errors_values_and_all_columns[inf-evalue-False] PASSED [ 93%]
tests/test_protein_s078.py::test_hsp_exact_private_errors_values_and_all_columns[inf-evalue-True] PASSED [ 93%]
tests/test_protein_s078.py::test_hsp_exact_private_errors_values_and_all_columns[inf-identity-False] PASSED [ 93%]
tests/test_protein_s078.py::test_hsp_exact_private_errors_values_and_all_columns[inf-identity-True] PASSED [ 93%]
tests/test_protein_s078.py::test_hsp_exact_private_errors_values_and_all_columns[inf-alignment_length-False] PASSED [ 93%]
tests/test_protein_s078.py::test_hsp_exact_private_errors_values_and_all_columns[inf-alignment_length-True] PASSED [ 93%]
tests/test_protein_s078.py::test_hsp_exact_private_errors_values_and_all_columns[inf-qstart-False] PASSED [ 93%]
tests/test_protein_s078.py::test_hsp_exact_private_errors_values_and_all_columns[inf-qstart-True] PASSED [ 93%]
tests/test_protein_s078.py::test_hsp_exact_private_errors_values_and_all_columns[inf-qend-False] PASSED [ 93%]
tests/test_protein_s078.py::test_hsp_exact_private_errors_values_and_all_columns[inf-qend-True] PASSED [ 93%]
tests/test_protein_s078.py::test_hsp_exact_private_errors_values_and_all_columns[inf-sstart-False] PASSED [ 93%]
tests/test_protein_s078.py::test_hsp_exact_private_errors_values_and_all_columns[inf-sstart-True] PASSED [ 93%]
tests/test_protein_s078.py::test_hsp_exact_private_errors_values_and_all_columns[inf-send-False] PASSED [ 93%]
tests/test_protein_s078.py::test_hsp_exact_private_errors_values_and_all_columns[inf-send-True] PASSED [ 93%]
tests/test_protein_s078.py::test_hsp_exact_private_errors_values_and_all_columns[-inf-bitscore-False] PASSED [ 93%]
tests/test_protein_s078.py::test_hsp_exact_private_errors_values_and_all_columns[-inf-bitscore-True] PASSED [ 93%]
tests/test_protein_s078.py::test_hsp_exact_private_errors_values_and_all_columns[-inf-evalue-False] PASSED [ 93%]
tests/test_protein_s078.py::test_hsp_exact_private_errors_values_and_all_columns[-inf-evalue-True] PASSED [ 93%]
tests/test_protein_s078.py::test_hsp_exact_private_errors_values_and_all_columns[-inf-identity-False] PASSED [ 93%]
tests/test_protein_s078.py::test_hsp_exact_private_errors_values_and_all_columns[-inf-identity-True] PASSED [ 93%]
tests/test_protein_s078.py::test_hsp_exact_private_errors_values_and_all_columns[-inf-alignment_length-False] PASSED [ 93%]
tests/test_protein_s078.py::test_hsp_exact_private_errors_values_and_all_columns[-inf-alignment_length-True] PASSED [ 94%]
tests/test_protein_s078.py::test_hsp_exact_private_errors_values_and_all_columns[-inf-qstart-False] PASSED [ 94%]
tests/test_protein_s078.py::test_hsp_exact_private_errors_values_and_all_columns[-inf-qstart-True] PASSED [ 94%]
tests/test_protein_s078.py::test_hsp_exact_private_errors_values_and_all_columns[-inf-qend-False] PASSED [ 94%]
tests/test_protein_s078.py::test_hsp_exact_private_errors_values_and_all_columns[-inf-qend-True] PASSED [ 94%]
tests/test_protein_s078.py::test_hsp_exact_private_errors_values_and_all_columns[-inf-sstart-False] PASSED [ 94%]
tests/test_protein_s078.py::test_hsp_exact_private_errors_values_and_all_columns[-inf-sstart-True] PASSED [ 94%]
tests/test_protein_s078.py::test_hsp_exact_private_errors_values_and_all_columns[-inf-send-False] PASSED [ 94%]
tests/test_protein_s078.py::test_hsp_exact_private_errors_values_and_all_columns[-inf-send-True] PASSED [ 94%]
tests/test_protein_s078.py::test_hsp_exact_private_errors_values_and_all_columns[bad-bitscore-False] PASSED [ 94%]
tests/test_protein_s078.py::test_hsp_exact_private_errors_values_and_all_columns[bad-bitscore-True] PASSED [ 94%]
tests/test_protein_s078.py::test_hsp_exact_private_errors_values_and_all_columns[bad-evalue-False] PASSED [ 94%]
tests/test_protein_s078.py::test_hsp_exact_private_errors_values_and_all_columns[bad-evalue-True] PASSED [ 94%]
tests/test_protein_s078.py::test_hsp_exact_private_errors_values_and_all_columns[bad-identity-False] PASSED [ 94%]
tests/test_protein_s078.py::test_hsp_exact_private_errors_values_and_all_columns[bad-identity-True] PASSED [ 94%]
tests/test_protein_s078.py::test_hsp_exact_private_errors_values_and_all_columns[bad-alignment_length-False] PASSED [ 94%]
tests/test_protein_s078.py::test_hsp_exact_private_errors_values_and_all_columns[bad-alignment_length-True] PASSED [ 94%]
tests/test_protein_s078.py::test_hsp_exact_private_errors_values_and_all_columns[bad-qstart-False] PASSED [ 94%]
tests/test_protein_s078.py::test_hsp_exact_private_errors_values_and_all_columns[bad-qstart-True] PASSED [ 94%]
tests/test_protein_s078.py::test_hsp_exact_private_errors_values_and_all_columns[bad-qend-False] PASSED [ 94%]
tests/test_protein_s078.py::test_hsp_exact_private_errors_values_and_all_columns[bad-qend-True] PASSED [ 94%]
tests/test_protein_s078.py::test_hsp_exact_private_errors_values_and_all_columns[bad-sstart-False] PASSED [ 95%]
tests/test_protein_s078.py::test_hsp_exact_private_errors_values_and_all_columns[bad-sstart-True] PASSED [ 95%]
tests/test_protein_s078.py::test_hsp_exact_private_errors_values_and_all_columns[bad-send-False] PASSED [ 95%]
tests/test_protein_s078.py::test_hsp_exact_private_errors_values_and_all_columns[bad-send-True] PASSED [ 95%]
tests/test_protein_s078.py::test_hsp_exact_private_errors_values_and_all_columns[None-bitscore-False] PASSED [ 95%]
tests/test_protein_s078.py::test_hsp_exact_private_errors_values_and_all_columns[None-bitscore-True] PASSED [ 95%]
tests/test_protein_s078.py::test_hsp_exact_private_errors_values_and_all_columns[None-evalue-False] PASSED [ 95%]
tests/test_protein_s078.py::test_hsp_exact_private_errors_values_and_all_columns[None-evalue-True] PASSED [ 95%]
tests/test_protein_s078.py::test_hsp_exact_private_errors_values_and_all_columns[None-identity-False] PASSED [ 95%]
tests/test_protein_s078.py::test_hsp_exact_private_errors_values_and_all_columns[None-identity-True] PASSED [ 95%]
tests/test_protein_s078.py::test_hsp_exact_private_errors_values_and_all_columns[None-alignment_length-False] PASSED [ 95%]
tests/test_protein_s078.py::test_hsp_exact_private_errors_values_and_all_columns[None-alignment_length-True] PASSED [ 95%]
tests/test_protein_s078.py::test_hsp_exact_private_errors_values_and_all_columns[None-qstart-False] PASSED [ 95%]
tests/test_protein_s078.py::test_hsp_exact_private_errors_values_and_all_columns[None-qstart-True] PASSED [ 95%]
tests/test_protein_s078.py::test_hsp_exact_private_errors_values_and_all_columns[None-qend-False] PASSED [ 95%]
tests/test_protein_s078.py::test_hsp_exact_private_errors_values_and_all_columns[None-qend-True] PASSED [ 95%]
tests/test_protein_s078.py::test_hsp_exact_private_errors_values_and_all_columns[None-sstart-False] PASSED [ 95%]
tests/test_protein_s078.py::test_hsp_exact_private_errors_values_and_all_columns[None-sstart-True] PASSED [ 95%]
tests/test_protein_s078.py::test_hsp_exact_private_errors_values_and_all_columns[None-send-False] PASSED [ 95%]
tests/test_protein_s078.py::test_hsp_exact_private_errors_values_and_all_columns[None-send-True] PASSED [ 95%]
tests/test_protein_s078.py::test_hsp_exact_private_errors_values_and_all_columns[value5-bitscore-False] PASSED [ 95%]
tests/test_protein_s078.py::test_hsp_exact_private_errors_values_and_all_columns[value5-bitscore-True] PASSED [ 96%]
tests/test_protein_s078.py::test_hsp_exact_private_errors_values_and_all_columns[value5-evalue-False] PASSED [ 96%]
tests/test_protein_s078.py::test_hsp_exact_private_errors_values_and_all_columns[value5-evalue-True] PASSED [ 96%]
tests/test_protein_s078.py::test_hsp_exact_private_errors_values_and_all_columns[value5-identity-False] PASSED [ 96%]
tests/test_protein_s078.py::test_hsp_exact_private_errors_values_and_all_columns[value5-identity-True] PASSED [ 96%]
tests/test_protein_s078.py::test_hsp_exact_private_errors_values_and_all_columns[value5-alignment_length-False] PASSED [ 96%]
tests/test_protein_s078.py::test_hsp_exact_private_errors_values_and_all_columns[value5-alignment_length-True] PASSED [ 96%]
tests/test_protein_s078.py::test_hsp_exact_private_errors_values_and_all_columns[value5-qstart-False] PASSED [ 96%]
tests/test_protein_s078.py::test_hsp_exact_private_errors_values_and_all_columns[value5-qstart-True] PASSED [ 96%]
tests/test_protein_s078.py::test_hsp_exact_private_errors_values_and_all_columns[value5-qend-False] PASSED [ 96%]
tests/test_protein_s078.py::test_hsp_exact_private_errors_values_and_all_columns[value5-qend-True] PASSED [ 96%]
tests/test_protein_s078.py::test_hsp_exact_private_errors_values_and_all_columns[value5-sstart-False] PASSED [ 96%]
tests/test_protein_s078.py::test_hsp_exact_private_errors_values_and_all_columns[value5-sstart-True] PASSED [ 96%]
tests/test_protein_s078.py::test_hsp_exact_private_errors_values_and_all_columns[value5-send-False] PASSED [ 96%]
tests/test_protein_s078.py::test_hsp_exact_private_errors_values_and_all_columns[value5-send-True] PASSED [ 96%]
tests/test_protein_s078.py::test_hsp_exact_private_errors_values_and_all_columns[-0.5-bitscore-False] PASSED [ 96%]
tests/test_protein_s078.py::test_hsp_exact_private_errors_values_and_all_columns[-0.5-bitscore-True] PASSED [ 96%]
tests/test_protein_s078.py::test_hsp_exact_private_errors_values_and_all_columns[-0.5-evalue-False] PASSED [ 96%]
tests/test_protein_s078.py::test_hsp_exact_private_errors_values_and_all_columns[-0.5-evalue-True] PASSED [ 96%]
tests/test_protein_s078.py::test_hsp_exact_private_errors_values_and_all_columns[-0.5-identity-False] PASSED [ 96%]
tests/test_protein_s078.py::test_hsp_exact_private_errors_values_and_all_columns[-0.5-identity-True] PASSED [ 96%]
tests/test_protein_s078.py::test_hsp_exact_private_errors_values_and_all_columns[-0.5-alignment_length-False] PASSED [ 97%]
tests/test_protein_s078.py::test_hsp_exact_private_errors_values_and_all_columns[-0.5-alignment_length-True] PASSED [ 97%]
tests/test_protein_s078.py::test_hsp_exact_private_errors_values_and_all_columns[-0.5-qstart-False] PASSED [ 97%]
tests/test_protein_s078.py::test_hsp_exact_private_errors_values_and_all_columns[-0.5-qstart-True] PASSED [ 97%]
tests/test_protein_s078.py::test_hsp_exact_private_errors_values_and_all_columns[-0.5-qend-False] PASSED [ 97%]
tests/test_protein_s078.py::test_hsp_exact_private_errors_values_and_all_columns[-0.5-qend-True] PASSED [ 97%]
tests/test_protein_s078.py::test_hsp_exact_private_errors_values_and_all_columns[-0.5-sstart-False] PASSED [ 97%]
tests/test_protein_s078.py::test_hsp_exact_private_errors_values_and_all_columns[-0.5-sstart-True] PASSED [ 97%]
tests/test_protein_s078.py::test_hsp_exact_private_errors_values_and_all_columns[-0.5-send-False] PASSED [ 97%]
tests/test_protein_s078.py::test_hsp_exact_private_errors_values_and_all_columns[-0.5-send-True] PASSED [ 97%]
tests/test_protein_s078.py::test_hsp_exact_private_errors_values_and_all_columns[0.5-bitscore-False] PASSED [ 97%]
tests/test_protein_s078.py::test_hsp_exact_private_errors_values_and_all_columns[0.5-bitscore-True] PASSED [ 97%]
tests/test_protein_s078.py::test_hsp_exact_private_errors_values_and_all_columns[0.5-evalue-False] PASSED [ 97%]
tests/test_protein_s078.py::test_hsp_exact_private_errors_values_and_all_columns[0.5-evalue-True] PASSED [ 97%]
tests/test_protein_s078.py::test_hsp_exact_private_errors_values_and_all_columns[0.5-identity-False] PASSED [ 97%]
tests/test_protein_s078.py::test_hsp_exact_private_errors_values_and_all_columns[0.5-identity-True] PASSED [ 97%]
tests/test_protein_s078.py::test_hsp_exact_private_errors_values_and_all_columns[0.5-alignment_length-False] PASSED [ 97%]
tests/test_protein_s078.py::test_hsp_exact_private_errors_values_and_all_columns[0.5-alignment_length-True] PASSED [ 97%]
tests/test_protein_s078.py::test_hsp_exact_private_errors_values_and_all_columns[0.5-qstart-False] PASSED [ 97%]
tests/test_protein_s078.py::test_hsp_exact_private_errors_values_and_all_columns[0.5-qstart-True] PASSED [ 97%]
tests/test_protein_s078.py::test_hsp_exact_private_errors_values_and_all_columns[0.5-qend-False] PASSED [ 97%]
tests/test_protein_s078.py::test_hsp_exact_private_errors_values_and_all_columns[0.5-qend-True] PASSED [ 98%]
tests/test_protein_s078.py::test_hsp_exact_private_errors_values_and_all_columns[0.5-sstart-False] PASSED [ 98%]
tests/test_protein_s078.py::test_hsp_exact_private_errors_values_and_all_columns[0.5-sstart-True] PASSED [ 98%]
tests/test_protein_s078.py::test_hsp_exact_private_errors_values_and_all_columns[0.5-send-False] PASSED [ 98%]
tests/test_protein_s078.py::test_hsp_exact_private_errors_values_and_all_columns[0.5-send-True] PASSED [ 98%]
tests/test_protein_s078.py::test_hsp_exact_private_errors_values_and_all_columns[2.5-bitscore-False] PASSED [ 98%]
tests/test_protein_s078.py::test_hsp_exact_private_errors_values_and_all_columns[2.5-bitscore-True] PASSED [ 98%]
tests/test_protein_s078.py::test_hsp_exact_private_errors_values_and_all_columns[2.5-evalue-False] PASSED [ 98%]
tests/test_protein_s078.py::test_hsp_exact_private_errors_values_and_all_columns[2.5-evalue-True] PASSED [ 98%]
tests/test_protein_s078.py::test_hsp_exact_private_errors_values_and_all_columns[2.5-identity-False] PASSED [ 98%]
tests/test_protein_s078.py::test_hsp_exact_private_errors_values_and_all_columns[2.5-identity-True] PASSED [ 98%]
tests/test_protein_s078.py::test_hsp_exact_private_errors_values_and_all_columns[2.5-alignment_length-False] PASSED [ 98%]
tests/test_protein_s078.py::test_hsp_exact_private_errors_values_and_all_columns[2.5-alignment_length-True] PASSED [ 98%]
tests/test_protein_s078.py::test_hsp_exact_private_errors_values_and_all_columns[2.5-qstart-False] PASSED [ 98%]
tests/test_protein_s078.py::test_hsp_exact_private_errors_values_and_all_columns[2.5-qstart-True] PASSED [ 98%]
tests/test_protein_s078.py::test_hsp_exact_private_errors_values_and_all_columns[2.5-qend-False] PASSED [ 98%]
tests/test_protein_s078.py::test_hsp_exact_private_errors_values_and_all_columns[2.5-qend-True] PASSED [ 98%]
tests/test_protein_s078.py::test_hsp_exact_private_errors_values_and_all_columns[2.5-sstart-False] PASSED [ 98%]
tests/test_protein_s078.py::test_hsp_exact_private_errors_values_and_all_columns[2.5-sstart-True] PASSED [ 98%]
tests/test_protein_s078.py::test_hsp_exact_private_errors_values_and_all_columns[2.5-send-False] PASSED [ 98%]
tests/test_protein_s078.py::test_hsp_exact_private_errors_values_and_all_columns[2.5-send-True] PASSED [ 98%]
tests/test_protein_s078.py::test_complete_unit_index_s077[auto] PASSED   [ 99%]
tests/test_protein_s078.py::test_complete_unit_index_s077[cds] PASSED    [ 99%]
tests/test_protein_s078.py::test_complete_unit_index_s077[locus] PASSED  [ 99%]
tests/test_protein_s078.py::test_complete_unit_index_s077[invalid] PASSED [ 99%]
tests/test_protein_s078.py::test_stateful_scalar_reuse_counterexample PASSED [ 99%]
tests/test_protein_s078.py::test_hsp_avoids_copying_asdict PASSED        [ 99%]
tests/test_protein_s078.py::test_aliases_remain_ordered_for_large_collapsed_locus[auto] PASSED [ 99%]
tests/test_protein_s078.py::test_aliases_remain_ordered_for_large_collapsed_locus[cds] PASSED [ 99%]
tests/test_protein_s078.py::test_aliases_remain_ordered_for_large_collapsed_locus[locus] PASSED [ 99%]
tests/test_protein_s078.py::test_related_limits_complete_s077_result[0-sparse-2] PASSED [ 99%]
tests/test_protein_s078.py::test_related_limits_complete_s077_result[0-dense-4] PASSED [ 99%]
tests/test_protein_s078.py::test_related_limits_complete_s077_result[0-support-edges] PASSED [ 99%]
tests/test_protein_s078.py::test_related_limits_complete_s077_result[1-sparse-2] PASSED [ 99%]
tests/test_protein_s078.py::test_related_limits_complete_s077_result[1-dense-4] PASSED [ 99%]
tests/test_protein_s078.py::test_related_limits_complete_s077_result[1-support-edges] PASSED [ 99%]
tests/test_protein_s078.py::test_related_limits_complete_s077_result[200-sparse-2] PASSED [ 99%]
tests/test_protein_s078.py::test_related_limits_complete_s077_result[200-dense-4] PASSED [ 99%]
tests/test_protein_s078.py::test_related_limits_complete_s077_result[200-support-edges] PASSED [ 99%]
tests/test_protein_s078.py::test_unit_key_independent_minima_conversion_order_and_empty PASSED [ 99%]
tests/test_protein_s078.py::test_hsp_s077_pair_order_missing_ids_and_extra_columns[object] PASSED [ 99%]
tests/test_protein_s078.py::test_hsp_s077_pair_order_missing_ids_and_extra_columns[string] PASSED [ 99%]
tests/test_protein_s078.py::test_hsp_s077_pair_order_missing_ids_and_extra_columns[category] PASSED [100%]

=============================== warnings summary ===============================
tests/test_protein_colinearity.py::test_hsp_missing_ids_never_become_valid_strings[category]
  /mnt/c/Users/genom/GitHub/gbdraw/.worktrees/collinear-s08-20260916/tests/prototypes/hsp_aggregation.py:30: FutureWarning: The default of observed=False is deprecated and will be changed to True in a future version of pandas. Pass observed=False to retain current behavior or observed=True to adopt the future default and silence this warning.
    for (query_id, subject_id), group in hits.groupby(["query", "subject"], sort=False):

tests/test_lossless_ortholog_paths.py::test_current_gallery_render_save_replay_do_not_enumerate[gallery-orthogroup]
tests/test_lossless_ortholog_paths.py::test_current_gallery_render_save_replay_do_not_enumerate[gallery-orthogroup]
tests/test_lossless_ortholog_paths.py::test_current_gallery_render_save_replay_do_not_enumerate[gallery-orthogroup]
tests/test_lossless_ortholog_paths.py::test_current_gallery_render_save_replay_do_not_enumerate[gallery-orthogroup]
  /mnt/c/Users/genom/GitHub/gbdraw/.worktrees/collinear-s08-20260916/gbdraw/linear_comparison.py:110: FutureWarning: The behavior of DataFrame concatenation with empty or all-NA entries is deprecated. In a future version, this will no longer exclude empty or all-NA columns when determining the result dtypes. To retain the old behavior, exclude the relevant entries before the concat operation.
    else pd.concat(frames, ignore_index=True)

tests/test_protein_local_reductions.py::test_member_top_best_and_reciprocity_independent_oracle[1-categorical]
tests/test_protein_local_reductions.py::test_member_top_best_and_reciprocity_independent_oracle[1-categorical]
tests/test_protein_local_reductions.py::test_member_top_best_and_reciprocity_independent_oracle[5-categorical]
tests/test_protein_local_reductions.py::test_member_top_best_and_reciprocity_independent_oracle[5-categorical]
  /mnt/c/Users/genom/GitHub/gbdraw/.worktrees/collinear-s08-20260916/gbdraw/analysis/protein_colinearity.py:3404: FutureWarning: The default of observed=False is deprecated and will be changed to True in a future version of pandas. Pass observed=False to retain current behavior or observed=True to adopt the future default and silence this warning.
    sorted_hits.groupby("query", group_keys=False, sort=False)

tests/test_protein_local_reductions.py::test_member_top_best_and_reciprocity_independent_oracle[1-categorical]
tests/test_protein_local_reductions.py::test_member_top_best_and_reciprocity_independent_oracle[1-categorical]
tests/test_protein_local_reductions.py::test_member_top_best_and_reciprocity_independent_oracle[5-categorical]
tests/test_protein_local_reductions.py::test_member_top_best_and_reciprocity_independent_oracle[5-categorical]
  protein_colinearity_s076.py:3404: FutureWarning: The default of observed=False is deprecated and will be changed to True in a future version of pandas. Pass observed=False to retain current behavior or observed=True to adopt the future default and silence this warning.

-- Docs: https://docs.pytest.org/en/stable/how-to/capture-warnings.html
=========== 2102 passed, 1 skipped, 13 warnings in 129.25s (0:02:09) ===========
