============================= test session starts ==============================
platform linux -- Python 3.13.3, pytest-9.0.2, pluggy-1.5.0 -- /home/kawato/micromamba/bin/python3.13
cachedir: .pytest_cache
rootdir: /mnt/c/users/genom/github/gbdraw/.worktrees/collinear-s06-20260916
configfile: pyproject.toml
plugins: anyio-4.9.0, xdist-3.8.0, timeout-2.4.0, cov-7.0.0
timeout: 300.0s
timeout method: signal
timeout func_only: False
collecting ... collected 4335 items / 11 deselected / 4324 selected

tests/test_annotation_planning.py::test_unknown_annotation_set_uses_shared_validation_error PASSED [  0%]
tests/test_annotations.py::test_coordinate_contract_is_one_based_inclusive PASSED [  0%]
tests/test_annotations.py::test_highlight_is_a_supported_region_mark PASSED [  0%]
tests/test_annotations.py::test_highlight_track_flattens_overlaps_and_ignores_explicit_lanes PASSED [  0%]
tests/test_annotations.py::test_annotation_marks_and_spacing_options_change_selected_layout_geometry PASSED [  0%]
tests/test_annotations.py::test_source_coordinates_follow_reverse_coordinate_map PASSED [  0%]
tests/test_annotations.py::test_origin_span_uses_complete_record_topology[circular] PASSED [  0%]
tests/test_annotations.py::test_origin_span_uses_complete_record_topology[linear] PASSED [  0%]
tests/test_annotations.py::test_record_id_must_be_unique_but_index_disambiguates PASSED [  0%]
tests/test_annotations.py::test_feature_target_uses_materialized_features_independent_of_visibility PASSED [  0%]
tests/test_annotations.py::test_table_groups_sets_in_first_appearance_order PASSED [  0%]
tests/test_annotations.py::test_table_rejects_unknown_columns_with_context PASSED [  0%]
tests/test_annotations.py::test_lane_assignment_is_deterministic_and_separates_overlap PASSED [  0%]
tests/test_annotations.py::test_annotation_options_reject_mixed_sources PASSED [  0%]
tests/test_annotations.py::test_annotation_style_has_priority_over_track_override PASSED [  0%]
tests/test_api_library_usage.py::test_documented_gff3_fasta_fixture_preserves_records_and_cds PASSED [  0%]
tests/test_api_library_usage.py::test_api_diagram_options_forward_collinearity_search_scope PASSED [  0%]
tests/test_api_library_usage.py::test_linear_assembler_forwards_normalized_collinearity_anchor_mode[all-all] PASSED [  0%]
tests/test_api_library_usage.py::test_linear_assembler_forwards_normalized_collinearity_anchor_mode[one_to_one-one_to_one] PASSED [  0%]
tests/test_api_library_usage.py::test_linear_assembler_forwards_normalized_collinearity_anchor_mode[top1-one_to_one] PASSED [  0%]
tests/test_api_library_usage.py::test_linear_assembler_forwards_normalized_collinearity_anchor_mode[rbh-rbh] PASSED [  0%]
tests/test_api_library_usage.py::test_each_collinearity_enum_reaches_real_analysis_helper[collinearity_unit_mode-auto-unit_mode] PASSED [  0%]
tests/test_api_library_usage.py::test_each_collinearity_enum_reaches_real_analysis_helper[collinearity_unit_mode-cds-unit_mode] PASSED [  0%]
tests/test_api_library_usage.py::test_each_collinearity_enum_reaches_real_analysis_helper[collinearity_unit_mode-locus-unit_mode] PASSED [  0%]
tests/test_api_library_usage.py::test_each_collinearity_enum_reaches_real_analysis_helper[collinearity_anchor_mode-all-edge_mode] PASSED [  0%]
tests/test_api_library_usage.py::test_each_collinearity_enum_reaches_real_analysis_helper[collinearity_anchor_mode-one_to_one-edge_mode] PASSED [  0%]
tests/test_api_library_usage.py::test_each_collinearity_enum_reaches_real_analysis_helper[collinearity_anchor_mode-rbh-edge_mode] PASSED [  0%]
tests/test_api_library_usage.py::test_each_collinearity_enum_reaches_real_analysis_helper[collinearity_search_scope-adjacent-search_scope] PASSED [  0%]
tests/test_api_library_usage.py::test_each_collinearity_enum_reaches_real_analysis_helper[collinearity_search_scope-all-search_scope] PASSED [  0%]
tests/test_api_library_usage.py::test_each_collinearity_enum_reaches_real_analysis_helper[merge_orientation-strand-params] PASSED [  0%]
tests/test_api_library_usage.py::test_each_collinearity_enum_reaches_real_analysis_helper[merge_orientation-order-params] PASSED [  0%]
tests/test_api_library_usage.py::test_each_collinearity_enum_reaches_real_analysis_helper[merge_orientation-either-params] PASSED [  0%]
tests/test_api_library_usage.py::test_each_collinearity_color_mode_reaches_projection_consumer[average_identity] PASSED [  0%]
tests/test_api_library_usage.py::test_each_collinearity_color_mode_reaches_projection_consumer[orientation] PASSED [  0%]
tests/test_api_library_usage.py::test_each_collinearity_color_mode_reaches_projection_consumer[orientation_identity] PASSED [  0%]
tests/test_api_library_usage.py::test_protein_helpers_have_no_parallel_invocation_builder PASSED [  0%]
tests/test_api_library_usage.py::test_typed_config_override_preserves_label_filtering_dataframes PASSED [  0%]
tests/test_api_library_usage.py::test_diagram_options_attach_explicit_label_tables[circular] PASSED [  0%]
tests/test_api_library_usage.py::test_diagram_options_attach_explicit_label_tables[circular_multi] PASSED [  0%]
tests/test_api_library_usage.py::test_diagram_options_attach_explicit_label_tables[linear] PASSED [  0%]
tests/test_api_library_usage.py::test_diagram_options_attach_explicit_label_files PASSED [  0%]
tests/test_api_library_usage.py::test_diagram_options_reject_label_table_and_file_together[label_whitelist_table-label_whitelist_file] PASSED [  0%]
tests/test_api_library_usage.py::test_diagram_options_reject_label_table_and_file_together[qualifier_priority_table-qualifier_priority_file] PASSED [  0%]
tests/test_api_library_usage.py::test_diagram_options_reject_label_table_and_file_together[label_override_table-label_override_file] PASSED [  1%]
tests/test_api_library_usage.py::test_diagram_options_forward_shared_non_default_values[config-circular] PASSED [  1%]
tests/test_api_library_usage.py::test_diagram_options_forward_shared_non_default_values[config-circular_multi] PASSED [  1%]
tests/test_api_library_usage.py::test_diagram_options_forward_shared_non_default_values[config-linear] PASSED [  1%]
tests/test_api_library_usage.py::test_diagram_options_forward_shared_non_default_values[config_overrides-circular] PASSED [  1%]
tests/test_api_library_usage.py::test_diagram_options_forward_shared_non_default_values[config_overrides-circular_multi] PASSED [  1%]
tests/test_api_library_usage.py::test_diagram_options_forward_shared_non_default_values[config_overrides-linear] PASSED [  1%]
tests/test_api_library_usage.py::test_diagram_options_forward_shared_non_default_values[selected_features_set-circular] PASSED [  1%]
tests/test_api_library_usage.py::test_diagram_options_forward_shared_non_default_values[selected_features_set-circular_multi] PASSED [  1%]
tests/test_api_library_usage.py::test_diagram_options_forward_shared_non_default_values[selected_features_set-linear] PASSED [  1%]
tests/test_api_library_usage.py::test_diagram_options_forward_shared_non_default_values[feature_visibility_table-circular] PASSED [  1%]
tests/test_api_library_usage.py::test_diagram_options_forward_shared_non_default_values[feature_visibility_table-circular_multi] PASSED [  1%]
tests/test_api_library_usage.py::test_diagram_options_forward_shared_non_default_values[feature_visibility_table-linear] PASSED [  1%]
tests/test_api_library_usage.py::test_diagram_options_forward_shared_non_default_values[feature_visibility_table_file-circular] PASSED [  1%]
tests/test_api_library_usage.py::test_diagram_options_forward_shared_non_default_values[feature_visibility_table_file-circular_multi] PASSED [  1%]
tests/test_api_library_usage.py::test_diagram_options_forward_shared_non_default_values[feature_visibility_table_file-linear] PASSED [  1%]
tests/test_api_library_usage.py::test_diagram_options_forward_shared_non_default_values[feature_shapes-circular] PASSED [  1%]
tests/test_api_library_usage.py::test_diagram_options_forward_shared_non_default_values[feature_shapes-circular_multi] PASSED [  1%]
tests/test_api_library_usage.py::test_diagram_options_forward_shared_non_default_values[feature_shapes-linear] PASSED [  1%]
tests/test_api_library_usage.py::test_diagram_options_forward_shared_non_default_values[dinucleotide-circular] PASSED [  1%]
tests/test_api_library_usage.py::test_diagram_options_forward_shared_non_default_values[dinucleotide-circular_multi] PASSED [  1%]
tests/test_api_library_usage.py::test_diagram_options_forward_shared_non_default_values[dinucleotide-linear] PASSED [  1%]
tests/test_api_library_usage.py::test_diagram_options_forward_shared_non_default_values[window-circular] PASSED [  1%]
tests/test_api_library_usage.py::test_diagram_options_forward_shared_non_default_values[window-circular_multi] PASSED [  1%]
tests/test_api_library_usage.py::test_diagram_options_forward_shared_non_default_values[window-linear] PASSED [  1%]
tests/test_api_library_usage.py::test_diagram_options_forward_shared_non_default_values[step-circular] PASSED [  1%]
tests/test_api_library_usage.py::test_diagram_options_forward_shared_non_default_values[step-circular_multi] PASSED [  1%]
tests/test_api_library_usage.py::test_diagram_options_forward_shared_non_default_values[step-linear] PASSED [  1%]
tests/test_api_library_usage.py::test_diagram_options_forward_shared_non_default_values[depth_window-circular] PASSED [  1%]
tests/test_api_library_usage.py::test_diagram_options_forward_shared_non_default_values[depth_window-circular_multi] PASSED [  1%]
tests/test_api_library_usage.py::test_diagram_options_forward_shared_non_default_values[depth_window-linear] PASSED [  1%]
tests/test_api_library_usage.py::test_diagram_options_forward_shared_non_default_values[depth_step-circular] PASSED [  1%]
tests/test_api_library_usage.py::test_diagram_options_forward_shared_non_default_values[depth_step-circular_multi] PASSED [  1%]
tests/test_api_library_usage.py::test_diagram_options_forward_shared_non_default_values[depth_step-linear] PASSED [  1%]
tests/test_api_library_usage.py::test_diagram_options_forward_shared_non_default_values[depth_table-circular] PASSED [  1%]
tests/test_api_library_usage.py::test_diagram_options_forward_shared_non_default_values[depth_table-circular_multi] PASSED [  1%]
tests/test_api_library_usage.py::test_diagram_options_forward_shared_non_default_values[depth_table-linear] PASSED [  1%]
tests/test_api_library_usage.py::test_diagram_options_forward_shared_non_default_values[depth_file-circular] PASSED [  1%]
tests/test_api_library_usage.py::test_diagram_options_forward_shared_non_default_values[depth_file-circular_multi] PASSED [  1%]
tests/test_api_library_usage.py::test_diagram_options_forward_shared_non_default_values[depth_file-linear] PASSED [  1%]
tests/test_api_library_usage.py::test_diagram_options_forward_shared_non_default_values[depth_track_tables-circular] PASSED [  1%]
tests/test_api_library_usage.py::test_diagram_options_forward_shared_non_default_values[depth_track_tables-circular_multi] PASSED [  1%]
tests/test_api_library_usage.py::test_diagram_options_forward_shared_non_default_values[depth_track_tables-linear] PASSED [  1%]
tests/test_api_library_usage.py::test_diagram_options_forward_shared_non_default_values[depth_track_files-circular] PASSED [  2%]
tests/test_api_library_usage.py::test_diagram_options_forward_shared_non_default_values[depth_track_files-circular_multi] PASSED [  2%]
tests/test_api_library_usage.py::test_diagram_options_forward_shared_non_default_values[depth_track_files-linear] PASSED [  2%]
tests/test_api_library_usage.py::test_diagram_options_forward_shared_non_default_values[depth_track_labels-circular] PASSED [  2%]
tests/test_api_library_usage.py::test_diagram_options_forward_shared_non_default_values[depth_track_labels-circular_multi] PASSED [  2%]
tests/test_api_library_usage.py::test_diagram_options_forward_shared_non_default_values[depth_track_labels-linear] PASSED [  2%]
tests/test_api_library_usage.py::test_diagram_options_forward_shared_non_default_values[depth_track_colors-circular] PASSED [  2%]
tests/test_api_library_usage.py::test_diagram_options_forward_shared_non_default_values[depth_track_colors-circular_multi] PASSED [  2%]
tests/test_api_library_usage.py::test_diagram_options_forward_shared_non_default_values[depth_track_colors-linear] PASSED [  2%]
tests/test_api_library_usage.py::test_diagram_options_forward_shared_non_default_values[depth_track_large_tick_intervals-circular] PASSED [  2%]
tests/test_api_library_usage.py::test_diagram_options_forward_shared_non_default_values[depth_track_large_tick_intervals-circular_multi] PASSED [  2%]
tests/test_api_library_usage.py::test_diagram_options_forward_shared_non_default_values[depth_track_large_tick_intervals-linear] PASSED [  2%]
tests/test_api_library_usage.py::test_diagram_options_forward_shared_non_default_values[depth_track_small_tick_intervals-circular] PASSED [  2%]
tests/test_api_library_usage.py::test_diagram_options_forward_shared_non_default_values[depth_track_small_tick_intervals-circular_multi] PASSED [  2%]
tests/test_api_library_usage.py::test_diagram_options_forward_shared_non_default_values[depth_track_small_tick_intervals-linear] PASSED [  2%]
tests/test_api_library_usage.py::test_diagram_options_forward_shared_non_default_values[depth_track_tick_font_sizes-circular] PASSED [  2%]
tests/test_api_library_usage.py::test_diagram_options_forward_shared_non_default_values[depth_track_tick_font_sizes-circular_multi] PASSED [  2%]
tests/test_api_library_usage.py::test_diagram_options_forward_shared_non_default_values[depth_track_tick_font_sizes-linear] PASSED [  2%]
tests/test_api_library_usage.py::test_diagram_options_forward_shared_non_default_values[plot_title-circular] PASSED [  2%]
tests/test_api_library_usage.py::test_diagram_options_forward_shared_non_default_values[plot_title-circular_multi] PASSED [  2%]
tests/test_api_library_usage.py::test_diagram_options_forward_shared_non_default_values[plot_title-linear] PASSED [  2%]
tests/test_api_library_usage.py::test_diagram_options_forward_shared_non_default_values[plot_title_font_size-circular] PASSED [  2%]
tests/test_api_library_usage.py::test_diagram_options_forward_shared_non_default_values[plot_title_font_size-circular_multi] PASSED [  2%]
tests/test_api_library_usage.py::test_diagram_options_forward_shared_non_default_values[plot_title_font_size-linear] PASSED [  2%]
tests/test_api_library_usage.py::test_diagram_options_forward_shared_non_default_values[evalue-circular] PASSED [  2%]
tests/test_api_library_usage.py::test_diagram_options_forward_shared_non_default_values[evalue-circular_multi] PASSED [  2%]
tests/test_api_library_usage.py::test_diagram_options_forward_shared_non_default_values[evalue-linear] PASSED [  2%]
tests/test_api_library_usage.py::test_diagram_options_forward_shared_non_default_values[bitscore-circular] PASSED [  2%]
tests/test_api_library_usage.py::test_diagram_options_forward_shared_non_default_values[bitscore-circular_multi] PASSED [  2%]
tests/test_api_library_usage.py::test_diagram_options_forward_shared_non_default_values[bitscore-linear] PASSED [  2%]
tests/test_api_library_usage.py::test_diagram_options_forward_shared_non_default_values[identity-circular] PASSED [  2%]
tests/test_api_library_usage.py::test_diagram_options_forward_shared_non_default_values[identity-circular_multi] PASSED [  2%]
tests/test_api_library_usage.py::test_diagram_options_forward_shared_non_default_values[identity-linear] PASSED [  2%]
tests/test_api_library_usage.py::test_diagram_options_forward_shared_non_default_values[alignment_length-circular] PASSED [  2%]
tests/test_api_library_usage.py::test_diagram_options_forward_shared_non_default_values[alignment_length-circular_multi] PASSED [  2%]
tests/test_api_library_usage.py::test_diagram_options_forward_shared_non_default_values[alignment_length-linear] PASSED [  2%]
tests/test_api_library_usage.py::test_diagram_option_bundles_forward_non_default_values[circular] PASSED [  2%]
tests/test_api_library_usage.py::test_diagram_option_bundles_forward_non_default_values[circular_multi] PASSED [  2%]
tests/test_api_library_usage.py::test_diagram_option_bundles_forward_non_default_values[linear] PASSED [  2%]
tests/test_api_library_usage.py::test_plural_depth_options_forward_with_mode_specific_shape[depth_tables-value0-depth_tables-expected0-circular] PASSED [  2%]
tests/test_api_library_usage.py::test_plural_depth_options_forward_with_mode_specific_shape[depth_tables-value0-depth_tables-expected0-circular_multi] PASSED [  2%]
tests/test_api_library_usage.py::test_plural_depth_options_forward_with_mode_specific_shape[depth_tables-value0-depth_tables-expected0-linear] PASSED [  2%]
tests/test_api_library_usage.py::test_plural_depth_options_forward_with_mode_specific_shape[depth_files-value1-depth_files-expected1-circular] PASSED [  2%]
tests/test_api_library_usage.py::test_plural_depth_options_forward_with_mode_specific_shape[depth_files-value1-depth_files-expected1-circular_multi] PASSED [  3%]
tests/test_api_library_usage.py::test_plural_depth_options_forward_with_mode_specific_shape[depth_files-value1-depth_files-expected1-linear] PASSED [  3%]
tests/test_api_library_usage.py::test_diagram_options_forward_circular_only_non_default_values[conservation_blast_files-circular] PASSED [  3%]
tests/test_api_library_usage.py::test_diagram_options_forward_circular_only_non_default_values[conservation_blast_files-circular_multi] PASSED [  3%]
tests/test_api_library_usage.py::test_diagram_options_forward_circular_only_non_default_values[conservation_dataframes-circular] PASSED [  3%]
tests/test_api_library_usage.py::test_diagram_options_forward_circular_only_non_default_values[conservation_dataframes-circular_multi] PASSED [  3%]
tests/test_api_library_usage.py::test_diagram_options_forward_circular_only_non_default_values[conservation_reference-circular] PASSED [  3%]
tests/test_api_library_usage.py::test_diagram_options_forward_circular_only_non_default_values[conservation_reference-circular_multi] PASSED [  3%]
tests/test_api_library_usage.py::test_diagram_options_forward_circular_only_non_default_values[conservation_labels-circular] PASSED [  3%]
tests/test_api_library_usage.py::test_diagram_options_forward_circular_only_non_default_values[conservation_labels-circular_multi] PASSED [  3%]
tests/test_api_library_usage.py::test_diagram_options_forward_circular_only_non_default_values[conservation_colors-circular] PASSED [  3%]
tests/test_api_library_usage.py::test_diagram_options_forward_circular_only_non_default_values[conservation_colors-circular_multi] PASSED [  3%]
tests/test_api_library_usage.py::test_diagram_options_forward_circular_only_non_default_values[conservation_ring_width-circular] PASSED [  3%]
tests/test_api_library_usage.py::test_diagram_options_forward_circular_only_non_default_values[conservation_ring_width-circular_multi] PASSED [  3%]
tests/test_api_library_usage.py::test_diagram_options_forward_circular_only_non_default_values[conservation_ring_gap-circular] PASSED [  3%]
tests/test_api_library_usage.py::test_diagram_options_forward_circular_only_non_default_values[conservation_ring_gap-circular_multi] PASSED [  3%]
tests/test_api_library_usage.py::test_diagram_options_forward_circular_only_non_default_values[keep_full_definition_with_plot_title-circular] PASSED [  3%]
tests/test_api_library_usage.py::test_diagram_options_forward_circular_only_non_default_values[keep_full_definition_with_plot_title-circular_multi] PASSED [  3%]
tests/test_api_library_usage.py::test_diagram_options_forward_circular_only_non_default_values[species-circular] PASSED [  3%]
tests/test_api_library_usage.py::test_diagram_options_forward_circular_only_non_default_values[species-circular_multi] PASSED [  3%]
tests/test_api_library_usage.py::test_diagram_options_forward_circular_only_non_default_values[strain-circular] PASSED [  3%]
tests/test_api_library_usage.py::test_diagram_options_forward_circular_only_non_default_values[strain-circular_multi] PASSED [  3%]
tests/test_api_library_usage.py::test_diagram_options_forward_linear_only_non_default_values[depth_track_heights] PASSED [  3%]
tests/test_api_library_usage.py::test_diagram_options_forward_linear_only_non_default_values[blast_files] PASSED [  3%]
tests/test_api_library_usage.py::test_diagram_options_forward_linear_only_non_default_values[protein_comparisons] PASSED [  3%]
tests/test_api_library_usage.py::test_diagram_options_forward_linear_only_non_default_values[orthogroups] PASSED [  3%]
tests/test_api_library_usage.py::test_diagram_options_forward_linear_only_non_default_values[protein_blastp_mode] PASSED [  3%]
tests/test_api_library_usage.py::test_diagram_options_forward_linear_only_non_default_values[pairwise_match_style] PASSED [  3%]
tests/test_api_library_usage.py::test_diagram_options_forward_linear_only_non_default_values[collinearity_blocks] PASSED [  3%]
tests/test_api_library_usage.py::test_diagram_options_forward_linear_only_non_default_values[collinearity_unit_mode] PASSED [  3%]
tests/test_api_library_usage.py::test_diagram_options_forward_linear_only_non_default_values[collinearity_anchor_mode] PASSED [  3%]
tests/test_api_library_usage.py::test_diagram_options_forward_linear_only_non_default_values[collinearity_search_scope] PASSED [  3%]
tests/test_api_library_usage.py::test_diagram_options_forward_linear_only_non_default_values[collinearity_color_mode] PASSED [  3%]
tests/test_api_library_usage.py::test_diagram_options_forward_linear_only_non_default_values[losatp_bin] PASSED [  3%]
tests/test_api_library_usage.py::test_diagram_options_forward_linear_only_non_default_values[ncbi_blastp_bin] PASSED [  3%]
tests/test_api_library_usage.py::test_diagram_options_forward_linear_only_non_default_values[losatp_threads] PASSED [  3%]
tests/test_api_library_usage.py::test_diagram_options_forward_linear_only_non_default_values[protein_blastp_max_hits] PASSED [  3%]
tests/test_api_library_usage.py::test_diagram_options_forward_linear_only_non_default_values[protein_blastp_candidate_limit] PASSED [  3%]
tests/test_api_library_usage.py::test_diagram_options_forward_linear_only_non_default_values[orthogroup_membership_mode] PASSED [  3%]
tests/test_api_library_usage.py::test_diagram_options_forward_linear_only_non_default_values[orthogroup_member_max_hits] PASSED [  3%]
tests/test_api_library_usage.py::test_diagram_options_forward_linear_only_non_default_values[collinear_max_paralog_links_per_orthogroup] PASSED [  3%]
tests/test_api_library_usage.py::test_diagram_options_forward_linear_only_non_default_values[align_orthogroup_feature] PASSED [  3%]
tests/test_api_library_usage.py::test_single_circular_builder_rejects_ambiguous_or_lossy_depth_options[options0-one depth table] PASSED [  3%]
tests/test_api_library_usage.py::test_single_circular_builder_rejects_ambiguous_or_lossy_depth_options[options1-one depth table] PASSED [  4%]
tests/test_api_library_usage.py::test_single_circular_builder_rejects_ambiguous_or_lossy_depth_options[options2-one depth file] PASSED [  4%]
tests/test_api_library_usage.py::test_single_circular_builder_rejects_ambiguous_or_lossy_depth_options[options3-one depth file] PASSED [  4%]
tests/test_api_library_usage.py::test_single_circular_builder_rejects_ambiguous_or_lossy_depth_options[options4-singular.*plural] PASSED [  4%]
tests/test_api_library_usage.py::test_single_circular_builder_rejects_ambiguous_or_lossy_depth_options[options5-singular.*plural] PASSED [  4%]
tests/test_api_library_usage.py::test_single_circular_builder_rejects_ambiguous_or_lossy_depth_options[options6-singular.*plural] PASSED [  4%]
tests/test_api_library_usage.py::test_single_circular_builder_rejects_ambiguous_or_lossy_depth_options[options7-table.*file] PASSED [  4%]
tests/test_api_library_usage.py::test_single_circular_builder_rejects_ambiguous_or_lossy_depth_options[options8-table.*file] PASSED [  4%]
tests/test_api_library_usage.py::test_circular_multi_builder_forwards_layout_options PASSED [  4%]
tests/test_api_library_usage.py::test_api_circular_minimal PASSED        [  4%]
tests/test_api_library_usage.py::test_api_linear_gene_specific_rule_uses_default_fallback_for_legend PASSED [  4%]
tests/test_api_library_usage.py::test_api_linear_minimal PASSED          [  4%]
tests/test_api_request_render.py::test_derived_identity_includes_hidden_reverse_and_self_raw_inputs PASSED [  4%]
tests/test_api_request_render.py::test_derived_identity_changes_with_each_lossless_collinearity_parameter[min-anchors] PASSED [  4%]
tests/test_api_request_render.py::test_derived_identity_changes_with_each_lossless_collinearity_parameter[max-unit-gap] PASSED [  4%]
tests/test_api_request_render.py::test_derived_identity_changes_with_each_lossless_collinearity_parameter[max-diagonal-drift] PASSED [  4%]
tests/test_api_request_render.py::test_derived_identity_changes_with_each_lossless_collinearity_parameter[max-conflicts] PASSED [  4%]
tests/test_api_request_render.py::test_derived_identity_changes_with_each_lossless_collinearity_parameter[merge-orientation] PASSED [  4%]
tests/test_api_request_render.py::test_omitted_and_explicit_collinearity_defaults_share_derived_identity PASSED [  4%]
tests/test_api_request_render.py::test_collinear_derived_identity_changes_with_each_active_option[member-hits] PASSED [  4%]
tests/test_api_request_render.py::test_collinear_derived_identity_changes_with_each_active_option[unit-mode] PASSED [  4%]
tests/test_api_request_render.py::test_collinear_derived_identity_changes_with_each_active_option[anchor-mode] PASSED [  4%]
tests/test_api_request_render.py::test_collinear_derived_identity_changes_with_each_active_option[search-scope] PASSED [  4%]
tests/test_api_request_render.py::test_collinear_derived_identity_changes_with_each_active_option[color-mode] PASSED [  4%]
tests/test_api_request_render.py::test_collinear_derived_identity_changes_with_each_active_option[paralog-links] PASSED [  4%]
tests/test_api_request_render.py::test_collinear_derived_identity_changes_with_each_active_option[inference] PASSED [  4%]
tests/test_api_request_render.py::test_derived_identity_excludes_inactive_and_render_only_options PASSED [  4%]
tests/test_api_request_render.py::test_collinear_derived_provenance_records_requested_and_effective_units PASSED [  4%]
tests/test_api_request_render.py::test_empty_api_derived_result_passes_current_session_validation[orthogroup] PASSED [  4%]
tests/test_api_request_render.py::test_empty_api_derived_result_passes_current_session_validation[collinear] PASSED [  4%]
tests/test_api_request_render.py::test_current_derived_artifacts_require_resolved_manifest_handles PASSED [  4%]
tests/test_api_request_render.py::test_request_render_module_does_not_import_cli_or_session_owners PASSED [  4%]
tests/test_api_request_render.py::test_fresh_request_render_has_no_session_compatibility_path PASSED [  4%]
tests/test_api_request_render.py::test_current_request_artifacts_reject_unsupported_schema PASSED [  4%]
tests/test_api_request_render.py::test_build_request_diagram_rejects_falsey_untyped_artifacts PASSED [  4%]
tests/test_api_request_render.py::test_cli_renderers_do_not_call_assemblers_or_export_directly[circular.py] PASSED [  4%]
tests/test_api_request_render.py::test_cli_renderers_do_not_call_assemblers_or_export_directly[linear.py] PASSED [  4%]
tests/test_api_request_render.py::test_normalize_in_memory_record_applies_region_and_presentation_without_mutation PASSED [  4%]
tests/test_api_request_render.py::test_normalize_in_memory_record_validates_selector PASSED [  4%]
tests/test_api_request_render.py::test_normalize_gff_fasta_source_uses_selector PASSED [  4%]
tests/test_api_request_render.py::test_normalize_single_record_gff_fasta_source_without_selector PASSED [  4%]
tests/test_api_request_render.py::test_linear_record_first_cardinality_is_explicit_with_comparisons PASSED [  4%]
tests/test_api_request_render.py::test_prepared_request_resolves_feature_inputs_once_for_gff_and_metadata PASSED [  4%]
tests/test_api_request_render.py::test_option_resolution_clears_shadowed_file_inputs_without_reading PASSED [  4%]
tests/test_api_request_render.py::test_circular_planner_owns_topology_warnings[circular-None] PASSED [  5%]
tests/test_api_request_render.py::test_circular_planner_owns_topology_warnings[None-None] PASSED [  5%]
tests/test_api_request_render.py::test_circular_planner_owns_topology_warnings[linear-is linear] PASSED [  5%]
tests/test_api_request_render.py::test_circular_planner_owns_topology_warnings[unknown-not available] PASSED [  5%]
tests/test_api_request_render.py::test_mode_planners_return_validated_plan_types PASSED [  5%]
tests/test_api_request_render.py::test_public_plan_values_reject_inconsistent_construction PASSED [  5%]
tests/test_api_request_render.py::test_build_circular_request_derives_row_and_column_order PASSED [  5%]
tests/test_api_request_render.py::test_build_linear_request_uses_typed_result_builder PASSED [  5%]
tests/test_api_request_render.py::test_resolved_plan_can_be_built_without_planning_again PASSED [  5%]
tests/test_api_request_render.py::test_computed_orthogroups_flow_through_typed_metadata_to_interactive_context PASSED [  5%]
tests/test_api_request_render.py::test_circular_batch_items_share_prepared_feature_inputs PASSED [  5%]
tests/test_api_request_render.py::test_render_request_passes_output_policy_and_returns_existing_paths PASSED [  5%]
tests/test_api_request_render.py::test_render_request_plain_svg_retains_catalog_context_only_when_opted_in PASSED [  5%]
tests/test_api_request_render.py::test_render_request_plain_svg_skips_catalog_context_by_default PASSED [  5%]
tests/test_api_request_render.py::test_render_request_fails_when_interactive_metadata_generation_fails PASSED [  5%]
tests/test_api_request_render.py::test_render_request_circular_smoke_creates_svg PASSED [  5%]
tests/test_api_request_render.py::test_render_request_circular_consumes_record_title_presentation PASSED [  5%]
tests/test_api_request_render.py::test_render_request_preserves_dotted_output_prefix PASSED [  5%]
tests/test_api_request_render.py::test_render_request_circular_batch_creates_one_output_per_record PASSED [  5%]
tests/test_api_request_render.py::test_render_request_circular_batch_loads_needed_comparison_fasta_once[formats0-False] PASSED [  5%]
tests/test_api_request_render.py::test_render_request_circular_batch_loads_needed_comparison_fasta_once[formats1-True] PASSED [  5%]
tests/test_api_request_render.py::test_prepared_request_memoizes_comparison_fasta_records PASSED [  5%]
tests/test_api_request_render.py::test_render_request_only_requires_comparison_fasta_for_interactive_output[formats0] PASSED [  5%]
tests/test_api_request_render.py::test_render_request_only_requires_comparison_fasta_for_interactive_output[formats1] PASSED [  5%]
tests/test_api_request_render.py::test_render_request_circular_batch_preflights_existing_outputs PASSED [  5%]
tests/test_api_request_render.py::test_render_request_circular_batch_rejects_aliased_output_paths_before_build PASSED [  5%]
tests/test_api_request_render.py::test_render_request_preflights_resolved_batch_policy_before_build PASSED [  5%]
tests/test_api_request_render.py::test_render_request_rejects_nonreplaceable_batch_target_before_build[directory] PASSED [  5%]
tests/test_api_request_render.py::test_render_request_rejects_nonreplaceable_batch_target_before_build[file-parent] PASSED [  5%]
tests/test_api_request_render.py::test_render_request_rejects_implicit_record_path_through_symlink PASSED [  5%]
tests/test_api_request_render.py::test_render_request_preflights_every_single_request_format_before_build[circular] PASSED [  5%]
tests/test_api_request_render.py::test_render_request_preflights_every_single_request_format_before_build[linear] PASSED [  5%]
tests/test_api_requests.py::test_request_module_does_not_import_cli_or_session_owners PASSED [  5%]
tests/test_api_requests.py::test_record_sources_normalize_materialized_paths PASSED [  5%]
tests/test_api_requests.py::test_record_source_accepts_an_in_memory_seqrecord PASSED [  5%]
tests/test_api_requests.py::test_new_request_fields_preserve_released_positional_arguments PASSED [  5%]
tests/test_api_requests.py::test_in_memory_record_source_rejects_other_objects PASSED [  5%]
tests/test_api_requests.py::test_record_sources_reject_missing_paths[<lambda>0] PASSED [  5%]
tests/test_api_requests.py::test_record_sources_reject_missing_paths[<lambda>1] PASSED [  5%]
tests/test_api_requests.py::test_record_sources_reject_missing_paths[<lambda>2] PASSED [  5%]
tests/test_api_requests.py::test_record_input_rejects_duplicate_selector_owners PASSED [  5%]
tests/test_api_requests.py::test_record_input_rejects_duplicate_reverse_complement PASSED [  5%]
tests/test_api_requests.py::test_record_presentation_accepts_typed_values[presentation0] PASSED [  5%]
tests/test_api_requests.py::test_record_presentation_accepts_typed_values[presentation1] PASSED [  6%]
tests/test_api_requests.py::test_record_presentation_rejects_invalid_values[kwargs0] PASSED [  6%]
tests/test_api_requests.py::test_record_presentation_rejects_invalid_values[kwargs1] PASSED [  6%]
tests/test_api_requests.py::test_record_presentation_rejects_invalid_values[kwargs2] PASSED [  6%]
tests/test_api_requests.py::test_record_presentation_rejects_invalid_values[kwargs3] PASSED [  6%]
tests/test_api_requests.py::test_circular_request_normalizes_records_and_default_multi_layout PASSED [  6%]
tests/test_api_requests.py::test_circular_request_allows_explicit_one_record_grid PASSED [  6%]
tests/test_api_requests.py::test_circular_batch_requires_one_unique_output_per_record PASSED [  6%]
tests/test_api_requests.py::test_circular_request_accepts_unique_record_grid PASSED [  6%]
tests/test_api_requests.py::test_circular_request_rejects_partial_or_duplicate_grid PASSED [  6%]
tests/test_api_requests.py::test_circular_request_rejects_two_placement_sources PASSED [  6%]
tests/test_api_requests.py::test_linear_request_rejects_circular_grid_placement PASSED [  6%]
tests/test_api_requests.py::test_requests_reject_empty_record_sequences PASSED [  6%]
tests/test_api_requests.py::test_requests_require_mode_specific_diagram_options PASSED [  6%]
tests/test_api_requests.py::test_mode_specific_option_fields_do_not_overlap_other_mode_features PASSED [  6%]
tests/test_api_requests.py::test_mode_specific_output_options_reject_other_mode_title_positions PASSED [  6%]
tests/test_api_requests.py::test_mode_specific_options_accept_owned_config_override_paths[CircularDiagramOptions-canvas.circular.track_type-middle] PASSED [  6%]
tests/test_api_requests.py::test_mode_specific_options_accept_owned_config_override_paths[LinearDiagramOptions-canvas.linear.track_layout-above] PASSED [  6%]
tests/test_api_requests.py::test_both_modes_accept_shared_scale_visibility_override[CircularDiagramOptions] PASSED [  6%]
tests/test_api_requests.py::test_both_modes_accept_shared_scale_visibility_override[LinearDiagramOptions] PASSED [  6%]
tests/test_api_requests.py::test_mode_specific_options_reject_other_mode_config_override_paths[CircularDiagramOptions-canvas.linear.track_layout-above-Linear] PASSED [  6%]
tests/test_api_requests.py::test_mode_specific_options_reject_other_mode_config_override_paths[CircularDiagramOptions-objects.axis.linear.stroke_color-black-Linear] PASSED [  6%]
tests/test_api_requests.py::test_mode_specific_options_reject_other_mode_config_override_paths[LinearDiagramOptions-canvas.circular.track_type-middle-Circular] PASSED [  6%]
tests/test_api_requests.py::test_circular_options_reject_invalid_mode_values[kwargs0] PASSED [  6%]
tests/test_api_requests.py::test_circular_options_reject_invalid_mode_values[kwargs1] PASSED [  6%]
tests/test_api_requests.py::test_circular_options_reject_invalid_mode_values[kwargs2] PASSED [  6%]
tests/test_api_requests.py::test_linear_options_reject_invalid_mode_values[kwargs0] PASSED [  6%]
tests/test_api_requests.py::test_linear_options_reject_invalid_mode_values[kwargs1] PASSED [  6%]
tests/test_api_requests.py::test_linear_options_reject_invalid_mode_values[kwargs2] PASSED [  6%]
tests/test_api_requests.py::test_linear_options_reject_invalid_mode_values[kwargs3] PASSED [  6%]
tests/test_api_requests.py::test_linear_options_reject_invalid_mode_values[kwargs4] PASSED [  6%]
tests/test_api_requests.py::test_linear_options_reject_invalid_mode_values[kwargs5] PASSED [  6%]
tests/test_api_requests.py::test_linear_options_reject_invalid_mode_values[kwargs6] PASSED [  6%]
tests/test_api_requests.py::test_linear_options_reject_invalid_mode_values[kwargs7] PASSED [  6%]
tests/test_api_requests.py::test_linear_options_reject_invalid_mode_values[kwargs8] PASSED [  6%]
tests/test_api_requests.py::test_linear_options_normalize_supported_mode_aliases PASSED [  6%]
tests/test_api_requests.py::test_linear_protein_option_defaults_match_explicit_typed_values PASSED [  6%]
tests/test_api_requests.py::test_render_output_request_normalizes_formats_and_paths PASSED [  6%]
tests/test_api_requests.py::test_render_output_request_rejects_invalid_values[kwargs0] PASSED [  6%]
tests/test_api_requests.py::test_render_output_request_rejects_invalid_values[kwargs1] PASSED [  6%]
tests/test_api_requests.py::test_render_output_request_rejects_invalid_values[kwargs2] PASSED [  6%]
tests/test_api_requests.py::test_render_output_request_rejects_invalid_values[kwargs3] PASSED [  6%]
tests/test_api_requests.py::test_render_output_request_rejects_invalid_values[kwargs4] PASSED [  6%]
tests/test_api_requests.py::test_render_output_request_rejects_invalid_values[kwargs5] PASSED [  7%]
tests/test_api_requests.py::test_render_output_request_rejects_invalid_values[kwargs6] PASSED [  7%]
tests/test_api_requests.py::test_render_output_request_rejects_invalid_values[kwargs7] PASSED [  7%]
tests/test_api_requests.py::test_render_output_request_rejects_invalid_values[kwargs8] PASSED [  7%]
tests/test_api_requests.py::test_render_output_request_rejects_invalid_values[kwargs9] PASSED [  7%]
tests/test_api_requests.py::test_render_output_request_rejects_invalid_values[kwargs10] PASSED [  7%]
tests/test_api_requests.py::test_render_output_request_rejects_invalid_values[kwargs11] PASSED [  7%]
tests/test_api_requests.py::test_render_output_request_rejects_invalid_values[kwargs12] PASSED [  7%]
tests/test_api_requests.py::test_render_output_request_rejects_invalid_values[kwargs13] PASSED [  7%]
tests/test_api_requests.py::test_render_output_request_rejects_invalid_values[kwargs14] PASSED [  7%]
tests/test_api_requests.py::test_render_output_request_rejects_invalid_values[kwargs15] PASSED [  7%]
tests/test_api_requests.py::test_circular_batch_output_policy_rejects_control_characters PASSED [  7%]
tests/test_api_session.py::test_session_document_round_trip_owns_resource_lifetime[CircularDiagramRequest-circular] PASSED [  7%]
tests/test_api_session.py::test_session_document_round_trip_owns_resource_lifetime[LinearDiagramRequest-linear] PASSED [  7%]
tests/test_api_session.py::test_session_document_save_load_and_render PASSED [  7%]
tests/test_api_session.py::test_session_document_gzip_save_load PASSED   [  7%]
tests/test_api_session.py::test_session_document_requires_explicit_overwrite PASSED [  7%]
tests/test_api_session.py::test_direct_session_render_ignores_stored_overwrite_permission PASSED [  7%]
tests/test_api_session.py::test_current_document_quarantines_legacy_protein_cache_on_save PASSED [  7%]
tests/test_api_session.py::test_legacy_session_has_no_public_typed_conversion PASSED [  7%]
tests/test_api_session.py::test_duplicate_json_resource_id_is_rejected PASSED [  7%]
tests/test_api_session.py::test_duplicate_sanitized_resource_name_is_rejected PASSED [  7%]
tests/test_api_session.py::test_partial_materialization_failure_cleans_owned_directory PASSED [  7%]
tests/test_api_session.py::test_session_document_returns_detached_payload PASSED [  7%]
tests/test_api_session.py::test_v32_web_slot_specs_drop_only_legacy_feature_geometry PASSED [  7%]
tests/test_api_session.py::test_v32_structured_slots_preserve_non_feature_geometry_and_fields PASSED [  7%]
tests/test_api_session.py::test_current_session_preserves_v2_feature_geometry PASSED [  7%]
tests/test_api_session.py::test_web_writer_payload_decodes_with_python_codec PASSED [  7%]
tests/test_api_session.py::test_web_depth_writer_payload_decodes_with_python_codec PASSED [  7%]
tests/test_api_session.py::test_web_resolved_protein_writer_preserves_alignment_settings PASSED [  7%]
tests/test_api_session.py::test_python_typed_protein_round_trip_with_explicit_adjacent_comparison[result] FAILED [  7%]
tests/test_api_session.py::test_python_typed_protein_round_trip_with_explicit_adjacent_comparison[blocks] FAILED [  7%]
tests/test_api_session.py::test_python_depth_request_projects_in_web PASSED [  7%]
tests/test_api_session.py::test_record_local_collinear_catalog_session_round_trip[adjacent] PASSED [  7%]
tests/test_api_session.py::test_record_local_collinear_catalog_session_round_trip[all] PASSED [  7%]
tests/test_api_session.py::test_composite_document_replays_only_committed_request PASSED [  7%]
tests/test_chloroplast_placement.py::test_chloroplast_placement_preserves_lanes_and_clears_labels_and_legend[False-both-False] PASSED [  7%]
tests/test_chloroplast_placement.py::test_chloroplast_placement_preserves_lanes_and_clears_labels_and_legend[False-both-True] PASSED [  7%]
tests/test_chloroplast_placement.py::test_chloroplast_placement_preserves_lanes_and_clears_labels_and_legend[False-outer-False] PASSED [  7%]
tests/test_chloroplast_placement.py::test_chloroplast_placement_preserves_lanes_and_clears_labels_and_legend[False-outer-True] PASSED [  7%]
tests/test_chloroplast_placement.py::test_chloroplast_placement_preserves_lanes_and_clears_labels_and_legend[True-both-False] PASSED [  7%]
tests/test_chloroplast_placement.py::test_chloroplast_placement_preserves_lanes_and_clears_labels_and_legend[True-both-True] PASSED [  7%]
tests/test_chloroplast_placement.py::test_chloroplast_placement_preserves_lanes_and_clears_labels_and_legend[True-outer-False] PASSED [  7%]
tests/test_chloroplast_placement.py::test_chloroplast_placement_preserves_lanes_and_clears_labels_and_legend[True-outer-True] PASSED [  8%]
tests/test_ci_import_boundaries.py::test_record_display_browser_module_imports_without_playwright PASSED [  8%]
tests/test_circular_annotation_tracks.py::test_circular_annotation_renderer_parses_width PASSED [  8%]
tests/test_circular_annotation_tracks.py::test_circular_annotation_overlay_rejects_unknown_anchor_in_complete_list PASSED [  8%]
tests/test_circular_annotation_tracks.py::test_circular_annotation_overlay_rejects_annotation_anchor PASSED [  8%]
tests/test_circular_annotation_tracks.py::test_circular_annotation_overlay_rejects_spacer_anchor PASSED [  8%]
tests/test_circular_annotation_tracks.py::test_circular_annotation_overlay_allows_split_feature_anchor PASSED [  8%]
tests/test_circular_annotation_tracks.py::test_circular_annotation_cover_anchor_uses_feature_band_width PASSED [  8%]
tests/test_circular_annotation_tracks.py::test_circular_overlay_annotation_can_share_an_on_axis_feature_anchor PASSED [  8%]
tests/test_circular_annotation_tracks.py::test_circular_origin_annotation_renders_two_safe_paths PASSED [  8%]
tests/test_circular_annotation_tracks.py::test_circular_highlight_automatically_renders_behind_features PASSED [  8%]
tests/test_circular_annotation_tracks.py::test_circular_automatic_annotation_slots_respect_hidden_scale PASSED [  8%]
tests/test_circular_annotation_tracks.py::test_circular_multi_record_annotations_bind_by_record_index PASSED [  8%]
tests/test_circular_composition.py::test_circular_composition_uses_exact_dock_gap_and_edge_padding[left] PASSED [  8%]
tests/test_circular_composition.py::test_circular_composition_uses_exact_dock_gap_and_edge_padding[right] PASSED [  8%]
tests/test_circular_composition.py::test_circular_composition_uses_exact_dock_gap_and_edge_padding[top] PASSED [  8%]
tests/test_circular_composition.py::test_circular_composition_uses_exact_dock_gap_and_edge_padding[bottom] PASSED [  8%]
tests/test_circular_composition.py::test_circular_composition_omits_empty_legend_and_places_title_once PASSED [  8%]
tests/test_circular_composition.py::test_circular_overlay_compatibility_offsets_copy_final_plan[upper_left] PASSED [  8%]
tests/test_circular_composition.py::test_circular_overlay_compatibility_offsets_copy_final_plan[upper_right] PASSED [  8%]
tests/test_circular_composition.py::test_circular_overlay_compatibility_offsets_copy_final_plan[lower_left] PASSED [  8%]
tests/test_circular_composition.py::test_circular_overlay_compatibility_offsets_copy_final_plan[lower_right] PASSED [  8%]
tests/test_circular_conservation.py::test_conservation_loader_keeps_logical_source_indexes_after_skip PASSED [  8%]
tests/test_circular_conservation.py::test_conservation_normalization_uses_subject_reverse_coordinates PASSED [  8%]
tests/test_circular_conservation.py::test_conservation_empty_valid_source_keeps_empty_ring PASSED [  8%]
tests/test_circular_conservation.py::test_conservation_empty_file_keeps_empty_ring PASSED [  8%]
tests/test_circular_conservation.py::test_conservation_auto_reference_ambiguity_requires_explicit_side PASSED [  8%]
tests/test_circular_conservation.py::test_sequence_conservation_slot_rejects_overlay_side PASSED [  8%]
tests/test_circular_conservation.py::test_circular_api_renders_conservation_ring_and_gradient_legend PASSED [  8%]
tests/test_circular_conservation.py::test_circular_api_renders_source_colored_conservation_ring PASSED [  8%]
tests/test_circular_conservation.py::test_circular_api_auto_conservation_inserts_at_explicit_axis[axis-zero] PASSED [  8%]
tests/test_circular_conservation.py::test_circular_api_auto_conservation_inserts_at_explicit_axis[axis-middle] PASSED [  8%]
tests/test_circular_conservation.py::test_circular_api_auto_conservation_inserts_at_explicit_axis[axis-end] PASSED [  8%]
tests/test_circular_conservation.py::test_circular_multi_record_auto_conservation_inserts_at_explicit_axis[axis-zero] PASSED [  8%]
tests/test_circular_conservation.py::test_circular_multi_record_auto_conservation_inserts_at_explicit_axis[axis-middle] PASSED [  8%]
tests/test_circular_conservation.py::test_circular_multi_record_auto_conservation_inserts_at_explicit_axis[axis-end] PASSED [  8%]
tests/test_circular_conservation.py::test_circular_multi_conservation_gradient_legend_uses_compact_linear_layout PASSED [  8%]
tests/test_circular_conservation.py::test_circular_vertical_conservation_legend_centers_feature_and_gradient_blocks PASSED [  8%]
tests/test_circular_conservation.py::test_circular_bottom_conservation_legend_centers_feature_and_gradient_blocks_vertically PASSED [  8%]
tests/test_circular_conservation.py::test_circular_bottom_multi_conservation_layout_height_contains_gradient_block PASSED [  8%]
tests/test_circular_conservation.py::test_circular_api_bottom_multi_conservation_legend_fits_viewbox PASSED [  8%]
tests/test_circular_conservation.py::test_circular_api_uses_explicit_conservation_slot_source_indexes PASSED [  8%]
tests/test_circular_conservation.py::test_circular_conservation_auto_slots_do_not_restore_hidden_scale PASSED [  8%]
tests/test_circular_conservation.py::test_circular_multi_record_conservation_auto_slots_do_not_restore_hidden_scale PASSED [  8%]
tests/test_circular_conservation.py::test_circular_api_keeps_axis_derived_side_for_conservation_slot PASSED [  9%]
tests/test_circular_conservation.py::test_disabled_explicit_conservation_slot_suppresses_auto_insert PASSED [  9%]
tests/test_circular_conservation.py::test_circular_diagram_options_forward_conservation_dataframe PASSED [  9%]
tests/test_circular_conservation.py::test_circular_api_rejects_nonpositive_conservation_geometry PASSED [  9%]
tests/test_circular_definition_bounds.py::test_circular_definition_exposes_authoritative_local_bounds PASSED [  9%]
tests/test_circular_definition_bounds.py::test_circular_plot_title_bounds_are_centered_in_local_coordinates PASSED [  9%]
tests/test_circular_definition_bounds.py::test_circular_definition_local_bounds_center_on_record_axis PASSED [  9%]
tests/test_circular_definition_bounds.py::test_circular_record_label_and_subtitle_override_inferred_title_lines PASSED [  9%]
tests/test_circular_definition_bounds.py::test_empty_circular_record_title_values_preserve_inference PASSED [  9%]
tests/test_circular_feature_paths.py::test_origin_spanning_non_directional_two_blocks_are_drawn_as_single_block PASSED [  9%]
tests/test_circular_feature_paths.py::test_origin_spanning_directional_two_blocks_are_drawn_as_single_block PASSED [  9%]
tests/test_circular_feature_paths.py::test_origin_spanning_directional_with_undefined_strand_falls_back_to_rectangle PASSED [  9%]
tests/test_circular_feature_paths.py::test_non_origin_spanning_multipart_keeps_line_segment PASSED [  9%]
tests/test_circular_feature_paths.py::test_middle_resolve_overlaps_displaces_negative_tracks_inward_symmetrically PASSED [  9%]
tests/test_circular_feature_paths.py::test_long_introns_are_split_and_stay_on_track_radius[positive-100-800-1] PASSED [  9%]
tests/test_circular_feature_paths.py::test_long_introns_are_split_and_stay_on_track_radius[negative-100-800-1] PASSED [  9%]
tests/test_circular_feature_paths.py::test_intron_uses_clockwise_short_arc_when_start_exceeds_end[positive-900-100-1] PASSED [  9%]
tests/test_circular_feature_paths.py::test_intron_uses_clockwise_short_arc_when_start_exceeds_end[negative-900-100-1] PASSED [  9%]
tests/test_circular_feature_paths.py::test_origin_spanning_negative_arrow_midpoint_wraps_short_way PASSED [  9%]
tests/test_circular_feature_paths.py::test_narrow_arrow_uses_reduced_shaft_radii[0.25-positive] PASSED [  9%]
tests/test_circular_feature_paths.py::test_narrow_arrow_uses_reduced_shaft_radii[0.25-negative] PASSED [  9%]
tests/test_circular_feature_paths.py::test_narrow_arrow_uses_reduced_shaft_radii[0.5-positive] PASSED [  9%]
tests/test_circular_feature_paths.py::test_narrow_arrow_uses_reduced_shaft_radii[0.5-negative] PASSED [  9%]
tests/test_circular_feature_paths.py::test_narrow_arrow_uses_reduced_shaft_radii[1.0-positive] PASSED [  9%]
tests/test_circular_feature_paths.py::test_narrow_arrow_uses_reduced_shaft_radii[1.0-negative] PASSED [  9%]
tests/test_circular_feature_paths.py::test_factor_based_narrow_arrow_matches_explicit_radii_api[positive] PASSED [  9%]
tests/test_circular_feature_paths.py::test_factor_based_narrow_arrow_matches_explicit_radii_api[negative] PASSED [  9%]
tests/test_circular_feature_paths.py::test_long_factor_based_narrow_arrow_splits_both_shaft_arcs[positive-expected_sweeps0] PASSED [  9%]
tests/test_circular_feature_paths.py::test_long_factor_based_narrow_arrow_splits_both_shaft_arcs[negative-expected_sweeps1] PASSED [  9%]
tests/test_circular_feature_paths.py::test_origin_spanning_narrow_arrow_is_coalesced_with_reduced_shaft[positive-100.0] PASSED [  9%]
tests/test_circular_feature_paths.py::test_origin_spanning_narrow_arrow_is_coalesced_with_reduced_shaft[negative-900.0] PASSED [  9%]
tests/test_circular_feature_paths.py::test_narrow_arrow_without_positive_shaft_is_a_triangle[10.0] PASSED [  9%]
tests/test_circular_feature_paths.py::test_narrow_arrow_without_positive_shaft_is_a_triangle[20.0] PASSED [  9%]
tests/test_circular_feature_paths.py::test_legacy_arrow_keeps_equality_boundary_as_five_vertex_path PASSED [  9%]
tests/test_circular_feature_paths.py::test_full_width_ratio_uses_exact_legacy_circular_arrow_path PASSED [  9%]
tests/test_circular_feature_paths.py::test_multipart_narrow_arrow_uses_shaft_width_before_terminal_head PASSED [  9%]
tests/test_circular_feature_paths.py::test_undefined_strand_narrow_arrow_falls_back_to_rectangle PASSED [  9%]
tests/test_circular_feature_paths.py::test_circular_numeric_head_ratio_is_independent_of_shaft_width PASSED [  9%]
tests/test_circular_feature_paths.py::test_circular_auto_head_length_keeps_legacy_bp_value_exactly PASSED [  9%]
tests/test_circular_feature_paths.py::test_circular_auto_head_length_grows_as_shaft_narrows PASSED [  9%]
tests/test_circular_feature_paths.py::test_intron_one_bp_gap_is_not_rendered_as_near_full_circle[positive-501-500] PASSED [  9%]
tests/test_circular_feature_paths.py::test_intron_one_bp_gap_is_not_rendered_as_near_full_circle[negative-501-500] PASSED [  9%]
tests/test_circular_feature_paths.py::test_short_introns_remain_single_arc_and_track_aligned PASSED [  9%]
tests/test_circular_feature_paths.py::test_feature_drawer_draws_lines_before_blocks_within_same_feature PASSED [ 10%]
tests/test_circular_feature_width.py::test_feature_width_override_reaches_feature_drawer PASSED [ 10%]
tests/test_circular_feature_width.py::test_default_custom_feature_slot_preserves_separate_strand_feature_width PASSED [ 10%]
tests/test_circular_feature_width.py::test_short_tuckin_separate_strands_default_tracks_do_not_overlap PASSED [ 10%]
tests/test_circular_feature_width.py::test_feature_width_generates_auto_relayout_overrides PASSED [ 10%]
tests/test_circular_feature_width.py::test_explicit_track_placement_beats_auto_relayout PASSED [ 10%]
tests/test_circular_feature_width.py::test_feature_slot_width_ratio_ignores_radius PASSED [ 10%]
tests/test_circular_feature_width.py::test_cli_feature_width_must_be_positive PASSED [ 10%]
tests/test_circular_feature_width.py::test_cli_gc_track_width_radius_must_be_positive[--gc_content_width] PASSED [ 10%]
tests/test_circular_feature_width.py::test_cli_gc_track_width_radius_must_be_positive[--gc_content_radius] PASSED [ 10%]
tests/test_circular_feature_width.py::test_cli_gc_track_width_radius_must_be_positive[--gc_skew_width] PASSED [ 10%]
tests/test_circular_feature_width.py::test_cli_gc_track_width_radius_must_be_positive[--gc_skew_radius] PASSED [ 10%]
tests/test_circular_feature_width.py::test_cli_labels_mode_parsing[labels_args0-none] PASSED [ 10%]
tests/test_circular_feature_width.py::test_cli_labels_mode_parsing[labels_args1-out] PASSED [ 10%]
tests/test_circular_feature_width.py::test_cli_labels_mode_parsing[labels_args2-out] PASSED [ 10%]
tests/test_circular_feature_width.py::test_cli_labels_mode_parsing[labels_args3-both] PASSED [ 10%]
tests/test_circular_feature_width.py::test_cli_labels_mode_parsing[labels_args4-none] PASSED [ 10%]
tests/test_circular_feature_width.py::test_cli_legacy_label_options_are_rejected[--show_labels] PASSED [ 10%]
tests/test_circular_feature_width.py::test_cli_legacy_label_options_are_rejected[--allow_inner_labels] PASSED [ 10%]
tests/test_circular_feature_width.py::test_cli_labels_mode_maps_to_circular_scope[labels_args0-none-True-True-False] PASSED [ 10%]
tests/test_circular_feature_width.py::test_cli_labels_mode_maps_to_circular_scope[labels_args1-outer-True-True-False] PASSED [ 10%]
tests/test_circular_feature_width.py::test_cli_labels_mode_maps_to_circular_scope[labels_args2-outer-True-True-False] PASSED [ 10%]
tests/test_circular_feature_width.py::test_cli_labels_mode_maps_to_circular_scope[labels_args3-both-True-True-False] PASSED [ 10%]
tests/test_circular_feature_width.py::test_cli_fractional_definition_font_size_forwards_derived_interval PASSED [ 10%]
tests/test_circular_feature_width.py::test_cli_feature_width_forwards_internal_feature_track_spec PASSED [ 10%]
tests/test_circular_feature_width.py::test_cli_hidden_scale_geometry_shortcut_omits_implicit_ticks PASSED [ 10%]
tests/test_circular_feature_width.py::test_cli_geometry_shortcuts_reject_explicit_slot_geometry[--feature_width-42] PASSED [ 10%]
tests/test_circular_feature_width.py::test_cli_geometry_shortcuts_reject_explicit_slot_geometry[--depth_width-42] PASSED [ 10%]
tests/test_circular_feature_width.py::test_cli_geometry_shortcuts_reject_explicit_slot_geometry[--gc_content_width-22] PASSED [ 10%]
tests/test_circular_feature_width.py::test_cli_geometry_shortcuts_reject_explicit_slot_geometry[--gc_content_radius-0.74] PASSED [ 10%]
tests/test_circular_feature_width.py::test_cli_geometry_shortcuts_reject_explicit_slot_geometry[--gc_skew_width-18] PASSED [ 10%]
tests/test_circular_feature_width.py::test_cli_geometry_shortcuts_reject_explicit_slot_geometry[--gc_skew_radius-0.68] PASSED [ 10%]
tests/test_circular_feature_width.py::test_cli_gc_track_width_radius_forwards_internal_track_specs PASSED [ 10%]
tests/test_circular_feature_width.py::test_cli_gc_track_width_radius_respects_suppress_flags PASSED [ 10%]
tests/test_circular_feature_width.py::test_feature_width_expand_canvas_when_labels_hidden_with_resolve_overlaps PASSED [ 10%]
tests/test_circular_feature_width.py::test_feature_width_75_keeps_outer_labels_outside_local_feature_tracks PASSED [ 10%]
tests/test_circular_feature_width.py::test_feature_width_75_auto_repositions_ticks_outside_feature_band_when_overlapping PASSED [ 10%]
tests/test_circular_feature_width.py::test_resolve_overlaps_repositions_core_tracks_away_from_all_feature_tracks[tuckin] PASSED [ 10%]
tests/test_circular_feature_width.py::test_resolve_overlaps_repositions_core_tracks_away_from_all_feature_tracks[middle] PASSED [ 10%]
tests/test_circular_feature_width.py::test_resolve_overlaps_repositions_core_tracks_away_from_all_feature_tracks[spreadout] PASSED [ 10%]
tests/test_circular_feature_width.py::test_middle_resolve_overlaps_repositions_gc_and_skew_away_from_tick_label_annulus_on_nc001454 PASSED [ 10%]
tests/test_circular_feature_width.py::test_tuckin_resolve_overlaps_repositions_core_tracks_away_from_feature_band_on_nc001454 PASSED [ 10%]
tests/test_circular_feature_width.py::test_resolve_overlaps_keeps_explicit_core_track_specs PASSED [ 10%]
tests/test_circular_feature_width.py::test_auto_relayout_core_tracks_are_stable_across_show_labels_toggle PASSED [ 11%]
tests/test_circular_feature_width.py::test_feature_width_keeps_axis_concentric_with_rendered_tracks[tuckin] PASSED [ 11%]
tests/test_circular_feature_width.py::test_feature_width_keeps_axis_concentric_with_rendered_tracks[middle] PASSED [ 11%]
tests/test_circular_feature_width.py::test_feature_width_keeps_axis_concentric_with_rendered_tracks[spreadout] PASSED [ 11%]
tests/test_circular_label_identity.py::test_labels_resolve_all_parts_and_disambiguate_equal_source_hashes[False-auto-horizontal] PASSED [ 11%]
tests/test_circular_label_identity.py::test_labels_resolve_all_parts_and_disambiguate_equal_source_hashes[False-auto-radial] PASSED [ 11%]
tests/test_circular_label_identity.py::test_labels_resolve_all_parts_and_disambiguate_equal_source_hashes[False-external_only-horizontal] PASSED [ 11%]
tests/test_circular_label_identity.py::test_labels_resolve_all_parts_and_disambiguate_equal_source_hashes[False-external_only-radial] PASSED [ 11%]
tests/test_circular_label_identity.py::test_labels_resolve_all_parts_and_disambiguate_equal_source_hashes[False-embedded_only-horizontal] PASSED [ 11%]
tests/test_circular_label_identity.py::test_labels_resolve_all_parts_and_disambiguate_equal_source_hashes[False-embedded_only-radial] PASSED [ 11%]
tests/test_circular_label_identity.py::test_labels_resolve_all_parts_and_disambiguate_equal_source_hashes[True-auto-horizontal] PASSED [ 11%]
tests/test_circular_label_identity.py::test_labels_resolve_all_parts_and_disambiguate_equal_source_hashes[True-auto-radial] PASSED [ 11%]
tests/test_circular_label_identity.py::test_labels_resolve_all_parts_and_disambiguate_equal_source_hashes[True-external_only-horizontal] PASSED [ 11%]
tests/test_circular_label_identity.py::test_labels_resolve_all_parts_and_disambiguate_equal_source_hashes[True-external_only-radial] PASSED [ 11%]
tests/test_circular_label_identity.py::test_labels_resolve_all_parts_and_disambiguate_equal_source_hashes[True-embedded_only-horizontal] PASSED [ 11%]
tests/test_circular_label_identity.py::test_labels_resolve_all_parts_and_disambiguate_equal_source_hashes[True-embedded_only-radial] PASSED [ 11%]
tests/test_circular_label_identity.py::test_repeated_render_uses_current_label_table_after_filtering_was_prepared PASSED [ 11%]
tests/test_circular_label_placement.py::test_circular_label_drawer_uses_label_entry_font_size PASSED [ 11%]
tests/test_circular_label_placement.py::test_circular_label_overlap_count_index_matches_full_scan PASSED [ 11%]
tests/test_circular_label_placement.py::test_circular_label_fit_uses_drawer_head_span[1.0-1.0-False] PASSED [ 11%]
tests/test_circular_label_placement.py::test_circular_label_fit_uses_drawer_head_span[2.0-1.0-True] PASSED [ 11%]
tests/test_circular_label_placement.py::test_circular_label_fit_uses_drawer_head_span[auto-0.5-True] PASSED [ 11%]
tests/test_circular_label_placement.py::test_place_labels_stays_near_feature_angle_for_sparse_labels PASSED [ 11%]
tests/test_circular_label_placement.py::test_improved_label_placement_limits_angle_drift_under_density PASSED [ 11%]
tests/test_circular_label_placement.py::test_improved_label_placement_resolves_dense_cluster_overlaps PASSED [ 11%]
tests/test_circular_label_placement.py::test_circular_label_spacing_override_increases_bbox_clearance PASSED [ 11%]
tests/test_circular_label_placement.py::test_circular_inner_label_spacing_override_increases_bbox_clearance PASSED [ 11%]
tests/test_circular_label_placement.py::test_improved_label_placement_preserves_feature_order PASSED [ 11%]
tests/test_circular_label_placement.py::test_improved_label_placement_prefers_same_half_plane_when_overlap_tied PASSED [ 11%]
tests/test_circular_label_placement.py::test_improved_label_placement_prefers_shorter_leaders_when_overlap_tied PASSED [ 11%]
tests/test_circular_label_placement.py::test_rearrange_labels_legacy_prefers_same_half_plane_when_overlap_tied PASSED [ 11%]
tests/test_circular_label_placement.py::test_dense_triplet_keeps_center_label_closest_to_feature PASSED [ 11%]
tests/test_circular_label_placement.py::test_dense_mito_triplet_respects_minimum_bbox_gap PASSED [ 11%]
tests/test_circular_label_placement.py::test_dense_wide_labels_expand_search_beyond_default_shift PASSED [ 11%]
tests/test_circular_label_placement.py::test_dense_chain_cluster_moves_neighbor_labels_together PASSED [ 11%]
tests/test_circular_label_placement.py::test_wraparound_dense_cluster_resolves_after_target_reset_retry PASSED [ 11%]
tests/test_circular_label_placement.py::test_mjenmv_dense_labels_without_blacklist_have_no_outer_overlaps PASSED [ 11%]
tests/test_circular_label_placement.py::test_mjenmv_inner_dense_keeps_y_overlap_calls_under_regression_cap PASSED [ 11%]
tests/test_circular_label_placement.py::test_mjenmv_external_labels_with_inner_are_middle_sorted PASSED [ 11%]
tests/test_circular_label_placement.py::test_mjenmv_inner_dense_wsv209_stays_near_wsv267_after_refine PASSED [ 11%]
tests/test_circular_label_placement.py::test_mjenmv_inner_strict_rebalance_keeps_current_hemisphere_mismatch_cap PASSED [ 11%]
tests/test_circular_label_placement.py::test_mjenmv_inner_strict_rebalance_resolves_wsv192_wsv136_min_gap_overlap PASSED [ 11%]
tests/test_circular_label_placement.py::test_mjenmv_inner_strict_rebalance_keeps_current_inner_order_backtracking PASSED [ 11%]
tests/test_circular_label_placement.py::test_mjenmv_wsv209_hypothetical_leader_lines_keep_current_crossing PASSED [ 12%]
tests/test_circular_label_placement.py::test_mjenmv_wsv209_uses_current_right_hemisphere_position PASSED [ 12%]
tests/test_circular_label_placement.py::test_nc001879_outer_only_dense_skips_improved_solver_and_keeps_plain_overlaps_zero PASSED [ 12%]
tests/test_circular_label_placement.py::test_rearrange_dense_labels_50_to_70_always_compares_legacy_and_current_candidates PASSED [ 12%]
tests/test_circular_label_placement.py::test_rearrange_dense_labels_over_70_reuses_single_legacy_candidate PASSED [ 12%]
tests/test_circular_label_placement.py::test_nc001879_outer_only_dense_keeps_y_overlap_calls_under_regression_cap PASSED [ 12%]
tests/test_circular_label_placement.py::test_nc001879_inner_dense_keeps_y_overlap_calls_under_regression_cap PASSED [ 12%]
tests/test_circular_label_placement.py::test_nc001879_inner_dense_uses_current_solver_path_with_one_leader_collision PASSED [ 12%]
tests/test_circular_label_placement.py::test_nc001879_inner_dense_bottom_cluster_spreads_across_both_halves PASSED [ 12%]
tests/test_circular_label_placement.py::test_inner_labels_on_left_half_use_left_bbox_edge_for_leader_start PASSED [ 12%]
tests/test_circular_label_placement.py::test_effective_outer_middle_anchor_clearance_scales_with_feature_width_and_caps PASSED [ 12%]
tests/test_circular_label_placement.py::test_effective_outer_text_clearance_scales_with_feature_width_and_caps PASSED [ 12%]
tests/test_circular_label_placement.py::test_mjenmv_resolve_overlaps_middle_has_no_outer_overlaps PASSED [ 12%]
tests/test_circular_label_placement.py::test_mjenmv_resolve_overlaps_middle_keeps_current_wsv134_wsv133_radial_gap PASSED [ 12%]
tests/test_circular_label_placement.py::test_mjenmv_resolve_overlaps_middle_keeps_current_top_bottom_leader_anchor_selection PASSED [ 12%]
tests/test_circular_label_placement.py::test_hmmtdna_resolve_overlaps_middle_keeps_trna_lys_text_outside_feature_tracks PASSED [ 12%]
tests/test_circular_label_placement.py::test_hmmtdna_font22_labels_remain_close_without_overlaps PASSED [ 12%]
tests/test_circular_label_placement.py::test_hmmtdna_resolve_overlaps_keeps_outer_labels_outside_feature_tracks PASSED [ 12%]
tests/test_circular_label_placement.py::test_hmmtdna_resolve_overlaps_feature_width_keeps_middle_anchor_outside_feature_tracks PASSED [ 12%]
tests/test_circular_label_placement.py::test_hmmtdna_resolve_overlaps_feature_width_keeps_middle_anchor_outside_local_feature_tracks PASSED [ 12%]
tests/test_circular_label_placement.py::test_hmmtdna_resolve_overlaps_feature_width_font22_keeps_current_bbox_margin_from_local_feature_tracks PASSED [ 12%]
tests/test_circular_label_placement.py::test_hmmtdna_resolve_overlaps_short_directional_features_use_center_anchor PASSED [ 12%]
tests/test_circular_label_placement.py::test_hmmtdna_resolve_overlaps_default_font_keeps_label_bboxes_outside_local_feature_tracks PASSED [ 12%]
tests/test_circular_label_placement.py::test_hmmtdna_resolve_overlaps_middle_has_no_label_leader_line_collisions PASSED [ 12%]
tests/test_circular_label_placement.py::test_resolve_label_leader_line_collisions_reduces_fixture_collisions PASSED [ 12%]
tests/test_circular_label_placement.py::test_leader_start_lies_on_bbox_perimeter_without_corner_snap PASSED [ 12%]
tests/test_circular_label_placement.py::test_hmmtdna_resolve_overlaps_recomputes_leader_start_after_label_shifts PASSED [ 12%]
tests/test_circular_label_placement.py::test_nc001454_longest_coordinate_segment_drives_label_middle_and_embedding PASSED [ 12%]
tests/test_circular_label_placement.py::test_nc001454_tuckin_wraparound_guard_prevents_first_label_overtake PASSED [ 12%]
tests/test_circular_label_placement.py::test_nc001454_tuckin_resolve_overlaps_inner_labels_keep_bbox_inside_local_feature_tracks PASSED [ 12%]
tests/test_circular_label_placement.py::test_nc001454_tuckin_resolve_overlaps_inner_middle_to_label_segments_avoid_feature_annulus PASSED [ 12%]
tests/test_circular_label_placement.py::test_nc001454_tuckin_resolve_overlaps_inner_non_short_directional_labels_use_inward_feature_anchor PASSED [ 12%]
tests/test_circular_label_placement.py::test_circular_assembly_reuses_precalculated_labels_once PASSED [ 12%]
tests/test_circular_label_placement.py::test_overlay_collision_bounds_come_from_composition_plan[upper_left-expected0] PASSED [ 12%]
tests/test_circular_label_placement.py::test_overlay_collision_bounds_come_from_composition_plan[upper_right-expected1] PASSED [ 12%]
tests/test_circular_label_placement.py::test_overlay_collision_bounds_come_from_composition_plan[lower_left-expected2] PASSED [ 12%]
tests/test_circular_label_placement.py::test_overlay_collision_bounds_come_from_composition_plan[lower_right-expected3] PASSED [ 12%]
tests/test_circular_label_placement.py::test_label_legend_collision_prefers_label_shift PASSED [ 12%]
tests/test_circular_label_placement.py::test_docked_legend_collision_does_not_mutate_labels_or_canvas PASSED [ 12%]
tests/test_circular_label_placement.py::test_label_legend_collision_keeps_feature_order_by_moving_neighbor_block PASSED [ 12%]
tests/test_circular_label_placement.py::test_external_label_fitting_returns_paint_bounds_without_mutating_canvas PASSED [ 12%]
tests/test_circular_label_placement.py::test_hmmtdna_label_override_keeps_current_embedded_flags PASSED [ 12%]
tests/test_circular_label_track_policy.py::test_horizontal_inner_labels_suppress_implicit_gc_and_skew_tracks[False] PASSED [ 12%]
tests/test_circular_label_track_policy.py::test_horizontal_inner_labels_suppress_implicit_gc_and_skew_tracks[True] PASSED [ 12%]
tests/test_circular_label_track_policy.py::test_explicit_circular_slots_remain_authoritative_with_horizontal_inner_labels PASSED [ 13%]
tests/test_circular_multi_canvas.py::test_assemble_circular_diagram_from_records_shared_legend_and_unique_ids PASSED [ 13%]
tests/test_circular_multi_canvas.py::test_assemble_circular_diagram_from_records_default_auto_scaling PASSED [ 13%]
tests/test_circular_multi_canvas.py::test_multi_record_mixed_lengths_harmonize_short_feature_axis_style_to_long PASSED [ 13%]
tests/test_circular_multi_canvas.py::test_multi_record_mixed_lengths_unify_feature_label_font_sizes PASSED [ 13%]
tests/test_circular_multi_canvas.py::test_multi_record_all_short_keeps_short_feature_axis_style PASSED [ 13%]
tests/test_circular_multi_canvas.py::test_multi_record_mixed_lengths_force_long_tick_channel_for_short_record PASSED [ 13%]
tests/test_circular_multi_canvas.py::test_circular_tick_label_font_size_reaches_tick_label_generator PASSED [ 13%]
tests/test_circular_multi_canvas.py::test_multi_record_mixed_lengths_keep_gc_window_step_per_record_defaults PASSED [ 13%]
tests/test_circular_multi_canvas.py::test_assemble_circular_diagram_from_records_scaling_mode_selection[auto-0.55-0.8] PASSED [ 13%]
tests/test_circular_multi_canvas.py::test_assemble_circular_diagram_from_records_scaling_mode_selection[linear-0.55-0.64] PASSED [ 13%]
tests/test_circular_multi_canvas.py::test_assemble_circular_diagram_from_records_scaling_mode_selection[equal-0.55-1.0] PASSED [ 13%]
tests/test_circular_multi_canvas.py::test_assemble_circular_diagram_from_records_auto_renormalizes_when_multiple_would_clamp PASSED [ 13%]
tests/test_circular_multi_canvas.py::test_assemble_circular_diagram_from_records_auto_keeps_single_clamp_behavior PASSED [ 13%]
tests/test_circular_multi_canvas.py::test_assemble_circular_diagram_from_records_rejects_removed_sqrt_alias PASSED [ 13%]
tests/test_circular_multi_canvas.py::test_multi_record_variable_grid_width_is_tighter_than_fixed_cell_layout PASSED [ 13%]
tests/test_circular_multi_canvas.py::test_multi_record_default_column_and_row_gap_ratios_are_ten_and_five_percent PASSED [ 13%]
tests/test_circular_multi_canvas.py::test_multi_record_column_gap_ratio_override_controls_horizontal_spacing PASSED [ 13%]
tests/test_circular_multi_canvas.py::test_multi_record_column_gap_ratio_zero_removes_gap_between_records_in_same_row PASSED [ 13%]
tests/test_circular_multi_canvas.py::test_multi_record_row_gap_ratio_override_accepts_legacy_ten_percent PASSED [ 13%]
tests/test_circular_multi_canvas.py::test_multi_record_row_gap_ratio_zero_removes_visible_gap_between_row_content PASSED [ 13%]
tests/test_circular_multi_canvas.py::test_multi_record_row_gap_ratio_adds_visible_gap_between_row_content PASSED [ 13%]
tests/test_circular_multi_canvas.py::test_multi_record_positions_group_rows_and_preserve_within_row_order PASSED [ 13%]
tests/test_circular_multi_canvas.py::test_multi_record_positions_compress_row_gaps PASSED [ 13%]
tests/test_circular_multi_canvas.py::test_multi_record_positions_default_layout_keeps_auto_square_when_unspecified PASSED [ 13%]
tests/test_circular_multi_canvas.py::test_multi_record_positions_accept_record_id_selectors PASSED [ 13%]
tests/test_circular_multi_canvas.py::test_multi_record_rows_center_visible_bounds_for_none_top_bottom[none] PASSED [ 13%]
tests/test_circular_multi_canvas.py::test_multi_record_rows_center_visible_bounds_for_none_top_bottom[top] PASSED [ 13%]
tests/test_circular_multi_canvas.py::test_multi_record_rows_center_visible_bounds_for_none_top_bottom[bottom] PASSED [ 13%]
tests/test_circular_multi_canvas.py::test_multi_record_visible_row_packing_is_independent_of_right_legend PASSED [ 13%]
tests/test_circular_multi_canvas.py::test_circular_cli_multi_record_canvas_opt_in_saves_once PASSED [ 13%]
tests/test_circular_multi_canvas.py::test_circular_cli_one_record_grid_uses_typed_multi_planner PASSED [ 13%]
tests/test_circular_multi_canvas.py::test_circular_cli_one_record_without_grid_uses_typed_batch PASSED [ 13%]
tests/test_circular_multi_canvas.py::test_circular_cli_records_table_regions_follow_sorted_rows PASSED [ 13%]
tests/test_circular_multi_canvas.py::test_circular_cli_rejects_qualified_records_table_region_before_rendering PASSED [ 13%]
tests/test_circular_multi_canvas.py::test_circular_cli_track_table_validates_params_and_forwards_axis PASSED [ 13%]
tests/test_circular_multi_canvas.py::test_circular_cli_multi_record_canvas_passes_size_scaling_options PASSED [ 13%]
tests/test_circular_multi_canvas.py::test_circular_cli_multi_record_canvas_rejects_removed_sqrt_alias PASSED [ 13%]
tests/test_circular_multi_canvas.py::test_circular_cli_multi_record_canvas_passes_positions PASSED [ 13%]
tests/test_circular_multi_canvas.py::test_circular_cli_rejects_invalid_multi_record_position[#1@] PASSED [ 13%]
tests/test_circular_multi_canvas.py::test_circular_cli_rejects_invalid_multi_record_position[@1] PASSED [ 13%]
tests/test_circular_multi_canvas.py::test_circular_cli_rejects_invalid_multi_record_position[#1@0] PASSED [ 13%]
tests/test_circular_multi_canvas.py::test_circular_cli_rejects_invalid_multi_record_position[#1@-1] PASSED [ 13%]
tests/test_circular_multi_canvas.py::test_circular_cli_rejects_invalid_multi_record_position[#1@abc] PASSED [ 14%]
tests/test_circular_multi_canvas.py::test_circular_cli_rejects_invalid_multi_record_position[#0@1] PASSED [ 14%]
tests/test_circular_multi_canvas.py::test_circular_cli_rejects_invalid_multi_record_position[none@1] PASSED [ 14%]
tests/test_circular_multi_canvas.py::test_circular_cli_rejects_invalid_multi_record_position[selector_only] PASSED [ 14%]
tests/test_circular_multi_canvas.py::test_circular_cli_rejects_removed_multi_record_layout_options[--multi_record_row_pattern-2,4] PASSED [ 14%]
tests/test_circular_multi_canvas.py::test_circular_cli_rejects_removed_multi_record_layout_options[--multi_record_order-#2] PASSED [ 14%]
tests/test_circular_multi_canvas.py::test_multi_record_positions_invalid_selector_raises_validation_error PASSED [ 14%]
tests/test_circular_multi_canvas.py::test_multi_record_positions_with_duplicate_selector_raises_validation_error PASSED [ 14%]
tests/test_circular_multi_canvas.py::test_multi_record_positions_with_missing_record_raises_validation_error PASSED [ 14%]
tests/test_circular_multi_canvas.py::test_multi_record_positions_with_non_positive_row_raises_validation_error PASSED [ 14%]
tests/test_circular_multi_canvas.py::test_circular_cli_without_multi_record_canvas_keeps_per_record_saves PASSED [ 14%]
tests/test_circular_multi_canvas.py::test_circular_cli_multi_record_canvas_passes_keep_full_definition_option PASSED [ 14%]
tests/test_circular_multi_canvas.py::test_circular_cli_rejects_invalid_multi_record_min_radius_ratio[0] PASSED [ 14%]
tests/test_circular_multi_canvas.py::test_circular_cli_rejects_invalid_multi_record_min_radius_ratio[-0.1] PASSED [ 14%]
tests/test_circular_multi_canvas.py::test_circular_cli_rejects_invalid_multi_record_min_radius_ratio[1.5] PASSED [ 14%]
tests/test_circular_multi_canvas.py::test_circular_cli_rejects_invalid_multi_record_column_gap_ratio[-0.1] PASSED [ 14%]
tests/test_circular_multi_canvas.py::test_circular_cli_rejects_invalid_multi_record_column_gap_ratio[nan] PASSED [ 14%]
tests/test_circular_multi_canvas.py::test_circular_cli_rejects_invalid_multi_record_column_gap_ratio[inf] PASSED [ 14%]
tests/test_circular_multi_canvas.py::test_circular_cli_rejects_invalid_multi_record_row_gap_ratio[-0.1] PASSED [ 14%]
tests/test_circular_multi_canvas.py::test_circular_cli_rejects_invalid_multi_record_row_gap_ratio[nan] PASSED [ 14%]
tests/test_circular_multi_canvas.py::test_circular_cli_rejects_invalid_multi_record_row_gap_ratio[inf] PASSED [ 14%]
tests/test_circular_multi_canvas.py::test_circular_cli_definition_layout_defaults PASSED [ 14%]
tests/test_circular_multi_canvas.py::test_circular_cli_parses_keep_full_definition_option PASSED [ 14%]
tests/test_circular_multi_canvas.py::test_circular_cli_parses_tick_label_font_size_option PASSED [ 14%]
tests/test_circular_multi_canvas.py::test_circular_cli_rejects_invalid_tick_label_font_size[0] PASSED [ 14%]
tests/test_circular_multi_canvas.py::test_circular_cli_rejects_invalid_tick_label_font_size[-1] PASSED [ 14%]
tests/test_circular_multi_canvas.py::test_circular_cli_rejects_unsupported_definition_layout_options[--plot_title_position-center] PASSED [ 14%]
tests/test_circular_multi_canvas.py::test_circular_cli_rejects_unsupported_definition_layout_options[--plot_title_position-left] PASSED [ 14%]
tests/test_circular_multi_canvas.py::test_circular_cli_rejects_unsupported_definition_layout_options[--definition_position-bottom] PASSED [ 14%]
tests/test_circular_multi_canvas.py::test_circular_cli_rejects_unsupported_definition_layout_options[--multi_record_title_mode-shared] PASSED [ 14%]
tests/test_circular_multi_canvas.py::test_circular_cli_rejects_unsupported_definition_layout_options[--multi_record_definition_mode-shared] PASSED [ 14%]
tests/test_circular_multi_canvas.py::test_circular_cli_rejects_unsupported_definition_layout_options[--shared_definition_position-bottom] PASSED [ 14%]
tests/test_circular_multi_canvas.py::test_circular_cli_rejects_unsupported_definition_layout_options[--shared_definition_font_size-30] PASSED [ 14%]
tests/test_circular_multi_canvas.py::test_multi_record_default_hides_plot_title_and_keeps_record_summary_content PASSED [ 14%]
tests/test_circular_multi_canvas.py::test_multi_record_shared_record_summary_includes_replicon_when_available PASSED [ 14%]
tests/test_circular_multi_canvas.py::test_plot_title_font_size_override_only_changes_plot_title PASSED [ 14%]
tests/test_circular_multi_canvas.py::test_plot_title_single_line_with_missing_species_or_strain[Species only--Species only] PASSED [ 14%]
tests/test_circular_multi_canvas.py::test_plot_title_single_line_with_missing_species_or_strain[-Strain only-Strain only] PASSED [ 14%]
tests/test_circular_multi_canvas.py::test_plot_title_position_moves_shared_group_vertically PASSED [ 14%]
tests/test_circular_multi_canvas.py::test_single_record_bottom_plot_title_uses_summary_center_definition PASSED [ 14%]
tests/test_circular_multi_canvas.py::test_single_record_plot_title_clears_external_labels[top] PASSED [ 14%]
tests/test_circular_multi_canvas.py::test_single_record_plot_title_clears_external_labels[bottom] PASSED [ 14%]
tests/test_circular_multi_canvas.py::test_single_record_plot_title_can_keep_full_center_definition PASSED [ 14%]
tests/test_circular_multi_canvas.py::test_single_record_custom_plot_title_overrides_default_when_visible PASSED [ 15%]
tests/test_circular_multi_canvas.py::test_single_record_plot_title_keeps_plain_text_around_inline_italics PASSED [ 15%]
tests/test_circular_multi_canvas.py::test_single_record_hidden_plot_title_ignores_custom_title_and_keeps_full_definition PASSED [ 15%]
tests/test_circular_multi_canvas.py::test_multi_record_center_definition_aligns_with_record_axis[none-False] PASSED [ 15%]
tests/test_circular_multi_canvas.py::test_multi_record_center_definition_aligns_with_record_axis[top-False] PASSED [ 15%]
tests/test_circular_multi_canvas.py::test_multi_record_center_definition_aligns_with_record_axis[bottom-False] PASSED [ 15%]
tests/test_circular_multi_canvas.py::test_multi_record_center_definition_aligns_with_record_axis[top-True] PASSED [ 15%]
tests/test_circular_multi_canvas.py::test_multi_record_center_definition_aligns_with_record_axis[bottom-True] PASSED [ 15%]
tests/test_circular_multi_canvas.py::test_single_record_legend_top_bottom_positions_expand_and_move PASSED [ 15%]
tests/test_circular_multi_canvas.py::test_single_record_top_bottom_legend_centers_between_edge_and_content[top-False-tuckin] PASSED [ 15%]
tests/test_circular_multi_canvas.py::test_single_record_top_bottom_legend_centers_between_edge_and_content[bottom-False-tuckin] PASSED [ 15%]
tests/test_circular_multi_canvas.py::test_single_record_top_bottom_legend_centers_between_edge_and_content[top-True-spreadout] PASSED [ 15%]
tests/test_circular_multi_canvas.py::test_single_record_top_bottom_legend_centers_between_edge_and_content[bottom-True-spreadout] PASSED [ 15%]
tests/test_circular_multi_canvas.py::test_multi_record_legend_top_bottom_positions_expand_and_move PASSED [ 15%]
tests/test_circular_multi_canvas.py::test_multi_record_top_legend_keeps_minimum_top_padding PASSED [ 15%]
tests/test_circular_multi_canvas.py::test_multi_record_bottom_plot_title_stays_below_legend PASSED [ 15%]
tests/test_circular_multi_canvas.py::test_single_record_bottom_plot_title_stays_below_legend PASSED [ 15%]
tests/test_circular_multi_canvas.py::test_multi_record_custom_plot_title_overrides_default_shared_title PASSED [ 15%]
tests/test_circular_multi_canvas.py::test_multi_record_left_right_plot_title_bottom_keeps_margins[left] PASSED [ 15%]
tests/test_circular_multi_canvas.py::test_multi_record_left_right_plot_title_bottom_keeps_margins[right] PASSED [ 15%]
tests/test_circular_multi_canvas.py::test_single_record_side_legend_matches_upper_corner_edge_margin[left-upper_left] PASSED [ 15%]
tests/test_circular_multi_canvas.py::test_single_record_side_legend_matches_upper_corner_edge_margin[right-upper_right] PASSED [ 15%]
tests/test_circular_multi_canvas.py::test_multi_record_side_legend_matches_upper_corner_edge_margin[left-upper_left] PASSED [ 15%]
tests/test_circular_multi_canvas.py::test_multi_record_side_legend_matches_upper_corner_edge_margin[right-upper_right] PASSED [ 15%]
tests/test_circular_multi_canvas.py::test_circular_top_legend_uses_horizontal_entry_layout PASSED [ 15%]
tests/test_circular_multi_canvas.py::test_single_record_top_bottom_legend_centers_each_wrapped_row[top] PASSED [ 15%]
tests/test_circular_multi_canvas.py::test_single_record_top_bottom_legend_centers_each_wrapped_row[bottom] PASSED [ 15%]
tests/test_circular_multi_canvas.py::test_multi_record_top_bottom_legend_centers_each_wrapped_row[top] PASSED [ 15%]
tests/test_circular_multi_canvas.py::test_multi_record_top_bottom_legend_centers_each_wrapped_row[bottom] PASSED [ 15%]
tests/test_circular_multi_canvas.py::test_multi_record_visible_plot_title_uses_default_shared_title_when_blank PASSED [ 15%]
tests/test_circular_multi_canvas.py::test_multi_record_plot_title_can_keep_full_definitions PASSED [ 15%]
tests/test_circular_multi_canvas.py::test_multi_record_hidden_plot_title_keeps_summary_when_keep_full_enabled PASSED [ 15%]
tests/test_circular_multi_canvas.py::test_build_circular_diagram_passes_plot_title_position_option PASSED [ 15%]
tests/test_circular_multi_canvas.py::test_direct_bounds_grid_packs_unequal_rows_with_exact_visible_gaps PASSED [ 15%]
tests/test_circular_multi_canvas.py::test_direct_bounds_grid_zero_ratios_make_visible_edges_touch PASSED [ 15%]
tests/test_circular_multi_canvas.py::test_one_record_grid_preserves_single_record_local_bounds_and_content PASSED [ 15%]
tests/test_circular_multi_canvas.py::test_multi_record_shared_composer_supports_every_legend_position[none] PASSED [ 15%]
tests/test_circular_multi_canvas.py::test_multi_record_shared_composer_supports_every_legend_position[left] PASSED [ 15%]
tests/test_circular_multi_canvas.py::test_multi_record_shared_composer_supports_every_legend_position[right] PASSED [ 15%]
tests/test_circular_multi_canvas.py::test_multi_record_shared_composer_supports_every_legend_position[top] PASSED [ 15%]
tests/test_circular_multi_canvas.py::test_multi_record_shared_composer_supports_every_legend_position[bottom] PASSED [ 15%]
tests/test_circular_multi_canvas.py::test_multi_record_shared_composer_supports_every_legend_position[upper_left] PASSED [ 15%]
tests/test_circular_multi_canvas.py::test_multi_record_shared_composer_supports_every_legend_position[upper_right] PASSED [ 15%]
tests/test_circular_multi_canvas.py::test_multi_record_shared_composer_supports_every_legend_position[lower_left] PASSED [ 16%]
tests/test_circular_multi_canvas.py::test_multi_record_shared_composer_supports_every_legend_position[lower_right] PASSED [ 16%]
tests/test_circular_multi_canvas.py::test_multi_record_composition_marks_only_global_targets_and_centers_title PASSED [ 16%]
tests/test_circular_multi_canvas.py::test_multi_record_grid_layout_never_serializes_subcanvases PASSED [ 16%]
tests/test_circular_output_naming.py::test_circular_cli_duplicate_record_ids_do_not_overwrite PASSED [ 16%]
tests/test_circular_output_naming.py::test_circular_cli_requires_explicit_output_for_path_like_record_id PASSED [ 16%]
tests/test_circular_output_naming.py::test_circular_cli_batch_splits_dotted_path_prefix PASSED [ 16%]
tests/test_circular_output_naming.py::test_circular_batch_session_writes_all_outputs_and_sidecar PASSED [ 16%]
tests/test_circular_preset_geometry.py::test_circular_preset_geometry_matches_fixed_oracle PASSED [ 16%]
tests/test_circular_radial_labels.py::test_radial_orientation_is_readable_and_stable[False-0.0] PASSED [ 16%]
tests/test_circular_radial_labels.py::test_radial_orientation_is_readable_and_stable[False-90.0] PASSED [ 16%]
tests/test_circular_radial_labels.py::test_radial_orientation_is_readable_and_stable[False-180.0] PASSED [ 16%]
tests/test_circular_radial_labels.py::test_radial_orientation_is_readable_and_stable[False-270.0] PASSED [ 16%]
tests/test_circular_radial_labels.py::test_radial_orientation_is_readable_and_stable[False-359.999999] PASSED [ 16%]
tests/test_circular_radial_labels.py::test_radial_orientation_is_readable_and_stable[True-0.0] PASSED [ 16%]
tests/test_circular_radial_labels.py::test_radial_orientation_is_readable_and_stable[True-90.0] PASSED [ 16%]
tests/test_circular_radial_labels.py::test_radial_orientation_is_readable_and_stable[True-180.0] PASSED [ 16%]
tests/test_circular_radial_labels.py::test_radial_orientation_is_readable_and_stable[True-270.0] PASSED [ 16%]
tests/test_circular_radial_labels.py::test_radial_orientation_is_readable_and_stable[True-359.999999] PASSED [ 16%]
tests/test_circular_radial_labels.py::test_radial_dense_seam_cluster_is_collision_free_and_deterministic PASSED [ 16%]
tests/test_circular_radial_labels.py::test_long_inner_label_reports_required_radius_growth_without_truncation PASSED [ 16%]
tests/test_circular_radial_labels.py::test_mode_label_config_defaults_and_circular_placement_validation PASSED [ 16%]
tests/test_circular_radial_labels.py::test_circular_cli_placement_default_and_radial_parse PASSED [ 16%]
tests/test_circular_radial_labels.py::test_radial_solver_keeps_500_labels_without_collisions_or_cutoffs PASSED [ 16%]
tests/test_circular_radial_labels.py::test_candidate_extraction_runs_once_across_inner_radius_preflight PASSED [ 16%]
tests/test_circular_radial_layout.py::test_radial_contracts_are_owned_by_layout_layer PASSED [ 16%]
tests/test_circular_radial_layout.py::test_feature_stack_metrics_follow_preset_radius_rules[tuckin-93.0-88.0-98.0] PASSED [ 16%]
tests/test_circular_radial_layout.py::test_feature_stack_metrics_follow_preset_radius_rules[middle-100.0-95.0-105.0] PASSED [ 16%]
tests/test_circular_radial_layout.py::test_feature_stack_metrics_follow_preset_radius_rules[spreadout-107.0-102.0-112.0] PASSED [ 16%]
tests/test_circular_radial_layout.py::test_stranded_feature_stack_lane_order_is_preset_deterministic PASSED [ 16%]
tests/test_circular_radial_layout.py::test_stranded_feature_position_factors_keep_positive_strand_outermost[tuckin] PASSED [ 16%]
tests/test_circular_radial_layout.py::test_stranded_feature_position_factors_keep_positive_strand_outermost[middle] PASSED [ 16%]
tests/test_circular_radial_layout.py::test_stranded_feature_position_factors_keep_positive_strand_outermost[spreadout] PASSED [ 16%]
tests/test_circular_radial_layout.py::test_middle_combined_feature_center_is_axis_radius PASSED [ 16%]
tests/test_circular_radial_layout.py::test_spreadout_and_tuckin_feature_lanes_stay_on_expected_side PASSED [ 16%]
tests/test_circular_radial_layout.py::test_tuckin_combined_feature_lane_sits_close_to_axis PASSED [ 16%]
tests/test_circular_radial_layout.py::test_tuckin_combined_feature_position_factors_sit_close_to_axis PASSED [ 16%]
tests/test_circular_radial_layout.py::test_tuckin_combined_overlap_position_factors_still_move_inward PASSED [ 16%]
tests/test_circular_radial_layout.py::test_custom_core_slot_order_moves_feature_inward_when_ticks_are_axis_side PASSED [ 16%]
tests/test_circular_radial_layout.py::test_custom_core_slot_order_keeps_default_feature_then_ticks_order PASSED [ 16%]
tests/test_circular_radial_layout.py::test_pinned_inside_slots_are_reserved_before_auto_feature_slots PASSED [ 16%]
tests/test_circular_radial_layout.py::test_auto_conservation_stack_compresses_ring_width_and_gap_when_tight PASSED [ 16%]
tests/test_circular_radial_layout.py::test_outside_physical_gap_uses_facing_radial_sides PASSED [ 16%]
tests/test_circular_radial_layout.py::test_inside_physical_gap_uses_facing_radial_sides PASSED [ 16%]
tests/test_circular_radial_layout.py::test_explicit_inside_gaps_are_not_auto_compressed_when_widths_are PASSED [ 17%]
tests/test_circular_radial_layout.py::test_explicit_conservation_ring_width_is_not_auto_compressed PASSED [ 17%]
tests/test_circular_radial_layout.py::test_radial_numeric_stack_places_default_inside_tracks_when_space_allows PASSED [ 17%]
tests/test_circular_radial_layout.py::test_radial_numeric_stack_compresses_group_no_lower_than_readable_minimum PASSED [ 17%]
tests/test_circular_radial_layout.py::test_radial_numeric_stack_raises_when_readable_minimum_cannot_fit PASSED [ 17%]
tests/test_circular_radial_layout.py::test_outside_auto_numeric_width_is_independent_from_inside_compression PASSED [ 17%]
tests/test_circular_radial_layout.py::test_outside_auto_stack_order_is_outermost_first PASSED [ 17%]
tests/test_circular_radial_layout.py::test_user_preset_generated_private_param_is_rejected PASSED [ 17%]
tests/test_circular_radial_layout.py::test_depth_reserved_band_includes_axis_radial_footprint_without_depth_df PASSED [ 17%]
tests/test_circular_render_context.py::test_circular_record_render_context_is_frozen_and_owns_feature_layout PASSED [ 17%]
tests/test_circular_render_context.py::test_circular_record_render_context_deep_freezes_layout_collections PASSED [ 17%]
tests/test_circular_render_context.py::test_circular_record_render_groups_require_explicit_context[SeqRecordGroup] PASSED [ 17%]
tests/test_circular_render_context.py::test_circular_record_render_groups_require_explicit_context[LabelsGroup] PASSED [ 17%]
tests/test_circular_svg_id_integrity.py::test_conservation_group_ids_distinguish_lossy_labels_and_fixed_groups PASSED [ 17%]
tests/test_circular_svg_id_integrity.py::test_circular_multi_merge_preserves_and_namespaces_defs_references PASSED [ 17%]
tests/test_circular_ticks.py::test_circular_tick_label_anchor_stays_middle_and_baseline_uses_edge_values_by_angle PASSED [ 17%]
tests/test_circular_ticks.py::test_circular_tick_label_geometry_uses_middle_anchor PASSED [ 17%]
tests/test_circular_ticks.py::test_circular_tick_label_outside_uses_margin_from_tick_band PASSED [ 17%]
tests/test_circular_ticks.py::test_circular_tick_label_inside_uses_legacy_center_offset_clearance PASSED [ 17%]
tests/test_circular_ticks.py::test_circular_tick_label_textpath_uses_middle_anchor PASSED [ 17%]
tests/test_circular_track_slots.py::test_circular_track_slot_geometry_metadata_preserves_factor_width_and_gaps PASSED [ 17%]
tests/test_circular_track_slots.py::test_circular_spacer_reserves_resolved_geometry_without_rendering_a_group PASSED [ 17%]
tests/test_circular_track_slots.py::test_parse_circular_track_slot_with_duplicate_renderer_params PASSED [ 17%]
tests/test_circular_track_slots.py::test_normalize_circular_depth_track_index_rejects_non_integer_identity[True] PASSED [ 17%]
tests/test_circular_track_slots.py::test_normalize_circular_depth_track_index_rejects_non_integer_identity[1.9_0] PASSED [ 17%]
tests/test_circular_track_slots.py::test_normalize_circular_depth_track_index_rejects_non_integer_identity[-0.2] PASSED [ 17%]
tests/test_circular_track_slots.py::test_normalize_circular_depth_track_index_rejects_non_integer_identity[1.9_1] PASSED [ 17%]
tests/test_circular_track_slots.py::test_normalize_circular_depth_track_index_rejects_non_integer_identity[not-an-integer] PASSED [ 17%]
tests/test_circular_track_slots.py::test_normalize_circular_depth_track_index_accepts_integer_identity[2_0] PASSED [ 17%]
tests/test_circular_track_slots.py::test_normalize_circular_depth_track_index_accepts_integer_identity[2_1] PASSED [ 17%]
tests/test_circular_track_slots.py::test_normalize_circular_depth_track_index_accepts_integer_identity[track_index2] PASSED [ 17%]
tests/test_circular_track_slots.py::test_parse_circular_track_slot_canonicalizes_skew_color_aliases PASSED [ 17%]
tests/test_circular_track_slots.py::test_parse_circular_track_slots_rejects_duplicate_ids_and_unknown_renderer PASSED [ 17%]
tests/test_circular_track_slots.py::test_parse_circular_track_slots_normalizes_object_renderer_aliases PASSED [ 17%]
tests/test_circular_track_slots.py::test_parse_circular_track_slot_accepts_physical_gap_fields PASSED [ 17%]
tests/test_circular_track_slots.py::test_parse_circular_track_slot_rejects_removed_spacing_field PASSED [ 17%]
tests/test_circular_track_slots.py::test_circular_cli_rejects_removed_layout_syntax[option_args0] PASSED [ 17%]
tests/test_circular_track_slots.py::test_circular_cli_rejects_removed_layout_syntax[option_args1] PASSED [ 17%]
tests/test_circular_track_slots.py::test_circular_cli_rejects_removed_layout_syntax[option_args2] PASSED [ 17%]
tests/test_circular_track_slots.py::test_circular_cli_rejects_removed_layout_syntax[option_args3] PASSED [ 17%]
tests/test_circular_track_slots.py::test_circular_cli_rejects_removed_layout_syntax[option_args4] PASSED [ 17%]
tests/test_circular_track_slots.py::test_circular_cli_rejects_removed_layout_syntax[option_args5] PASSED [ 17%]
tests/test_circular_track_slots.py::test_default_circular_track_slots_do_not_include_tick_axis_param PASSED [ 17%]
tests/test_circular_track_slots.py::test_parse_circular_tick_slot_rejects_axis_param PASSED [ 18%]
tests/test_circular_track_slots.py::test_circular_track_slot_shortcuts_are_rejected[axis] PASSED [ 18%]
tests/test_circular_track_slots.py::test_circular_track_slot_shortcuts_are_rejected[axis@r=0.80] PASSED [ 18%]
tests/test_circular_track_slots.py::test_circular_track_slot_shortcuts_are_rejected[gc_skew@w=5px] PASSED [ 18%]
tests/test_circular_track_slots.py::test_circular_track_slot_rejects_obsolete_geometry_keys[features:features@ri=0.75] PASSED [ 18%]
tests/test_circular_track_slots.py::test_circular_track_slot_rejects_obsolete_geometry_keys[features:features@ro=0.82] PASSED [ 18%]
tests/test_circular_track_slots.py::test_circular_track_slot_rejects_obsolete_geometry_keys[features:features@innerRadius=0.75] PASSED [ 18%]
tests/test_circular_track_slots.py::test_circular_track_slot_rejects_obsolete_geometry_keys[features:features@outerRadius=0.82] PASSED [ 18%]
tests/test_circular_track_slots.py::test_circular_track_slot_rejects_obsolete_geometry_keys[gc_skew:dinucleotide_skew@gap=4px] PASSED [ 18%]
tests/test_circular_track_slots.py::test_circular_track_slot_rejects_obsolete_geometry_keys[gc_skew:dinucleotide_skew@gap_after=4px] PASSED [ 18%]
tests/test_circular_track_slots.py::test_circular_track_slot_rejects_obsolete_geometry_keys[gc_skew:dinucleotide_skew@gapAfter=4px] PASSED [ 18%]
tests/test_circular_track_slots.py::test_normalize_circular_track_slots_rejects_generic_layout_keys_in_params[side] PASSED [ 18%]
tests/test_circular_track_slots.py::test_normalize_circular_track_slots_rejects_generic_layout_keys_in_params[radius] PASSED [ 18%]
tests/test_circular_track_slots.py::test_normalize_circular_track_slots_rejects_generic_layout_keys_in_params[width] PASSED [ 18%]
tests/test_circular_track_slots.py::test_normalize_circular_track_slots_rejects_generic_layout_keys_in_params[spacing] PASSED [ 18%]
tests/test_circular_track_slots.py::test_normalize_circular_track_slots_rejects_generic_layout_keys_in_params[inner_gap_px] PASSED [ 18%]
tests/test_circular_track_slots.py::test_normalize_circular_track_slots_rejects_generic_layout_keys_in_params[outer_gap_px] PASSED [ 18%]
tests/test_circular_track_slots.py::test_normalize_circular_track_slots_rejects_generic_layout_keys_in_params[gap_after] PASSED [ 18%]
tests/test_circular_track_slots.py::test_normalize_circular_track_slots_rejects_generic_layout_keys_in_params[inner_radius] PASSED [ 18%]
tests/test_circular_track_slots.py::test_custom_slots_ignore_track_type_for_explicit_geometry PASSED [ 18%]
tests/test_circular_track_slots.py::test_default_custom_slots_auto_place_near_preset_without_radius_inheritance[tuckin] PASSED [ 18%]
tests/test_circular_track_slots.py::test_default_custom_slots_auto_place_near_preset_without_radius_inheritance[middle] PASSED [ 18%]
tests/test_circular_track_slots.py::test_default_custom_slots_auto_place_near_preset_without_radius_inheritance[spreadout] PASSED [ 18%]
tests/test_circular_track_slots.py::test_custom_slot_order_places_ticks_axis_side_of_features_when_ordered_before_features PASSED [ 18%]
tests/test_circular_track_slots.py::test_parse_circular_track_slot_rejects_retired_layout_flags[strict=true] PASSED [ 18%]
tests/test_circular_track_slots.py::test_parse_circular_track_slot_rejects_retired_layout_flags[compress=true] PASSED [ 18%]
tests/test_circular_track_slots.py::test_parse_circular_track_slot_rejects_retired_layout_flags[reserve=true] PASSED [ 18%]
tests/test_circular_track_slots.py::test_normalize_circular_track_slots_derives_feature_side_from_lane_direction PASSED [ 18%]
tests/test_circular_track_slots.py::test_normalize_circular_track_slots_with_axis_derives_sides_and_feature_lane PASSED [ 18%]
tests/test_circular_track_slots.py::test_normalize_circular_track_slots_with_axis_rejects_conflicting_side PASSED [ 18%]
tests/test_circular_track_slots.py::test_normalize_circular_track_slots_with_axis_ignores_disabled_conflicts[side] PASSED [ 18%]
tests/test_circular_track_slots.py::test_normalize_circular_track_slots_with_axis_ignores_disabled_conflicts[feature-lane] PASSED [ 18%]
tests/test_circular_track_slots.py::test_normalize_circular_track_slots_with_axis_keeps_split_feature_overlay PASSED [ 18%]
tests/test_circular_track_slots.py::test_normalize_circular_track_slots_allows_tick_overlay_defaults_and_axis_index PASSED [ 18%]
tests/test_circular_track_slots.py::test_tick_overlay_layout_places_anchor_on_axis_and_supports_inverted_sides PASSED [ 18%]
tests/test_circular_track_slots.py::test_circular_preset_slots_do_not_emit_origin_metadata PASSED [ 18%]
tests/test_circular_track_slots.py::test_blank_builtin_numeric_slots_reflow_as_movable_stack_without_explicit_radius PASSED [ 18%]
tests/test_circular_track_slots.py::test_custom_conservation_slot_keeps_auto_width_for_compression PASSED [ 18%]
tests/test_circular_track_slots.py::test_default_preset_tick_draw_uses_resolved_tick_options PASSED [ 18%]
tests/test_circular_track_slots.py::test_default_preset_slots_compress_to_clear_center_definition PASSED [ 18%]
tests/test_circular_track_slots.py::test_default_custom_slots_tuckin_inherit_preset_when_inside_numeric_tracks_are_tight PASSED [ 18%]
tests/test_circular_track_slots.py::test_explicit_pure_auto_slots_tuckin_raise_when_inside_numeric_tracks_cannot_fit PASSED [ 18%]
tests/test_circular_track_slots.py::test_default_custom_slots_use_ordered_legacy_numeric_lanes[tuckin] PASSED [ 18%]
tests/test_circular_track_slots.py::test_default_custom_slots_use_ordered_legacy_numeric_lanes[middle] PASSED [ 19%]
tests/test_circular_track_slots.py::test_default_custom_slots_use_ordered_legacy_numeric_lanes[spreadout] PASSED [ 19%]
tests/test_circular_track_slots.py::test_reordered_builtin_numeric_slots_follow_slot_order PASSED [ 19%]
tests/test_circular_track_slots.py::test_edl933_ticks_before_features_use_measured_tick_footprint PASSED [ 19%]
tests/test_circular_track_slots.py::test_inside_order_places_axis_side_tracks_before_features PASSED [ 19%]
tests/test_circular_track_slots.py::test_order_only_gc_content_moves_feature_inward_instead_of_falling_back_outside PASSED [ 19%]
tests/test_circular_track_slots.py::test_order_only_numeric_before_ticks_reserves_inner_numeric_space PASSED [ 19%]
tests/test_circular_track_slots.py::test_inside_auto_stack_compresses_numeric_tracks_to_preserve_ticks PASSED [ 19%]
tests/test_circular_track_slots.py::test_inside_movable_stack_reflows_preferred_numeric_tracks_after_features PASSED [ 19%]
tests/test_circular_track_slots.py::test_default_custom_slots_with_depth_use_outer_to_inner_numeric_lanes PASSED [ 19%]
tests/test_circular_track_slots.py::test_custom_duplicate_skew_with_depth_tuckin_avoids_definition PASSED [ 19%]
tests/test_circular_track_slots.py::test_api_circular_track_slots_render_duplicate_dinucleotide_skew_slots PASSED [ 19%]
tests/test_circular_track_slots.py::test_api_circular_dinucleotide_skew_slot_uses_custom_colors_and_legend PASSED [ 19%]
tests/test_circular_track_slots.py::test_api_circular_dinucleotide_skew_slot_rejects_invalid_custom_color PASSED [ 19%]
tests/test_circular_track_slots.py::test_api_circular_track_slots_distribute_extra_dinucleotide_slots_evenly PASSED [ 19%]
tests/test_circular_track_slots.py::test_api_explicit_inside_duplicate_dinucleotide_skew_places_when_space_is_reserved PASSED [ 19%]
tests/test_circular_track_slots.py::test_api_circular_track_slots_distribute_repeated_depth_slots_evenly PASSED [ 19%]
tests/test_circular_track_slots.py::test_slot_mode_draws_axis_when_ticks_are_disabled PASSED [ 19%]
tests/test_circular_track_slots.py::test_hidden_implicit_scale_omits_tick_slot_but_keeps_axis_and_numeric_tracks PASSED [ 19%]
tests/test_circular_track_slots.py::test_hidden_scale_defers_to_explicit_tick_slots[slots0-True] PASSED [ 19%]
tests/test_circular_track_slots.py::test_hidden_scale_defers_to_explicit_tick_slots[slots1-False] PASSED [ 19%]
tests/test_circular_track_slots.py::test_hidden_scale_defers_to_explicit_tick_slots[slots2-False] PASSED [ 19%]
tests/test_circular_track_slots.py::test_slot_mode_tick_radius_does_not_move_axis PASSED [ 19%]
tests/test_circular_track_slots.py::test_cli_circular_track_order_forwards_slots PASSED [ 19%]
tests/test_circular_track_slots.py::test_cli_hidden_scale_preserves_explicit_tick_slot_authority[track_args0-True-True] PASSED [ 19%]
tests/test_circular_track_slots.py::test_cli_hidden_scale_preserves_explicit_tick_slot_authority[track_args1-False-False] PASSED [ 19%]
tests/test_circular_track_slots.py::test_cli_hidden_scale_preserves_explicit_tick_slot_authority[track_args2-False-False] PASSED [ 19%]
tests/test_circular_track_slots.py::test_cli_circular_track_slot_forwards_typed_slots PASSED [ 19%]
tests/test_circular_track_slots.py::test_cli_circular_track_axis_index_forwards_value PASSED [ 19%]
tests/test_circular_track_slots.py::test_center_reserved_radius_overrides_radial_definition_band PASSED [ 19%]
tests/test_circular_track_slots.py::test_cli_center_reserved_radius_forwards_value PASSED [ 19%]
tests/test_cli_comparison_how_to_recipe_contracts.py::test_comparison_evidence_manifest_entries_are_complete PASSED [ 19%]
tests/test_cli_comparison_how_to_recipe_contracts.py::test_precomputed_recipe_uses_linear_phages_and_circular_complete_mtdna PASSED [ 19%]
tests/test_cli_comparison_how_to_recipe_contracts.py::test_losatp_recipes_use_five_whole_records_and_distinct_modes PASSED [ 19%]
tests/test_cli_comparison_how_to_recipe_contracts.py::test_technical_documentation_distinguishes_pairwise_and_similarity_groups PASSED [ 19%]
tests/test_cli_comparison_how_to_recipe_contracts.py::test_published_pairwise_raw_evidence_is_hydrated_and_complete PASSED [ 19%]
tests/test_cli_comparison_how_to_recipe_contracts.py::test_comparison_evidence_regenerates_from_a_clean_external_directory[H-CLI-05] PASSED [ 19%]
tests/test_cli_comparison_how_to_recipe_contracts.py::test_comparison_evidence_regenerates_from_a_clean_external_directory[H-CLI-06] PASSED [ 19%]
tests/test_cli_comparison_how_to_recipe_contracts.py::test_comparison_evidence_regenerates_from_a_clean_external_directory[H-CLI-07] PASSED [ 19%]
tests/test_cli_comparison_how_to_recipe_contracts.py::test_comparison_evidence_regenerates_from_a_clean_external_directory[H-CLI-08] PASSED [ 19%]
tests/test_cli_how_to_recipe_contracts.py::test_input_evidence_uses_whole_lambda_records_on_both_input_paths PASSED [ 19%]
tests/test_cli_how_to_recipe_contracts.py::test_input_evidence_fixtures_are_complete_and_sequence_identical PASSED [ 19%]
tests/test_cli_how_to_recipe_contracts.py::test_input_evidence_regenerates_from_a_clean_external_directory PASSED [ 19%]
tests/test_cli_how_to_recipe_contracts.py::test_multi_record_layout_uses_four_complete_circular_mitochondria PASSED [ 20%]
tests/test_cli_how_to_recipe_contracts.py::test_multi_record_layout_regenerates_from_a_clean_external_directory PASSED [ 20%]
tests/test_cli_how_to_recipe_contracts.py::test_multi_record_layout_accepts_visible_bounds_origin_compensation PASSED [ 20%]
tests/test_cli_how_to_recipe_contracts.py::test_linear_layout_evidence_uses_complete_sources_and_explicit_positions PASSED [ 20%]
tests/test_cli_how_to_recipe_contracts.py::test_linear_layout_sources_match_canonical_fixture_records PASSED [ 20%]
tests/test_cli_how_to_recipe_contracts.py::test_linear_layout_regenerates_from_a_clean_external_directory PASSED [ 20%]
tests/test_cli_how_to_recipe_contracts.py::test_linear_layout_svg_keeps_rulers_ascending_and_reverses_features PASSED [ 20%]
tests/test_cli_overwrite.py::test_cli_overwrite_flag_is_explicit[_get_args0] PASSED [ 20%]
tests/test_cli_overwrite.py::test_cli_overwrite_flag_is_explicit[_get_args1] PASSED [ 20%]
tests/test_cli_overwrite.py::test_cli_refuses_existing_output_without_overwrite[circular_main] PASSED [ 20%]
tests/test_cli_overwrite.py::test_cli_refuses_existing_output_without_overwrite[linear_main] PASSED [ 20%]
tests/test_cli_overwrite.py::test_cli_overwrite_replaces_existing_output[circular_main] PASSED [ 20%]
tests/test_cli_overwrite.py::test_cli_overwrite_replaces_existing_output[linear_main] PASSED [ 20%]
tests/test_cli_overwrite.py::test_cli_rejects_existing_session_sidecar_before_rendering[circular_main] PASSED [ 20%]
tests/test_cli_overwrite.py::test_cli_rejects_existing_session_sidecar_before_rendering[linear_main] PASSED [ 20%]
tests/test_cli_overwrite.py::test_plain_cli_rejects_diagram_and_sidecar_path_collision_before_rendering[False-circular_main] PASSED [ 20%]
tests/test_cli_overwrite.py::test_plain_cli_rejects_diagram_and_sidecar_path_collision_before_rendering[False-linear_main] PASSED [ 20%]
tests/test_cli_overwrite.py::test_plain_cli_rejects_diagram_and_sidecar_path_collision_before_rendering[True-circular_main] PASSED [ 20%]
tests/test_cli_overwrite.py::test_plain_cli_rejects_diagram_and_sidecar_path_collision_before_rendering[True-linear_main] PASSED [ 20%]
tests/test_cli_overwrite.py::test_circular_sidecar_collision_is_rejected_before_diagram_build PASSED [ 20%]
tests/test_cli_overwrite.py::test_circular_batch_output_collision_with_sidecar_is_rejected_before_build PASSED [ 20%]
tests/test_cli_overwrite.py::test_canonical_replay_rejects_existing_sidecar_before_rendering[circular_main-CircularDiagramRequest] PASSED [ 20%]
tests/test_cli_overwrite.py::test_canonical_replay_rejects_existing_sidecar_before_rendering[linear_main-LinearDiagramRequest] PASSED [ 20%]
tests/test_cli_overwrite.py::test_canonical_replay_rejects_diagram_and_sidecar_path_collision[False-circular_main-CircularDiagramRequest] PASSED [ 20%]
tests/test_cli_overwrite.py::test_canonical_replay_rejects_diagram_and_sidecar_path_collision[False-linear_main-LinearDiagramRequest] PASSED [ 20%]
tests/test_cli_overwrite.py::test_canonical_replay_rejects_diagram_and_sidecar_path_collision[True-circular_main-CircularDiagramRequest] PASSED [ 20%]
tests/test_cli_overwrite.py::test_canonical_replay_rejects_diagram_and_sidecar_path_collision[True-linear_main-LinearDiagramRequest] PASSED [ 20%]
tests/test_cli_overwrite.py::test_canonical_circular_batch_rejects_sidecar_collision_with_any_item[False] PASSED [ 20%]
tests/test_cli_overwrite.py::test_canonical_circular_batch_rejects_sidecar_collision_with_any_item[True] PASSED [ 20%]
tests/test_cli_overwrite.py::test_circular_implicit_sidecar_collision_is_rejected_before_rendering PASSED [ 20%]
tests/test_cli_overwrite.py::test_circular_explicit_output_implicit_sidecar_preflights_actual_path PASSED [ 20%]
tests/test_cli_overwrite.py::test_circular_rejects_unwritable_sidecar_target_before_diagram_build[directory] PASSED [ 20%]
tests/test_cli_overwrite.py::test_circular_rejects_unwritable_sidecar_target_before_diagram_build[fifo] PASSED [ 20%]
tests/test_cli_overwrite.py::test_circular_rejects_unwritable_sidecar_target_before_diagram_build[file-parent] PASSED [ 20%]
tests/test_cli_overwrite.py::test_circular_rejects_unwritable_sidecar_target_before_diagram_build[dangling-symlink] PASSED [ 20%]
tests/test_cli_overwrite.py::test_save_session_document_refuses_dangling_symlink_without_overwrite PASSED [ 20%]
tests/test_cli_overwrite.py::test_save_session_document_rejects_nonreplaceable_target_with_overwrite[directory] PASSED [ 20%]
tests/test_cli_overwrite.py::test_save_session_document_rejects_nonreplaceable_target_with_overwrite[fifo] PASSED [ 20%]
tests/test_cli_overwrite.py::test_save_session_document_rejects_nonreplaceable_target_with_overwrite[dangling-symlink] PASSED [ 20%]
tests/test_cli_overwrite.py::test_session_sidecar_rejects_control_characters[side\ncar.json] PASSED [ 20%]
tests/test_cli_overwrite.py::test_session_sidecar_rejects_control_characters[side\x00car.json] PASSED [ 20%]
tests/test_cli_overwrite.py::test_session_replay_requires_current_overwrite_permission[circular] PASSED [ 20%]
tests/test_cli_overwrite.py::test_session_replay_requires_current_overwrite_permission[linear] PASSED [ 20%]
tests/test_cli_overwrite.py::test_session_output_override_can_disable_stored_overwrite PASSED [ 20%]
tests/test_cli_overwrite.py::test_canonical_session_replay_uses_current_overwrite_permission[False] PASSED [ 21%]
tests/test_cli_overwrite.py::test_canonical_session_replay_uses_current_overwrite_permission[True] PASSED [ 21%]
tests/test_cli_overwrite.py::test_legacy_canonical_sidecar_saves_rendered_request_and_migrated_adjunct PASSED [ 21%]
tests/test_cli_overwrite.py::test_linear_cli_sidecar_reuses_the_render_request_plan PASSED [ 21%]
tests/test_cli_overwrite.py::test_saved_cli_invocation_does_not_persist_overwrite_permission PASSED [ 21%]
tests/test_cli_overwrite.py::test_web_render_isolates_ephemeral_outputs_without_overwrite_permission PASSED [ 21%]
tests/test_cli_reference.py::test_cli_reference_generated_help_option_sets_match_live_help[circular] PASSED [ 21%]
tests/test_cli_reference.py::test_cli_reference_generated_help_option_sets_match_live_help[linear] PASSED [ 21%]
tests/test_cli_tables.py::test_public_table_readers_share_cli_models_and_validation PASSED [ 21%]
tests/test_cli_tables.py::test_public_label_table_readers PASSED         [ 21%]
tests/test_cli_tables.py::test_conservation_table_resolves_relative_paths PASSED [ 21%]
tests/test_cli_tables.py::test_conservation_table_rejects_unknown_columns PASSED [ 21%]
tests/test_cli_tables.py::test_cli_tables_accept_utf8_bom[records.tsv-gbk\na.gbk\n-read_records_table] PASSED [ 21%]
tests/test_cli_tables.py::test_cli_tables_accept_utf8_bom[conservation.tsv-blast\na.tsv\n-read_conservation_table] PASSED [ 21%]
tests/test_cli_tables.py::test_cli_tables_accept_utf8_bom[tracks.tsv-id\trenderer\nfeatures\tfeatures\n-read_circular_track_table] PASSED [ 21%]
tests/test_cli_tables.py::test_circular_track_table_defaults_first_features_row_to_axis PASSED [ 21%]
tests/test_cli_tables.py::test_circular_track_table_rejects_duplicate_axis_rows PASSED [ 21%]
tests/test_cli_tables.py::test_circular_track_table_rejects_non_feature_axis_row PASSED [ 21%]
tests/test_cli_tables.py::test_circular_track_table_rejects_removed_spacing_column PASSED [ 21%]
tests/test_cli_tables.py::test_fresh_circular_track_table_rejects_private_transport[__gbdraw_legacy_spacing=4px] PASSED [ 21%]
tests/test_cli_tables.py::test_fresh_circular_track_table_rejects_private_transport[_auto_compress=false] PASSED [ 21%]
tests/test_cli_tables.py::test_circular_track_table_rejects_structural_params[id] PASSED [ 21%]
tests/test_cli_tables.py::test_circular_track_table_rejects_structural_params[renderer] PASSED [ 21%]
tests/test_cli_tables.py::test_circular_track_table_rejects_structural_params[type] PASSED [ 21%]
tests/test_cli_tables.py::test_circular_track_table_rejects_structural_params[side] PASSED [ 21%]
tests/test_cli_tables.py::test_circular_track_table_rejects_structural_params[r] PASSED [ 21%]
tests/test_cli_tables.py::test_circular_track_table_rejects_structural_params[radius] PASSED [ 21%]
tests/test_cli_tables.py::test_circular_track_table_rejects_structural_params[w] PASSED [ 21%]
tests/test_cli_tables.py::test_circular_track_table_rejects_structural_params[width] PASSED [ 21%]
tests/test_cli_tables.py::test_circular_track_table_rejects_structural_params[spacing] PASSED [ 21%]
tests/test_cli_tables.py::test_circular_track_table_rejects_structural_params[inner_gap_px] PASSED [ 21%]
tests/test_cli_tables.py::test_circular_track_table_rejects_structural_params[outer_gap_px] PASSED [ 21%]
tests/test_cli_tables.py::test_circular_track_table_rejects_structural_params[z] PASSED [ 21%]
tests/test_cli_tables.py::test_circular_track_table_rejects_structural_params[z_index] PASSED [ 21%]
tests/test_cli_tables.py::test_circular_track_table_rejects_structural_params[zindex] PASSED [ 21%]
tests/test_cli_tables.py::test_circular_track_table_rejects_structural_params[enabled] PASSED [ 21%]
tests/test_cli_tables.py::test_circular_track_table_rejects_structural_params[show] PASSED [ 21%]
tests/test_cli_tables.py::test_circular_track_table_rejects_structural_params[visible] PASSED [ 21%]
tests/test_cli_tables.py::test_circular_track_table_rejects_structural_params[strict] PASSED [ 21%]
tests/test_cli_tables.py::test_circular_track_table_rejects_structural_params[compress] PASSED [ 21%]
tests/test_cli_tables.py::test_circular_track_table_rejects_structural_params[reserve] PASSED [ 21%]
tests/test_cli_tables.py::test_circular_track_table_rejects_feature_lane_params[lane_direction] PASSED [ 21%]
tests/test_cli_tables.py::test_circular_track_table_rejects_feature_lane_params[lanes] PASSED [ 21%]
tests/test_cli_tables.py::test_circular_track_table_accepts_renderer_specific_params PASSED [ 22%]
tests/test_cli_tables.py::test_circular_track_table_runs_axis_aware_normalization PASSED [ 22%]
tests/test_cli_tables.py::test_records_table_sorts_by_order_and_generates_positions PASSED [ 22%]
tests/test_cli_tables.py::test_records_table_rejects_invalid_boolean PASSED [ 22%]
tests/test_cli_tables.py::test_records_table_rejects_mixed_input_kinds PASSED [ 22%]
tests/test_cli_tables.py::test_records_table_rejects_duplicate_grid_cells PASSED [ 22%]
tests/test_cli_tables.py::test_records_table_rejects_qualified_regions[#2:1-10] PASSED [ 22%]
tests/test_cli_tables.py::test_records_table_rejects_qualified_regions[record_b:1-10] PASSED [ 22%]
tests/test_cli_tables.py::test_records_table_rejects_qualified_regions[b.gbk:#1:1-10] PASSED [ 22%]
tests/test_cli_tables.py::test_records_table_qualifies_regions_after_order_sorting PASSED [ 22%]
tests/test_cli_tables.py::test_records_table_explicit_large_order_sorts_before_missing PASSED [ 22%]
tests/test_cli_tables.py::test_records_table_order_sort_is_stable_for_equal_and_missing_values PASSED [ 22%]
tests/test_cli_tables_tracks_sessions_exports_recipe_contracts.py::test_evidence_manifest_entries_are_complete PASSED [ 22%]
tests/test_cli_tables_tracks_sessions_exports_recipe_contracts.py::test_input_tables_use_whole_sources_and_exact_table_kinds PASSED [ 22%]
tests/test_cli_tables_tracks_sessions_exports_recipe_contracts.py::test_quantitative_and_annotation_recipes_pin_track_semantics PASSED [ 22%]
tests/test_cli_tables_tracks_sessions_exports_recipe_contracts.py::test_presentation_recipe_uses_one_complete_mitochondrion PASSED [ 22%]
tests/test_cli_tables_tracks_sessions_exports_recipe_contracts.py::test_session_and_export_recipes_make_overwrite_and_formats_explicit PASSED [ 22%]
tests/test_cli_tables_tracks_sessions_exports_recipe_contracts.py::test_hcli13_fontconfig_uses_default_rules_then_only_bundled_fonts PASSED [ 22%]
tests/test_cli_tables_tracks_sessions_exports_recipe_contracts.py::test_hcli13_fontconfig_resolves_only_bundled_fonts PASSED [ 22%]
tests/test_cli_tables_tracks_sessions_exports_recipe_contracts.py::test_hcli13_font_environment_leaves_non_linux_unchanged PASSED [ 22%]
tests/test_cli_tables_tracks_sessions_exports_recipe_contracts.py::test_hcli13_font_probe_rejects_an_unbundled_resolution PASSED [ 22%]
tests/test_cli_tables_tracks_sessions_exports_recipe_contracts.py::test_export_png_comparison_tolerates_edge_noise_but_rejects_large_drift PASSED [ 22%]
tests/test_cli_tables_tracks_sessions_exports_recipe_contracts.py::test_assert_png_export_requires_decode_dimensions_mode_and_alpha PASSED [ 22%]
tests/test_cli_tables_tracks_sessions_exports_recipe_contracts.py::test_export_renderer_metadata_is_normalized_but_content_is_not PASSED [ 22%]
tests/test_cli_tables_tracks_sessions_exports_recipe_contracts.py::test_export_pdf_normalization_respects_declared_stream_length PASSED [ 22%]
tests/test_cli_tables_tracks_sessions_exports_recipe_contracts.py::test_recipe_regenerates_from_a_clean_external_directory[H-CLI-02] PASSED [ 22%]
tests/test_cli_tables_tracks_sessions_exports_recipe_contracts.py::test_recipe_regenerates_from_a_clean_external_directory[H-CLI-09] PASSED [ 22%]
tests/test_cli_tables_tracks_sessions_exports_recipe_contracts.py::test_recipe_regenerates_from_a_clean_external_directory[H-CLI-10] PASSED [ 22%]
tests/test_cli_tables_tracks_sessions_exports_recipe_contracts.py::test_recipe_regenerates_from_a_clean_external_directory[H-CLI-11] PASSED [ 22%]
tests/test_cli_tables_tracks_sessions_exports_recipe_contracts.py::test_recipe_regenerates_from_a_clean_external_directory[H-CLI-12] PASSED [ 22%]
tests/test_cli_tables_tracks_sessions_exports_recipe_contracts.py::test_recipe_regenerates_from_a_clean_external_directory[H-CLI-13] PASSED [ 22%]
tests/test_collinearity.py::test_collinear_record_local_mixed_fixture[rbh-adjacent] PASSED [ 22%]
tests/test_collinearity.py::test_collinear_record_local_mixed_fixture[rbh-all] PASSED [ 22%]
tests/test_collinearity.py::test_collinear_record_local_mixed_fixture[one_to_one-adjacent] PASSED [ 22%]
tests/test_collinearity.py::test_collinear_record_local_mixed_fixture[one_to_one-all] PASSED [ 22%]
tests/test_collinearity.py::test_collinear_record_local_mixed_fixture[all_hits-adjacent] PASSED [ 22%]
tests/test_collinearity.py::test_collinear_record_local_mixed_fixture[all_hits-all] PASSED [ 22%]
tests/test_collinearity.py::test_collinear_scope_partitions_table_identity[one_to_one-adjacent] PASSED [ 22%]
tests/test_collinearity.py::test_collinear_scope_partitions_table_identity[one_to_one-all] PASSED [ 22%]
tests/test_collinearity.py::test_collinear_scope_partitions_table_identity[all_hits-adjacent] PASSED [ 22%]
tests/test_collinearity.py::test_collinear_scope_partitions_table_identity[all_hits-all] PASSED [ 22%]
tests/test_collinearity.py::test_lossless_collinearity_parameters_validate_domains PASSED [ 22%]
tests/test_collinearity.py::test_collinearity_blocks_are_called_with_lossless_parameters PASSED [ 22%]
tests/test_collinearity.py::test_collinearity_block_evalue_uses_genomic_coordinates_not_unit_order PASSED [ 23%]
tests/test_collinearity.py::test_pairwise_singleton_anchor_is_emitted_by_default PASSED [ 23%]
tests/test_collinearity.py::test_min_anchors_drops_singleton_blocks PASSED [ 23%]
tests/test_collinearity.py::test_native_block_caller_detects_plus_and_minus_orientation PASSED [ 23%]
tests/test_collinearity.py::test_single_anchor_block_orientation_uses_feature_strands PASSED [ 23%]
tests/test_collinearity.py::test_collinearity_color_mode_defaults_to_orientation_and_aliases_identity PASSED [ 23%]
tests/test_collinearity.py::test_collinearity_anchor_mode_defaults_to_rbh_and_aliases_top1 PASSED [ 23%]
tests/test_collinearity.py::test_collinearity_search_scope_defaults_to_adjacent PASSED [ 23%]
tests/test_collinearity.py::test_iter_collinearity_search_pairs_adjacent_returns_neighboring_pairs PASSED [ 23%]
tests/test_collinearity.py::test_iter_collinearity_search_pairs_all_returns_every_unordered_pair PASSED [ 23%]
tests/test_collinearity.py::test_build_blocks_from_hits_one_to_one_removes_query_to_many_noise PASSED [ 23%]
tests/test_collinearity.py::test_build_blocks_from_hits_rbh_uses_reverse_best_hits PASSED [ 23%]
tests/test_collinearity.py::test_lossless_collinearity_preserves_every_adjacent_orthogroup_edge PASSED [ 23%]
tests/test_collinearity.py::test_lossless_max_conflicts_threshold_controls[zero-interior-conflicts] PASSED [ 23%]
tests/test_collinearity.py::test_lossless_max_conflicts_threshold_controls[one-interior-conflict] PASSED [ 23%]
tests/test_collinearity.py::test_lossless_max_conflicts_threshold_controls[two-interior-conflicts] PASSED [ 23%]
tests/test_collinearity.py::test_typed_request_max_conflicts_reaches_real_collinearity_consumer[auto-locus] PASSED [ 23%]
tests/test_collinearity.py::test_typed_request_max_conflicts_reaches_real_collinearity_consumer[cds-cds] PASSED [ 23%]
tests/test_collinearity.py::test_typed_request_max_conflicts_reaches_real_collinearity_consumer[locus-locus] PASSED [ 23%]
tests/test_collinearity.py::test_lossless_min_anchors_filters_blocks_after_clustering PASSED [ 23%]
tests/test_collinearity.py::test_build_blocks_from_hits_maps_proteins_to_units PASSED [ 23%]
tests/test_collinearity.py::test_true_global_singleton_orthogroup_does_not_create_link PASSED [ 23%]
tests/test_collinearity.py::test_anchor_core_membership_adds_strong_non_rbh_member_without_new_anchor PASSED [ 23%]
tests/test_collinearity.py::test_anchor_core_unions_connected_near_reciprocal_groups PASSED [ 23%]
tests/test_collinearity.py::test_orthogroup_display_edges_skip_cross_group_related_hits PASSED [ 23%]
tests/test_collinearity.py::test_anchor_core_same_record_hits_do_not_merge_distinct_cross_record_cores PASSED [ 23%]
tests/test_collinearity.py::test_anchor_core_same_record_hits_assign_inparalogs_to_existing_core PASSED [ 23%]
tests/test_collinearity.py::test_anchor_core_record_local_paralog_cluster_forms_species_specific_orthogroup PASSED [ 23%]
tests/test_collinearity.py::test_anchor_core_record_local_singleton_remains_unassigned_with_singletons_requested PASSED [ 23%]
tests/test_collinearity.py::test_anchor_core_record_local_ignores_already_assigned_members PASSED [ 23%]
tests/test_collinearity.py::test_anchor_core_record_local_rejects_domain_only_component PASSED [ 23%]
tests/test_collinearity.py::test_anchor_core_record_local_ids_are_deterministic_after_cross_record_groups PASSED [ 23%]
tests/test_collinearity.py::test_anchor_core_record_local_membership_survives_when_hits_fit_limit PASSED [ 23%]
tests/test_collinearity.py::test_anchor_core_record_local_membership_edge_not_duplicated_as_related PASSED [ 23%]
tests/test_collinearity.py::test_anchor_core_record_local_edges_do_not_create_collinearity_anchors PASSED [ 23%]
tests/test_collinearity.py::test_anchor_core_membership_survives_reciprocal_candidates_within_limit PASSED [ 23%]
tests/test_collinearity.py::test_anchor_core_records_ambiguous_paralog_without_assigning_member PASSED [ 23%]
tests/test_collinearity.py::test_shared_node_paths_are_serialized_without_collapsing_to_one_to_one PASSED [ 23%]
tests/test_collinearity.py::test_build_blocks_from_hits_adjacent_scope_ignores_non_adjacent_tables PASSED [ 23%]
tests/test_collinearity.py::test_build_blocks_from_hits_adjacent_scope_uses_explicit_adjacent_row_pairs PASSED [ 23%]
tests/test_collinearity.py::test_build_blocks_from_hits_all_scope_uses_non_adjacent_connectivity_only_as_evidence PASSED [ 23%]
tests/test_collinearity.py::test_build_blocks_from_hits_can_render_selected_non_adjacent_pairs PASSED [ 23%]
tests/test_collinearity.py::test_orthogroup_collinearity_rbh_search_defaults_to_uncapped_candidates PASSED [ 23%]
tests/test_collinearity.py::test_orthogroup_collinearity_member_hit_depth_is_post_search PASSED [ 24%]
tests/test_collinearity.py::test_orthogroup_collinearity_all_hits_keeps_uncapped_search PASSED [ 24%]
tests/test_collinearity.py::test_orthogroup_collinearity_all_scope_rbh_searches_every_direction PASSED [ 24%]
tests/test_collinearity.py::test_linear_cli_forwards_collinearity_options PASSED [ 24%]
tests/test_collinearity.py::test_linear_cli_help_omits_removed_collinearity_options PASSED [ 24%]
tests/test_collinearity.py::test_linear_cli_help_uses_underscore_option_aliases PASSED [ 24%]
tests/test_collinearity.py::test_linear_cli_rejects_removed_hidden_aliases[option_args0] PASSED [ 24%]
tests/test_collinearity.py::test_linear_cli_rejects_removed_hidden_aliases[option_args1] PASSED [ 24%]
tests/test_collinearity.py::test_linear_cli_rejects_removed_hidden_aliases[option_args2] PASSED [ 24%]
tests/test_collinearity.py::test_linear_cli_rejects_removed_hidden_aliases[option_args3] PASSED [ 24%]
tests/test_collinearity.py::test_linear_cli_rejects_removed_hidden_aliases[option_args4] PASSED [ 24%]
tests/test_collinearity.py::test_linear_cli_rejects_removed_hidden_aliases[option_args5] PASSED [ 24%]
tests/test_collinearity.py::test_linear_cli_rejects_removed_hidden_aliases[option_args6] PASSED [ 24%]
tests/test_collinearity.py::test_linear_cli_rejects_removed_hidden_aliases[option_args7] PASSED [ 24%]
tests/test_collinearity.py::test_linear_cli_rejects_removed_hidden_aliases[option_args8] PASSED [ 24%]
tests/test_collinearity.py::test_linear_cli_rejects_removed_hidden_aliases[option_args9] PASSED [ 24%]
tests/test_collinearity.py::test_linear_cli_rejects_removed_hidden_aliases[option_args10] PASSED [ 24%]
tests/test_collinearity.py::test_linear_cli_rejects_removed_collinear_block_options[--collinear_blocks] PASSED [ 24%]
tests/test_collinearity.py::test_linear_cli_rejects_removed_collinear_block_options[--save_collinear_blocks] PASSED [ 24%]
tests/test_collinearity.py::test_linear_cli_rejects_removed_collinear_block_options[--collinear-blocks] PASSED [ 24%]
tests/test_collinearity.py::test_linear_cli_rejects_removed_collinear_block_options[--save-collinear-blocks] PASSED [ 24%]
tests/test_collinearity.py::test_linear_cli_rejects_removed_collinear_block_options[--collinear_block_merge_gap] PASSED [ 24%]
tests/test_collinearity.py::test_linear_cli_rejects_removed_collinear_block_options[--collinear_singleton_merge_gap] PASSED [ 24%]
tests/test_collinearity.py::test_linear_cli_rejects_removed_collinear_block_options[--collinear_gap_penalty] PASSED [ 24%]
tests/test_collinearity.py::test_linear_cli_rejects_removed_collinear_block_options[--collinear_nearby_duplicate_window] PASSED [ 24%]
tests/test_collinearity.py::test_linear_cli_rejects_removed_collinear_block_options[--collinear_score_mode] PASSED [ 24%]
tests/test_collinearity.py::test_linear_cli_rejects_removed_collinear_block_options[--collinear_constant_anchor_score] PASSED [ 24%]
tests/test_collinearity.py::test_linear_cli_rejects_removed_collinear_block_options[--collinear_min_block_score] PASSED [ 24%]
tests/test_collinearity.py::test_linear_cli_rejects_removed_collinear_block_options[--collinear_block_evalue] PASSED [ 24%]
tests/test_collinearity.py::test_linear_cli_rejects_removed_collinear_block_options[--collinear-block-merge-gap] PASSED [ 24%]
tests/test_collinearity.py::test_linear_cli_rejects_removed_collinear_block_options[--collinear-singleton-merge-gap] PASSED [ 24%]
tests/test_collinearity.py::test_linear_cli_rejects_removed_collinear_block_options[--collinear-gap-penalty] PASSED [ 24%]
tests/test_collinearity.py::test_linear_cli_rejects_removed_collinear_block_options[--collinear-nearby-duplicate-window] PASSED [ 24%]
tests/test_collinearity.py::test_linear_cli_rejects_removed_collinear_block_options[--collinear-score-mode] PASSED [ 24%]
tests/test_collinearity.py::test_linear_cli_rejects_removed_collinear_block_options[--collinear-constant-anchor-score] PASSED [ 24%]
tests/test_collinearity.py::test_linear_cli_rejects_removed_collinear_block_options[--collinear-min-block-score] PASSED [ 24%]
tests/test_collinearity.py::test_linear_cli_rejects_removed_collinear_block_options[--collinear-block-evalue] PASSED [ 24%]
tests/test_collinearity.py::test_linear_cli_accepts_orientation_identity_collinear_color_mode PASSED [ 24%]
tests/test_collinearity.py::test_linear_cli_parses_collinear_min_anchors PASSED [ 24%]
tests/test_collinearity.py::test_linear_cli_rejects_nonpositive_collinear_min_anchors PASSED [ 24%]
tests/test_collinearity.py::test_web_losatp_blastp_payload_helper_returns_collinear_rows PASSED [ 24%]
tests/test_collinearity.py::test_web_losatp_blastp_payload_helper_uses_collinear_option_domains[all-strand-2] PASSED [ 24%]
tests/test_collinearity.py::test_web_losatp_blastp_payload_helper_uses_collinear_option_domains[one_to_one-order-2] PASSED [ 24%]
tests/test_collinearity.py::test_web_losatp_blastp_payload_helper_uses_collinear_option_domains[rbh-either-1] PASSED [ 25%]
tests/test_collinearity.py::test_web_losatp_blastp_payload_helper_applies_collinear_search_scope PASSED [ 25%]
tests/test_collinearity.py::test_collinearity_comparison_rows_use_block_spans PASSED [ 25%]
tests/test_collinearity.py::test_collinearity_match_path_with_metadata_serializes PASSED [ 25%]
tests/test_collinearity.py::test_pairwise_match_path_emits_plain_required_metadata PASSED [ 25%]
tests/test_collinearity.py::test_pairwise_match_path_marks_orthogroup_kind PASSED [ 25%]
tests/test_collinearity.py::test_blast_configurator_reads_collinearity_colors_from_default_colors PASSED [ 25%]
tests/test_collinearity.py::test_blast_configurator_accepts_plus_max_collinearity_color_alias PASSED [ 25%]
tests/test_collinearity.py::test_orientation_collinearity_suppresses_pairwise_identity_legend PASSED [ 25%]
tests/test_collinearity.py::test_average_identity_collinearity_legend_uses_average_identity_label PASSED [ 25%]
tests/test_collinearity.py::test_orientation_identity_collinearity_legend_uses_two_orientation_gradients PASSED [ 25%]
tests/test_collinearity.py::test_orientation_identity_pairwise_legend_renders_collinear_above_inverted PASSED [ 25%]
tests/test_collinearity.py::test_vertical_linear_pairwise_legend_aligns_to_feature_color_left_edge PASSED [ 25%]
tests/test_collinearity.py::test_vertical_linear_pairwise_legend_centers_when_wider_than_features PASSED [ 25%]
tests/test_collinearity.py::test_blast_file_collinearity_metadata_drives_orientation_identity_legend PASSED [ 25%]
tests/test_collinearity.py::test_collinearity_orientation_colors_use_default_color_overrides PASSED [ 25%]
tests/test_collinearity.py::test_orientation_identity_collinearity_uses_orientation_specific_identity_ramp PASSED [ 25%]
tests/test_collinearity.py::test_orientation_identity_collinearity_low_identity_is_paler_than_high_identity PASSED [ 25%]
tests/test_collinearity.py::test_orientation_identity_collinearity_uses_two_orientation_gradients PASSED [ 25%]
tests/test_collinearity.py::test_average_identity_collinearity_ignores_orientation_colors PASSED [ 25%]
tests/test_collinearity.py::test_non_collinearity_match_path_does_not_add_metadata_attributes PASSED [ 25%]
tests/test_collinearity.py::test_collinearity_match_group_draws_inversions_above_plus_blocks PASSED [ 25%]
tests/test_collinearity.py::test_collinear_without_orthogroups_skips_self_search_and_inference[rbh-adjacent-4] PASSED [ 25%]
tests/test_collinearity.py::test_collinear_without_orthogroups_skips_self_search_and_inference[rbh-all-6] PASSED [ 25%]
tests/test_collinearity.py::test_collinear_without_orthogroups_skips_self_search_and_inference[one_to_one-adjacent-4] PASSED [ 25%]
tests/test_collinearity.py::test_collinear_without_orthogroups_skips_self_search_and_inference[one_to_one-all-6] PASSED [ 25%]
tests/test_collinearity.py::test_collinear_without_orthogroups_skips_self_search_and_inference[all-adjacent-4] PASSED [ 25%]
tests/test_collinearity.py::test_collinear_without_orthogroups_skips_self_search_and_inference[all-all-6] PASSED [ 25%]
tests/test_collinearity.py::test_collinear_without_inference_applies_member_limit_after_raw_filters PASSED [ 25%]
tests/test_collinearity_units.py::test_auto_unit_mode_collapses_strong_locus_ids PASSED [ 25%]
tests/test_collinearity_units.py::test_gene_labels_do_not_drive_unit_collapse PASSED [ 25%]
tests/test_collinearity_units.py::test_locus_unit_mode_rejects_product_only_cds PASSED [ 25%]
tests/test_collinearity_units.py::test_cds_unit_mode_never_collapses_same_locus PASSED [ 25%]
tests/test_color_table_parsing.py::test_read_color_table_accepts_four_column_rows PASSED [ 25%]
tests/test_color_table_parsing.py::test_read_color_table_normalizes_empty_caption_column PASSED [ 25%]
tests/test_color_table_parsing.py::test_read_color_table_rejects_missing_required_columns PASSED [ 25%]
tests/test_color_table_parsing.py::test_circular_cli_accepts_existing_four_column_color_table PASSED [ 25%]
tests/test_comparisons.py::test_blast_match_config_defaults_pairwise_style_for_legacy_config PASSED [ 25%]
tests/test_comparisons.py::test_blast_match_config_rejects_invalid_pairwise_style PASSED [ 25%]
tests/test_comparisons.py::test_blast_match_config_rejects_invalid_curve_tension PASSED [ 25%]
tests/test_comparisons.py::test_modify_config_dict_maps_pairwise_match_style PASSED [ 25%]
tests/test_comparisons.py::test_load_comparisons_filters_hits_below_alignment_length PASSED [ 25%]
tests/test_comparisons.py::test_load_comparisons_applies_alignment_length_with_other_thresholds PASSED [ 25%]
tests/test_comparisons.py::test_linear_cli_alignment_length_is_forwarded PASSED [ 25%]
tests/test_comparisons.py::test_linear_cli_rejects_invalid_pairwise_match_style PASSED [ 26%]
tests/test_comparisons.py::test_linear_cli_rejects_invalid_comparison_height[0] PASSED [ 26%]
tests/test_comparisons.py::test_linear_cli_rejects_invalid_comparison_height[-2] PASSED [ 26%]
tests/test_comparisons.py::test_linear_cli_rejects_invalid_comparison_height[nan] PASSED [ 26%]
tests/test_comparisons.py::test_linear_cli_rejects_invalid_comparison_height[inf] PASSED [ 26%]
tests/test_comparisons.py::test_linear_cli_rejects_invalid_comparison_height[-inf] PASSED [ 26%]
tests/test_comparisons.py::test_linear_cli_accepts_positive_comparison_height PASSED [ 26%]
tests/test_comparisons.py::test_linear_canvas_config_rejects_invalid_comparison_height[0] PASSED [ 26%]
tests/test_comparisons.py::test_linear_canvas_config_rejects_invalid_comparison_height[-2] PASSED [ 26%]
tests/test_comparisons.py::test_linear_canvas_config_rejects_invalid_comparison_height[nan] PASSED [ 26%]
tests/test_comparisons.py::test_linear_canvas_config_rejects_invalid_comparison_height[inf] PASSED [ 26%]
tests/test_comparisons.py::test_linear_canvas_config_rejects_invalid_comparison_height[True] PASSED [ 26%]
tests/test_comparisons.py::test_linear_canvas_config_rejects_invalid_comparison_height[value5] PASSED [ 26%]
tests/test_comparisons.py::test_linear_canvas_config_rejects_invalid_comparison_height[value6] PASSED [ 26%]
tests/test_comparisons.py::test_optional_positive_number_shared_contract PASSED [ 26%]
tests/test_comparisons.py::test_build_linear_diagram_forwards_alignment_length PASSED [ 26%]
tests/test_comparisons.py::test_assemble_linear_diagram_rejects_negative_alignment_length PASSED [ 26%]
tests/test_comparisons.py::test_assemble_linear_diagram_rejects_invalid_pairwise_match_style PASSED [ 26%]
tests/test_comparisons.py::test_pairwise_match_ribbon_path_uses_straight_segments PASSED [ 26%]
tests/test_comparisons.py::test_pairwise_match_identity_100_uses_the_maximum_color PASSED [ 26%]
tests/test_comparisons.py::test_circular_conservation_identity_100_uses_the_maximum_color PASSED [ 26%]
tests/test_comparisons.py::test_identity_100_legend_is_a_safe_zero_span_at_the_maximum_color PASSED [ 26%]
tests/test_comparisons.py::test_pairwise_match_path_serializes_orthogroup_metadata_without_collinearity_block PASSED [ 26%]
tests/test_comparisons.py::test_pairwise_match_resolves_duplicate_view_ids_by_source_feature_index PASSED [ 26%]
tests/test_comparisons.py::test_linear_feature_dom_index_rejects_repeated_source_feature_index PASSED [ 26%]
tests/test_comparisons.py::test_pairwise_match_curve_path_preserves_endpoint_spans PASSED [ 26%]
tests/test_comparisons.py::test_pairwise_match_group_draws_smaller_high_identity_hits_above_broad_hits PASSED [ 26%]
tests/test_composition_layout.py::test_aabb_pure_operations_and_empty_union PASSED [ 26%]
tests/test_composition_layout.py::test_aabb_intersection_allows_edge_contact_and_exact_clearance PASSED [ 26%]
tests/test_composition_layout.py::test_aabb_operations_validate_inputs[<lambda>-translation] PASSED [ 26%]
tests/test_composition_layout.py::test_aabb_operations_validate_inputs[<lambda>-non-negative0] PASSED [ 26%]
tests/test_composition_layout.py::test_aabb_operations_validate_inputs[<lambda>-non-negative1] PASSED [ 26%]
tests/test_composition_layout.py::test_aabb_operations_validate_inputs[<lambda>-Aabb] PASSED [ 26%]
tests/test_composition_layout.py::test_shared_spacing_defaults_are_frozen PASSED [ 26%]
tests/test_composition_layout.py::test_exact_dock_gap_and_outer_padding[right-expected_primary0-expected_legend0-expected_canvas0] PASSED [ 26%]
tests/test_composition_layout.py::test_exact_dock_gap_and_outer_padding[left-expected_primary1-expected_legend1-expected_canvas1] PASSED [ 26%]
tests/test_composition_layout.py::test_exact_dock_gap_and_outer_padding[top-expected_primary2-expected_legend2-expected_canvas2] PASSED [ 26%]
tests/test_composition_layout.py::test_exact_dock_gap_and_outer_padding[bottom-expected_primary3-expected_legend3-expected_canvas3] PASSED [ 26%]
tests/test_composition_layout.py::test_title_is_centered_on_primary_content[top-expected_primary0-expected_title0-expected_canvas0] PASSED [ 26%]
tests/test_composition_layout.py::test_title_is_centered_on_primary_content[bottom-expected_primary1-expected_title1-expected_canvas1] PASSED [ 26%]
tests/test_composition_layout.py::test_title_is_centered_on_primary_content[center-expected_primary2-expected_title2-expected_canvas2] PASSED [ 26%]
tests/test_composition_layout.py::test_same_side_title_is_outer_of_legend[top-top-expected_primary0-expected_legend0-expected_title0] PASSED [ 26%]
tests/test_composition_layout.py::test_same_side_title_is_outer_of_legend[bottom-bottom-expected_primary1-expected_legend1-expected_title1] PASSED [ 26%]
tests/test_composition_layout.py::test_long_top_title_moves_outward_from_tall_side_legend PASSED [ 27%]
tests/test_composition_layout.py::test_tall_and_wide_decorations_drive_the_union[legend_bounds0-right-expected_canvas0-expected_primary0-expected_legend0] PASSED [ 27%]
tests/test_composition_layout.py::test_tall_and_wide_decorations_drive_the_union[legend_bounds1-top-expected_canvas1-expected_primary1-expected_legend1] PASSED [ 27%]
tests/test_composition_layout.py::test_docked_placements_are_mirror_symmetric PASSED [ 27%]
tests/test_composition_layout.py::test_negative_primary_and_decoration_coordinates_do_not_change_layout PASSED [ 27%]
tests/test_composition_layout.py::test_empty_or_absent_decorations_reserve_no_space[changes0] PASSED [ 27%]
tests/test_composition_layout.py::test_empty_or_absent_decorations_reserve_no_space[changes1] PASSED [ 27%]
tests/test_composition_layout.py::test_empty_or_absent_decorations_reserve_no_space[changes2] PASSED [ 27%]
tests/test_composition_layout.py::test_empty_or_absent_decorations_reserve_no_space[changes3] PASSED [ 27%]
tests/test_composition_layout.py::test_empty_or_absent_decorations_reserve_no_space[changes4] PASSED [ 27%]
tests/test_composition_layout.py::test_overlay_legends_anchor_to_requested_primary_corner[upper_left-expected0] PASSED [ 27%]
tests/test_composition_layout.py::test_overlay_legends_anchor_to_requested_primary_corner[upper_right-expected1] PASSED [ 27%]
tests/test_composition_layout.py::test_overlay_legends_anchor_to_requested_primary_corner[lower_left-expected2] PASSED [ 27%]
tests/test_composition_layout.py::test_overlay_legends_anchor_to_requested_primary_corner[lower_right-expected3] PASSED [ 27%]
tests/test_composition_layout.py::test_overlay_reports_initial_conflicts_then_moves_within_quadrant PASSED [ 27%]
tests/test_composition_layout.py::test_overlay_canvas_growth_fallback_is_exact_and_deterministic PASSED [ 27%]
tests/test_composition_layout.py::test_request_freezes_obstacles_and_planning_does_not_mutate_inputs PASSED [ 27%]
tests/test_composition_layout.py::test_spacing_rejects_negative_or_nonfinite_values[-1.0-edge_padding_px] PASSED [ 27%]
tests/test_composition_layout.py::test_spacing_rejects_negative_or_nonfinite_values[-1.0-dock_gap_px] PASSED [ 27%]
tests/test_composition_layout.py::test_spacing_rejects_negative_or_nonfinite_values[-1.0-title_gap_px] PASSED [ 27%]
tests/test_composition_layout.py::test_spacing_rejects_negative_or_nonfinite_values[-1.0-stack_gap_px] PASSED [ 27%]
tests/test_composition_layout.py::test_spacing_rejects_negative_or_nonfinite_values[-1.0-overlay_clearance_px] PASSED [ 27%]
tests/test_composition_layout.py::test_spacing_rejects_negative_or_nonfinite_values[nan-edge_padding_px] PASSED [ 27%]
tests/test_composition_layout.py::test_spacing_rejects_negative_or_nonfinite_values[nan-dock_gap_px] PASSED [ 27%]
tests/test_composition_layout.py::test_spacing_rejects_negative_or_nonfinite_values[nan-title_gap_px] PASSED [ 27%]
tests/test_composition_layout.py::test_spacing_rejects_negative_or_nonfinite_values[nan-stack_gap_px] PASSED [ 27%]
tests/test_composition_layout.py::test_spacing_rejects_negative_or_nonfinite_values[nan-overlay_clearance_px] PASSED [ 27%]
tests/test_composition_layout.py::test_spacing_rejects_negative_or_nonfinite_values[inf-edge_padding_px] PASSED [ 27%]
tests/test_composition_layout.py::test_spacing_rejects_negative_or_nonfinite_values[inf-dock_gap_px] PASSED [ 27%]
tests/test_composition_layout.py::test_spacing_rejects_negative_or_nonfinite_values[inf-title_gap_px] PASSED [ 27%]
tests/test_composition_layout.py::test_spacing_rejects_negative_or_nonfinite_values[inf-stack_gap_px] PASSED [ 27%]
tests/test_composition_layout.py::test_spacing_rejects_negative_or_nonfinite_values[inf-overlay_clearance_px] PASSED [ 27%]
tests/test_composition_layout.py::test_request_validation_is_explicit[changes0-primary] PASSED [ 27%]
tests/test_composition_layout.py::test_request_validation_is_explicit[changes1-positive] PASSED [ 27%]
tests/test_composition_layout.py::test_request_validation_is_explicit[changes2-unknown legend] PASSED [ 27%]
tests/test_composition_layout.py::test_request_validation_is_explicit[changes3-unknown title] PASSED [ 27%]
tests/test_composition_layout.py::test_request_validation_is_explicit[changes4-Aabb] PASSED [ 27%]
tests/test_composition_layout.py::test_request_validation_is_explicit[changes5-unique] PASSED [ 27%]
tests/test_composition_layout.py::test_unknown_placements_fail_even_when_decorations_are_absent PASSED [ 27%]
tests/test_composition_surface_contracts.py::test_circular_legend_values_cross_schema_7_and_reach_composition[left] PASSED [ 27%]
tests/test_composition_surface_contracts.py::test_circular_legend_values_cross_schema_7_and_reach_composition[right] PASSED [ 27%]
tests/test_composition_surface_contracts.py::test_circular_legend_values_cross_schema_7_and_reach_composition[top] PASSED [ 27%]
tests/test_composition_surface_contracts.py::test_circular_legend_values_cross_schema_7_and_reach_composition[bottom] PASSED [ 27%]
tests/test_composition_surface_contracts.py::test_circular_legend_values_cross_schema_7_and_reach_composition[upper_left] PASSED [ 28%]
tests/test_composition_surface_contracts.py::test_circular_legend_values_cross_schema_7_and_reach_composition[upper_right] PASSED [ 28%]
tests/test_composition_surface_contracts.py::test_circular_legend_values_cross_schema_7_and_reach_composition[lower_left] PASSED [ 28%]
tests/test_composition_surface_contracts.py::test_circular_legend_values_cross_schema_7_and_reach_composition[lower_right] PASSED [ 28%]
tests/test_composition_surface_contracts.py::test_circular_legend_values_cross_schema_7_and_reach_composition[none] PASSED [ 28%]
tests/test_composition_surface_contracts.py::test_linear_legend_values_cross_schema_7_and_reach_composition[left] PASSED [ 28%]
tests/test_composition_surface_contracts.py::test_linear_legend_values_cross_schema_7_and_reach_composition[right] PASSED [ 28%]
tests/test_composition_surface_contracts.py::test_linear_legend_values_cross_schema_7_and_reach_composition[top] PASSED [ 28%]
tests/test_composition_surface_contracts.py::test_linear_legend_values_cross_schema_7_and_reach_composition[bottom] PASSED [ 28%]
tests/test_composition_surface_contracts.py::test_linear_legend_values_cross_schema_7_and_reach_composition[none] PASSED [ 28%]
tests/test_composition_surface_contracts.py::test_circular_title_values_cross_schema_5_and_reach_composition[none] PASSED [ 28%]
tests/test_composition_surface_contracts.py::test_circular_title_values_cross_schema_5_and_reach_composition[top] PASSED [ 28%]
tests/test_composition_surface_contracts.py::test_circular_title_values_cross_schema_5_and_reach_composition[bottom] PASSED [ 28%]
tests/test_composition_surface_contracts.py::test_linear_title_values_cross_schema_5_and_reach_composition[center] PASSED [ 28%]
tests/test_composition_surface_contracts.py::test_linear_title_values_cross_schema_5_and_reach_composition[top] PASSED [ 28%]
tests/test_composition_surface_contracts.py::test_linear_title_values_cross_schema_5_and_reach_composition[bottom] PASSED [ 28%]
tests/test_composition_surface_contracts.py::test_output_option_defaults_remain_mode_specific_after_schema_5_replay[circular-none-False] PASSED [ 28%]
tests/test_composition_surface_contracts.py::test_output_option_defaults_remain_mode_specific_after_schema_5_replay[linear-bottom-True] PASSED [ 28%]
tests/test_composition_surface_contracts.py::test_fresh_and_schema_5_replay_have_identical_automatic_composition[circular-lower_right-bottom] PASSED [ 28%]
tests/test_composition_surface_contracts.py::test_fresh_and_schema_5_replay_have_identical_automatic_composition[linear-top-center] PASSED [ 28%]
tests/test_composition_surface_contracts.py::test_output_options_reject_legend_values_outside_the_mode_contract[CircularOutputOptions-center] PASSED [ 28%]
tests/test_composition_surface_contracts.py::test_output_options_reject_legend_values_outside_the_mode_contract[CircularOutputOptions- upper_left] PASSED [ 28%]
tests/test_composition_surface_contracts.py::test_output_options_reject_legend_values_outside_the_mode_contract[CircularOutputOptions-UPPER_LEFT] PASSED [ 28%]
tests/test_composition_surface_contracts.py::test_output_options_reject_legend_values_outside_the_mode_contract[CircularOutputOptions-None] PASSED [ 28%]
tests/test_composition_surface_contracts.py::test_output_options_reject_legend_values_outside_the_mode_contract[LinearOutputOptions-upper_left] PASSED [ 28%]
tests/test_composition_surface_contracts.py::test_output_options_reject_legend_values_outside_the_mode_contract[LinearOutputOptions-lower_right] PASSED [ 28%]
tests/test_composition_surface_contracts.py::test_output_options_reject_legend_values_outside_the_mode_contract[LinearOutputOptions-center] PASSED [ 28%]
tests/test_composition_surface_contracts.py::test_output_options_reject_legend_values_outside_the_mode_contract[LinearOutputOptions-] PASSED [ 28%]
tests/test_composition_surface_contracts.py::test_linear_cli_rejects_circular_corner_legend_before_rendering PASSED [ 28%]
tests/test_composition_surface_contracts.py::test_current_request_schema_and_session_envelope_versions PASSED [ 28%]
tests/test_composition_surface_contracts.py::test_real_exports_use_the_composed_svg_viewbox[circular] PASSED [ 28%]
tests/test_composition_surface_contracts.py::test_real_exports_use_the_composed_svg_viewbox[linear] PASSED [ 28%]
tests/test_composition_surface_contracts.py::test_interactive_svg_preserves_original_viewbox_and_composition_schema[circular] PASSED [ 28%]
tests/test_composition_surface_contracts.py::test_interactive_svg_preserves_original_viewbox_and_composition_schema[linear] PASSED [ 28%]
tests/test_config_override_paths.py::test_override_paths_are_canonical_dataclass_leaves PASSED [ 28%]
tests/test_config_override_paths.py::test_unknown_override_path_is_rejected[show_gc] PASSED [ 28%]
tests/test_config_override_paths.py::test_unknown_override_path_is_rejected[canvas.show_labels] PASSED [ 28%]
tests/test_config_override_paths.py::test_unknown_override_path_is_rejected[canvas.circular.show_labels] PASSED [ 28%]
tests/test_config_override_paths.py::test_unknown_override_path_is_rejected[canvas.linear.show_labels] PASSED [ 28%]
tests/test_config_override_paths.py::test_unknown_override_path_is_rejected[canvas.unknown] PASSED [ 28%]
tests/test_config_override_paths.py::test_non_leaf_override_path_is_rejected[canvas] PASSED [ 28%]
tests/test_config_override_paths.py::test_non_leaf_override_path_is_rejected[objects.axis.linear] PASSED [ 28%]
tests/test_config_override_paths.py::test_canonical_override_preserves_unmodeled_raw_metadata PASSED [ 28%]
tests/test_config_override_paths.py::test_literal_domains_reject_reader_only_values[canvas.linear.track_layout-spreadout] PASSED [ 29%]
tests/test_config_override_paths.py::test_literal_domains_reject_reader_only_values[labels.linear.placement-on_feature] PASSED [ 29%]
tests/test_config_override_paths.py::test_literal_domains_reject_reader_only_values[labels.circular.scope-first] PASSED [ 29%]
tests/test_config_override_paths.py::test_literal_domains_reject_reader_only_values[labels.linear.scope-outer] PASSED [ 29%]
tests/test_config_override_paths.py::test_typed_override_preserves_filtering_extensions_and_dataframes PASSED [ 29%]
tests/test_config_override_paths.py::test_filtering_raw_override_is_applied_before_typed_siblings PASSED [ 29%]
tests/test_config_override_paths.py::test_default_override_resolution_parses_typed_config_once PASSED [ 29%]
tests/test_config_override_paths.py::test_typed_options_reject_flat_override_aliases_eagerly PASSED [ 29%]
tests/test_config_override_paths.py::test_scale_visibility_defaults_visible_and_normalizes_raw_config_values PASSED [ 29%]
tests/test_config_override_paths.py::test_scale_visibility_is_a_shared_strict_boolean_override[CircularDiagramOptions] PASSED [ 29%]
tests/test_config_override_paths.py::test_scale_visibility_is_a_shared_strict_boolean_override[LinearDiagramOptions] PASSED [ 29%]
tests/test_config_override_paths.py::test_scale_style_rejects_unknown_raw_and_override_values PASSED [ 29%]
tests/test_config_override_paths.py::test_arrow_geometry_defaults_and_missing_block_compatibility PASSED [ 29%]
tests/test_config_override_paths.py::test_arrow_geometry_dotted_overrides[objects.features.arrow_geometry.head_length_ratio-auto-auto] PASSED [ 29%]
tests/test_config_override_paths.py::test_arrow_geometry_dotted_overrides[objects.features.arrow_geometry.head_length_ratio-1-1.0] PASSED [ 29%]
tests/test_config_override_paths.py::test_arrow_geometry_dotted_overrides[objects.features.arrow_geometry.head_length_ratio-1.25-1.25] PASSED [ 29%]
tests/test_config_override_paths.py::test_arrow_geometry_dotted_overrides[objects.features.arrow_geometry.shaft_width_ratio-0.25-0.25] PASSED [ 29%]
tests/test_config_override_paths.py::test_arrow_geometry_dotted_overrides[objects.features.arrow_geometry.shaft_width_ratio-1-1.0] PASSED [ 29%]
tests/test_config_override_paths.py::test_arrow_geometry_rejects_invalid_overrides[objects.features.arrow_geometry.head_length_ratio-True] PASSED [ 29%]
tests/test_config_override_paths.py::test_arrow_geometry_rejects_invalid_overrides[objects.features.arrow_geometry.head_length_ratio-0] PASSED [ 29%]
tests/test_config_override_paths.py::test_arrow_geometry_rejects_invalid_overrides[objects.features.arrow_geometry.head_length_ratio--0.5] PASSED [ 29%]
tests/test_config_override_paths.py::test_arrow_geometry_rejects_invalid_overrides[objects.features.arrow_geometry.head_length_ratio-nan] PASSED [ 29%]
tests/test_config_override_paths.py::test_arrow_geometry_rejects_invalid_overrides[objects.features.arrow_geometry.head_length_ratio-inf] PASSED [ 29%]
tests/test_config_override_paths.py::test_arrow_geometry_rejects_invalid_overrides[objects.features.arrow_geometry.shaft_width_ratio-True] PASSED [ 29%]
tests/test_config_override_paths.py::test_arrow_geometry_rejects_invalid_overrides[objects.features.arrow_geometry.shaft_width_ratio-0] PASSED [ 29%]
tests/test_config_override_paths.py::test_arrow_geometry_rejects_invalid_overrides[objects.features.arrow_geometry.shaft_width_ratio--0.5] PASSED [ 29%]
tests/test_config_override_paths.py::test_arrow_geometry_rejects_invalid_overrides[objects.features.arrow_geometry.shaft_width_ratio-1.01] PASSED [ 29%]
tests/test_config_override_paths.py::test_arrow_geometry_rejects_invalid_overrides[objects.features.arrow_geometry.shaft_width_ratio-nan] PASSED [ 29%]
tests/test_config_override_paths.py::test_arrow_geometry_rejects_invalid_overrides[objects.features.arrow_geometry.shaft_width_ratio-inf] PASSED [ 29%]
tests/test_config_override_paths.py::test_feature_overlap_tolerance_rejects_invalid_values_on_config_and_copy[True] PASSED [ 29%]
tests/test_config_override_paths.py::test_feature_overlap_tolerance_rejects_invalid_values_on_config_and_copy[False] PASSED [ 29%]
tests/test_config_override_paths.py::test_feature_overlap_tolerance_rejects_invalid_values_on_config_and_copy[-1] PASSED [ 29%]
tests/test_config_override_paths.py::test_feature_overlap_tolerance_rejects_invalid_values_on_config_and_copy[1.5] PASSED [ 29%]
tests/test_config_override_paths.py::test_feature_overlap_tolerance_rejects_invalid_values_on_config_and_copy[2] PASSED [ 29%]
tests/test_config_override_paths.py::test_feature_overlap_tolerance_rejects_invalid_values_on_config_and_copy[None] PASSED [ 29%]
tests/test_config_override_paths.py::test_feature_overlap_tolerance_is_one_canvas_owner_and_survives_copy PASSED [ 29%]
tests/test_core_text.py::test_parse_mixed_content_text_preserves_leading_plain_text_and_order PASSED [ 29%]
tests/test_core_text.py::test_parse_mixed_content_text_preserves_multiple_inline_segments PASSED [ 29%]
tests/test_dead_api_cleanup.py::test_unused_cli_helper_exports_are_removed[add_output_args] PASSED [ 29%]
tests/test_dead_api_cleanup.py::test_unused_cli_helper_exports_are_removed[add_stroke_args] PASSED [ 29%]
tests/test_dead_api_cleanup.py::test_unused_cli_helper_exports_are_removed[add_legend_args] PASSED [ 29%]
tests/test_dead_api_cleanup.py::test_obsolete_circular_component_shim_is_removed PASSED [ 29%]
tests/test_dead_api_cleanup.py::test_obsolete_label_placement_facade_is_removed PASSED [ 29%]
tests/test_dead_api_cleanup.py::test_noop_horizontal_label_compatibility_adapter_is_removed PASSED [ 29%]
tests/test_dead_api_cleanup.py::test_unused_native_collinearity_wrapper_is_removed PASSED [ 30%]
tests/test_dead_api_cleanup.py::test_test_only_collinearity_and_legacy_membership_surfaces_are_removed PASSED [ 30%]
tests/test_dead_api_cleanup.py::test_unused_session_compatibility_wrapper_is_removed PASSED [ 30%]
tests/test_dead_api_cleanup.py::test_unused_diagram_save_wrappers_are_removed PASSED [ 30%]
tests/test_dead_api_cleanup.py::test_internal_render_aliases_and_availability_proxy_are_removed PASSED [ 30%]
tests/test_dead_api_cleanup.py::test_internal_save_figure_warns_before_compatibility_export PASSED [ 30%]
tests/test_dead_api_cleanup.py::test_dead_web_style_module_and_color_dialog_aliases_are_removed PASSED [ 30%]
tests/test_dead_api_cleanup.py::test_dead_flat_config_overrides_are_removed PASSED [ 30%]
tests/test_dead_api_cleanup.py::test_depth_tick_interval_is_reader_only PASSED [ 30%]
tests/test_dead_api_cleanup.py::test_feature_table_aliases_are_removed_from_fresh_python_api PASSED [ 30%]
tests/test_dead_api_cleanup.py::test_fresh_config_overrides_reject_removed_linear_values[kwargs0-labels.linear.placement] PASSED [ 30%]
tests/test_dead_api_cleanup.py::test_fresh_config_overrides_reject_removed_linear_values[kwargs1-canvas.linear.track_layout] PASSED [ 30%]
tests/test_dead_api_cleanup.py::test_fresh_config_overrides_reject_removed_linear_values[kwargs2-canvas.linear.track_layout] PASSED [ 30%]
tests/test_dead_api_cleanup.py::test_removed_default_keys_remain_tolerated_in_legacy_config PASSED [ 30%]
tests/test_definition_line_styles.py::test_parse_definition_line_style_overrides_valid_and_last_wins PASSED [ 30%]
tests/test_definition_line_styles.py::test_parse_definition_line_style_duplicate_properties_are_last_wins PASSED [ 30%]
tests/test_definition_line_styles.py::test_parse_definition_line_style_invalid[name] PASSED [ 30%]
tests/test_definition_line_styles.py::test_parse_definition_line_style_invalid[unknown:weight=bold] PASSED [ 30%]
tests/test_definition_line_styles.py::test_parse_definition_line_style_invalid[name:unknown=bold] PASSED [ 30%]
tests/test_definition_line_styles.py::test_parse_definition_line_style_invalid[name:weight=] PASSED [ 30%]
tests/test_definition_line_styles.py::test_parse_definition_line_style_invalid[name:size=0] PASSED [ 30%]
tests/test_definition_line_styles.py::test_parse_definition_line_style_invalid[name:size=nan] PASSED [ 30%]
tests/test_definition_line_styles.py::test_parse_definition_line_style_invalid[name:weight=950] PASSED [ 30%]
tests/test_definition_line_styles.py::test_parse_definition_line_style_invalid[name:color=red,] PASSED [ 30%]
tests/test_definition_line_styles.py::test_linear_cli_definition_line_style_validation[cmd_args0] PASSED [ 30%]
tests/test_definition_line_styles.py::test_linear_cli_definition_line_style_validation[cmd_args1] PASSED [ 30%]
tests/test_definition_line_styles.py::test_linear_cli_definition_line_style_validation[cmd_args2] PASSED [ 30%]
tests/test_definition_line_styles.py::test_linear_cli_definition_line_style_forwards PASSED [ 30%]
tests/test_definition_line_styles.py::test_definition_line_style_config_defaults_and_legacy_inheritance PASSED [ 30%]
tests/test_definition_line_styles.py::test_definition_line_style_config_validation PASSED [ 30%]
tests/test_definition_line_styles.py::test_modify_config_dict_updates_nested_definition_line_styles PASSED [ 30%]
tests/test_definition_line_styles.py::test_session_io_definition_line_styles_emit_gui_args PASSED [ 30%]
tests/test_definition_line_styles.py::test_create_text_element_defaults_and_custom_attrs PASSED [ 30%]
tests/test_definition_line_styles.py::test_definition_group_emits_line_specific_styles_and_data_attrs PASSED [ 30%]
tests/test_definition_line_styles.py::test_definition_line_specific_font_size_affects_layout PASSED [ 30%]
tests/test_depth_track.py::test_sparse_depth_normalization_preserves_logical_indices_count_and_heights PASSED [ 30%]
tests/test_depth_track.py::test_depth_track_row_rejects_invalid_logical_indices[track_indices0-negative track_index=-1] PASSED [ 30%]
tests/test_depth_track.py::test_depth_track_row_rejects_invalid_logical_indices[track_indices1-duplicate track_index=0] PASSED [ 30%]
tests/test_depth_track.py::test_sparse_depth_shared_axis_and_representatives_are_per_logical_track PASSED [ 30%]
tests/test_depth_track.py::test_depth_normalization_rejects_globally_empty_logical_column PASSED [ 30%]
tests/test_depth_track.py::test_canonical_depth_track_normalizes_one_shared_source PASSED [ 30%]
tests/test_depth_track.py::test_canonical_depth_tracks_support_mixed_and_sparse_per_record_sources PASSED [ 30%]
tests/test_depth_track.py::test_canonical_depth_tracks_reject_wrong_per_record_cardinality PASSED [ 30%]
tests/test_depth_track.py::test_typed_options_reject_canonical_and_compatibility_depth_inputs PASSED [ 31%]
tests/test_depth_track.py::test_circular_typed_options_reject_linear_depth_height PASSED [ 31%]
tests/test_depth_track.py::test_typed_linear_builder_accepts_canonical_depth_tracks PASSED [ 31%]
tests/test_depth_track.py::test_read_depth_tsv_headerless_and_headered PASSED [ 31%]
tests/test_depth_track.py::test_read_depth_tsv_uses_cache_until_file_changes PASSED [ 31%]
tests/test_depth_track.py::test_depth_df_matching_fallback_and_mismatch PASSED [ 31%]
tests/test_depth_track.py::test_depth_df_missing_positions_clipping_and_normalization PASSED [ 31%]
tests/test_depth_track.py::test_depth_df_log_scale_makes_ten_x_twice_one_x PASSED [ 31%]
tests/test_depth_track.py::test_depth_config_defaults_to_linear_scale PASSED [ 31%]
tests/test_depth_track.py::test_linear_depth_gc_track_offsets_reserve_visual_gap PASSED [ 31%]
tests/test_depth_track.py::test_circular_depth_track_is_optional PASSED  [ 31%]
tests/test_depth_track.py::test_circular_depth_origin_label_requires_explicit_min PASSED [ 31%]
tests/test_depth_track.py::test_circular_depth_axis_can_be_hidden_without_hiding_depth_track PASSED [ 31%]
tests/test_depth_track.py::test_circular_depth_compresses_gc_skew_to_preserve_definition_space PASSED [ 31%]
tests/test_depth_track.py::test_circular_depth_preserves_explicit_gc_skew_track_specs PASSED [ 31%]
tests/test_depth_track.py::test_circular_depth_axis_uses_record_start_and_tick_options PASSED [ 31%]
tests/test_depth_track.py::test_circular_depth_ticks_use_right_side_and_small_ticks_are_unlabeled PASSED [ 31%]
tests/test_depth_track.py::test_depth_ticks_can_be_hidden_without_hiding_axes PASSED [ 31%]
tests/test_depth_track.py::test_depth_axis_can_be_hidden_without_hiding_depth_track PASSED [ 31%]
tests/test_depth_track.py::test_linear_shared_depth_axis_uses_common_auto_max PASSED [ 31%]
tests/test_depth_track.py::test_circular_multi_record_shared_depth_axis_uses_common_auto_max PASSED [ 31%]
tests/test_depth_track.py::test_linear_depth_track_is_optional PASSED    [ 31%]
tests/test_depth_track.py::test_linear_multiple_depth_tracks_have_unique_ids PASSED [ 31%]
tests/test_depth_track.py::test_linear_multiple_depth_track_heights_are_per_track PASSED [ 31%]
tests/test_depth_track.py::test_linear_custom_depth_slot_uses_track_height_when_slot_height_is_auto PASSED [ 31%]
tests/test_depth_track.py::test_linear_depth_track_tick_options_are_per_track PASSED [ 31%]
tests/test_depth_track.py::test_circular_multiple_depth_tracks_render_distinct_rings PASSED [ 31%]
tests/test_depth_track.py::test_circular_multiple_depth_auto_slots_do_not_restore_hidden_scale PASSED [ 31%]
tests/test_depth_track.py::test_circular_custom_depth_slot_selects_track_index PASSED [ 31%]
tests/test_depth_track.py::test_depth_share_axis_is_per_logical_track PASSED [ 31%]
tests/test_depth_track.py::test_linear_depth_track_partial_record_rows_are_not_shared PASSED [ 31%]
tests/test_depth_track.py::test_linear_custom_depth_slot_skips_leading_or_trailing_missing_record[0-above-below] PASSED [ 31%]
tests/test_depth_track.py::test_linear_custom_depth_slot_skips_leading_or_trailing_missing_record[1-below-above] PASSED [ 31%]
tests/test_depth_track.py::test_sparse_depth_does_not_separate_pairwise_match_from_missing_record_features PASSED [ 31%]
tests/test_depth_track.py::test_linear_diagonal_sparse_depth_binding_survives_slot_order_reversal PASSED [ 31%]
tests/test_depth_track.py::test_linear_custom_slot_can_select_only_second_logical_depth_track PASSED [ 31%]
tests/test_depth_track.py::test_linear_custom_depth_slot_legend_uses_only_selected_sparse_logical_track PASSED [ 31%]
tests/test_depth_track.py::test_linear_depth_slot_rejects_globally_out_of_range_logical_index PASSED [ 31%]
tests/test_depth_track.py::test_circular_multi_record_partial_depth_skips_paint_but_reserves_slot[0] PASSED [ 31%]
tests/test_depth_track.py::test_circular_multi_record_partial_depth_skips_paint_but_reserves_slot[1] PASSED [ 31%]
tests/test_depth_track.py::test_circular_multi_record_diagonal_sparse_depth_uses_logical_binding PASSED [ 31%]
tests/test_depth_track.py::test_circular_multi_record_depth_auto_slots_do_not_restore_hidden_scale PASSED [ 31%]
tests/test_depth_track.py::test_linear_depth_origin_label_requires_explicit_min PASSED [ 31%]
tests/test_depth_track.py::test_linear_depth_defaults_to_linear_scale_for_plotting PASSED [ 32%]
tests/test_depth_track.py::test_linear_depth_window_step_can_differ_from_gc PASSED [ 32%]
tests/test_depth_track.py::test_linear_depth_window_step_defaults_to_tenth_of_gc PASSED [ 32%]
tests/test_depth_track.py::test_circular_depth_window_step_can_differ_from_gc PASSED [ 32%]
tests/test_depth_track.py::test_circular_depth_window_step_defaults_to_tenth_of_gc PASSED [ 32%]
tests/test_depth_track.py::test_cli_rejects_removed_depth_tick_interval[_get_args0] PASSED [ 32%]
tests/test_depth_track.py::test_cli_rejects_removed_depth_tick_interval[_get_args1] PASSED [ 32%]
tests/test_depth_track.py::test_circular_cli_depth_options_forward_to_api PASSED [ 32%]
tests/test_depth_track.py::test_circular_cli_reads_depth_file_once_for_multiple_records PASSED [ 32%]
tests/test_depth_track.py::test_linear_cli_depth_options_forward_to_api PASSED [ 32%]
tests/test_depth_track.py::test_linear_cli_repeated_depth_track_forwards_record_major_files PASSED [ 32%]
tests/test_depth_track.py::test_linear_cli_depth_track_placeholders_keep_record_slots PASSED [ 32%]
tests/test_depth_track.py::test_linear_cli_sparse_depth_tracks_render_end_to_end PASSED [ 32%]
tests/test_depth_track.py::test_circular_cli_repeated_depth_track_forwards_record_major_files PASSED [ 32%]
tests/test_depth_track.py::test_circular_cli_sparse_depth_tracks_render_separate_outputs PASSED [ 32%]
tests/test_depth_track.py::test_linear_depth_dataframe_is_computed_once_per_record PASSED [ 32%]
tests/test_diagram_layout_benchmark.py::test_case_summary_records_median_noise_and_peak_memory PASSED [ 32%]
tests/test_diagram_layout_benchmark.py::test_comparison_fails_only_for_regression_above_threshold_and_noise PASSED [ 32%]
tests/test_diagram_layout_benchmark.py::test_comparison_reports_pass_with_noise_exemption PASSED [ 32%]
tests/test_diagram_layout_benchmark.py::test_noise_equal_to_regression_does_not_exempt_regression PASSED [ 32%]
tests/test_diagram_layout_benchmark.py::test_exact_threshold_is_not_a_regression PASSED [ 32%]
tests/test_diagram_layout_benchmark.py::test_comparison_rejects_different_fixture_profiles PASSED [ 32%]
tests/test_diagram_layout_benchmark.py::test_comparison_rejects_invalid_metrics[None] PASSED [ 32%]
tests/test_diagram_layout_benchmark.py::test_comparison_rejects_invalid_metrics[fast] PASSED [ 32%]
tests/test_diagram_layout_benchmark.py::test_comparison_rejects_invalid_metrics[nan] PASSED [ 32%]
tests/test_diagram_layout_benchmark.py::test_comparison_rejects_invalid_metrics[inf] PASSED [ 32%]
tests/test_diagram_layout_benchmark.py::test_json_writer_rejects_nonfinite_numbers PASSED [ 32%]
tests/test_diagram_layout_benchmark.py::test_source_root_rejects_package_loaded_from_another_tree PASSED [ 32%]
tests/test_diagram_layout_benchmark.py::test_json_writer_is_sorted_and_newline_terminated PASSED [ 32%]
tests/test_diagram_layout_benchmark.py::test_quick_profile_runs_all_three_real_assemblers PASSED [ 32%]
tests/test_documentation_capture_contracts.py::test_capture_semantics_parse_translation_only_chains PASSED [ 32%]
tests/test_documentation_capture_contracts.py::test_capture_environment_is_pinned_and_loopback_only PASSED [ 32%]
tests/test_documentation_capture_contracts.py::test_first_circular_capture_uses_the_frozen_bundled_fixture PASSED [ 32%]
tests/test_documentation_capture_contracts.py::test_first_linear_capture_uses_the_complete_frozen_lambda_fixture PASSED [ 32%]
tests/test_documentation_capture_contracts.py::test_gui_inputs_capture_uses_the_complete_frozen_gff3_fasta_pair PASSED [ 32%]
tests/test_documentation_capture_contracts.py::test_gui_losatn_capture_uses_only_the_qualified_complete_record_pair PASSED [ 32%]
tests/test_documentation_capture_contracts.py::test_gui_circular_layout_uses_four_complete_natural_mitochondrial_records PASSED [ 32%]
tests/test_documentation_capture_contracts.py::test_first_circular_flow_uses_accessible_real_actions_without_state_shortcuts PASSED [ 32%]
tests/test_documentation_capture_contracts.py::test_shared_linear_preview_fit_centers_the_complete_rendered_diagram PASSED [ 32%]
tests/test_documentation_capture_contracts.py::test_first_linear_flow_uses_accessible_real_actions_without_state_shortcuts PASSED [ 32%]
tests/test_documentation_capture_contracts.py::test_gui_inputs_flow_uses_whole_files_real_actions_and_actual_error PASSED [ 32%]
tests/test_documentation_capture_contracts.py::test_gui_circular_layout_flow_uses_complete_records_and_public_controls PASSED [ 32%]
tests/test_documentation_capture_contracts.py::test_gui_losatn_flow_runs_the_real_serial_one_thread_journey PASSED [ 32%]
tests/test_documentation_capture_contracts.py::test_download_contract_parses_and_validates_all_static_svgs PASSED [ 33%]
tests/test_documentation_capture_contracts.py::test_runner_uses_manifest_ids_tiers_and_generic_screenshot_lookup PASSED [ 33%]
tests/test_documentation_capture_contracts.py::test_screenshot_comparison_allows_only_bounded_raster_noise PASSED [ 33%]
tests/test_documentation_capture_contracts.py::test_complex_svg_screenshot_comparison_is_bounded_to_the_preview PASSED [ 33%]
tests/test_documentation_capture_contracts.py::test_runner_all_orchestrates_gui_cli_and_python_with_check PASSED [ 33%]
tests/test_documentation_capture_contracts.py::test_runner_focused_scenarios_execute_only_the_selected_surface PASSED [ 33%]
tests/test_documentation_capture_contracts.py::test_t_gui_01_manifest_owns_the_complete_verified_journey PASSED [ 33%]
tests/test_documentation_capture_contracts.py::test_t_gui_02_manifest_owns_the_complete_verified_journey PASSED [ 33%]
tests/test_documentation_capture_contracts.py::test_h_gui_01_manifest_records_the_complete_verified_journey PASSED [ 33%]
tests/test_documentation_capture_contracts.py::test_h_gui_02_manifest_records_the_complete_verified_journey PASSED [ 33%]
tests/test_documentation_capture_contracts.py::test_t_gui_03_manifest_owns_the_complete_verified_journey PASSED [ 33%]
tests/test_documentation_capture_contracts.py::test_circular_tutorial_follows_steps_and_defers_related_links PASSED [ 33%]
tests/test_documentation_capture_contracts.py::test_linear_tutorial_shows_the_step_two_result_and_defers_related_links PASSED [ 33%]
tests/test_documentation_capture_contracts.py::test_gui_losatn_tutorial_preserves_the_approved_five_step_journey PASSED [ 33%]
tests/test_documentation_capture_contracts.py::test_all_committed_gui_screenshots_match_the_display_contract PASSED [ 33%]
tests/test_documentation_capture_contracts.py::test_capture_readme_records_versions_regeneration_and_download_checks PASSED [ 33%]
tests/test_documentation_contracts.py::test_session_compatibility_table_matches_implementation PASSED [ 33%]
tests/test_documentation_contracts.py::test_release_session_history_and_acceptance_use_current_authority PASSED [ 33%]
tests/test_documentation_contracts.py::test_release_navigation_retains_beta_history_and_delegates_publication_dates PASSED [ 33%]
tests/test_documentation_contracts.py::test_installation_distinguishes_source_version_from_index_availability PASSED [ 33%]
tests/test_documentation_contracts.py::test_current_task_docs_delegate_persisted_format_details_to_one_authority PASSED [ 33%]
tests/test_documentation_contracts.py::test_current_compatibility_reference_and_history_have_distinct_roles PASSED [ 33%]
tests/test_documentation_contracts.py::test_generated_cli_inventory_delegates_current_semantics PASSED [ 33%]
tests/test_documentation_contracts.py::test_python_api_describes_its_four_output_forms PASSED [ 33%]
tests/test_documentation_contracts.py::test_web_maintenance_guide_describes_typed_worker_rendering PASSED [ 33%]
tests/test_documentation_reference_contracts.py::test_reference_census_is_complete PASSED [ 33%]
tests/test_documentation_reference_contracts.py::test_session_reference_matches_current_implementation_constants PASSED [ 33%]
tests/test_documentation_reference_contracts.py::test_input_reference_lists_parser_owned_table_columns PASSED [ 33%]
tests/test_documentation_reference_contracts.py::test_command_reference_entry_points_exist_in_current_help PASSED [ 33%]
tests/test_documentation_reference_contracts.py::test_first_web_tutorial_controls_have_stable_accessible_names PASSED [ 33%]
tests/test_documentation_reference_contracts.py::test_web_reference_defaults_match_the_browser_profile PASSED [ 33%]
tests/test_documentation_reference_contracts.py::test_output_reference_covers_supported_public_format_tokens PASSED [ 33%]
tests/test_documentation_reference_contracts.py::test_python_reference_core_signatures_match_the_public_api PASSED [ 33%]
tests/test_documentation_reference_contracts.py::test_public_reference_rejects_artificially_split_lambda_fixture PASSED [ 33%]
tests/test_documentation_reference_contracts.py::test_release_reference_faq_and_gallery_local_links_resolve PASSED [ 33%]
tests/test_documentation_reference_contracts.py::test_comparison_and_gallery_examples_use_whole_lambda_de3_and_five_bgcs PASSED [ 33%]
tests/test_documentation_scenario_contracts.py::test_recipe_transform_parser_accepts_composed_layout_translations PASSED [ 33%]
tests/test_documentation_scenario_contracts.py::test_scenario_plan_gate_is_approved_with_a_bounded_fixture_budget PASSED [ 33%]
tests/test_documentation_scenario_contracts.py::test_scenario_registry_has_unique_ids_and_public_destinations PASSED [ 33%]
tests/test_documentation_scenario_contracts.py::test_every_scenario_records_inputs_and_executable_proof PASSED [ 33%]
tests/test_documentation_scenario_contracts.py::test_each_major_capability_has_one_public_owner_and_execution_evidence PASSED [ 33%]
tests/test_documentation_scenario_contracts.py::test_screenshots_are_owned_purposeful_and_within_the_reviewed_budget PASSED [ 33%]
tests/test_documentation_scenario_contracts.py::test_tutorials_declare_an_early_visible_result_on_their_real_surface PASSED [ 33%]
tests/test_documentation_scenario_contracts.py::test_tutorial_projects_define_one_figure_with_intentional_surface_variants PASSED [ 33%]
tests/test_documentation_scenario_contracts.py::test_verified_tutorial_non_browser_renderers_publish_the_same_svg_tree PASSED [ 34%]
tests/test_documentation_scenario_contracts.py::test_first_gui_tutorial_keeps_the_fixed_accepted_path PASSED [ 34%]
tests/test_documentation_scenario_contracts.py::test_public_destinations_and_execution_paths_keep_their_boundaries PASSED [ 34%]
tests/test_documentation_scenario_contracts.py::test_retired_public_categories_are_not_scenarios PASSED [ 34%]
tests/test_documented_recipes.py::test_migrated_legacy_pages_are_short_non_runnable_routers PASSED [ 34%]
tests/test_documented_recipes.py::test_legacy_routers_link_every_manifest_owned_replacement PASSED [ 34%]
tests/test_documented_recipes.py::test_legacy_paths_are_never_canonical_chapter_destinations PASSED [ 34%]
tests/test_feature_catalog_source_identity.py::test_crop_preserves_collision_disambiguators_from_source_order PASSED [ 34%]
tests/test_feature_catalog_source_identity.py::test_reverse_complement_preserves_collision_disambiguators_from_source_order PASSED [ 34%]
tests/test_feature_catalog_source_identity.py::test_renderer_emits_unique_catalog_refs_for_exact_feature_collisions PASSED [ 34%]
tests/test_feature_catalog_source_identity.py::test_shared_source_catalog_preserves_fixed_preplacement_public_ids PASSED [ 34%]
tests/test_feature_catalog_source_identity.py::test_gff_collision_ids_use_complete_source_order_across_visibility PASSED [ 34%]
tests/test_feature_placement.py::test_main_intent_is_immutable_and_has_no_transient_lane PASSED [ 34%]
tests/test_feature_placement.py::test_directional_shape_and_deferred_geometry_validation[circular-outward] PASSED [ 34%]
tests/test_feature_placement.py::test_directional_shape_and_deferred_geometry_validation[circular-inward] PASSED [ 34%]
tests/test_feature_placement.py::test_directional_shape_and_deferred_geometry_validation[linear-above] PASSED [ 34%]
tests/test_feature_placement.py::test_directional_shape_and_deferred_geometry_validation[linear-below] PASSED [ 34%]
tests/test_feature_placement.py::test_invalid_target_shape_tokens_levels[None] PASSED [ 34%]
tests/test_feature_placement.py::test_invalid_target_shape_tokens_levels[payload1] PASSED [ 34%]
tests/test_feature_placement.py::test_invalid_target_shape_tokens_levels[payload2] PASSED [ 34%]
tests/test_feature_placement.py::test_invalid_target_shape_tokens_levels[payload3] PASSED [ 34%]
tests/test_feature_placement.py::test_invalid_target_shape_tokens_levels[payload4] PASSED [ 34%]
tests/test_feature_placement.py::test_invalid_target_shape_tokens_levels[payload5] PASSED [ 34%]
tests/test_feature_placement.py::test_invalid_target_shape_tokens_levels[payload6] PASSED [ 34%]
tests/test_feature_placement.py::test_invalid_target_shape_tokens_levels[payload7] PASSED [ 34%]
tests/test_feature_placement.py::test_invalid_target_shape_tokens_levels[payload8] PASSED [ 34%]
tests/test_feature_placement.py::test_invalid_target_shape_tokens_levels[payload9] PASSED [ 34%]
tests/test_feature_placement.py::test_invalid_target_shape_tokens_levels[payload10] PASSED [ 34%]
tests/test_feature_placement.py::test_invalid_target_shape_tokens_levels[payload11] PASSED [ 34%]
tests/test_feature_placement.py::test_invalid_target_shape_tokens_levels[payload12] PASSED [ 34%]
tests/test_feature_placement.py::test_invalid_target_shape_tokens_levels[payload13] PASSED [ 34%]
tests/test_feature_placement.py::test_invalid_target_shape_tokens_levels[payload14] PASSED [ 34%]
tests/test_feature_placement.py::test_invalid_target_shape_tokens_levels[payload15] PASSED [ 34%]
tests/test_feature_placement.py::test_invalid_target_shape_tokens_levels[payload16] PASSED [ 34%]
tests/test_feature_placement.py::test_exact_unknown_fields_rejected[None] PASSED [ 34%]
tests/test_feature_placement.py::test_exact_unknown_fields_rejected[payload1] PASSED [ 34%]
tests/test_feature_placement.py::test_exact_unknown_fields_rejected[payload2] PASSED [ 34%]
tests/test_feature_placement.py::test_invalid_exact_identity[-f1] PASSED [ 34%]
tests/test_feature_placement.py::test_invalid_exact_identity[one\x00f1-f1] PASSED [ 34%]
tests/test_feature_placement.py::test_invalid_exact_identity[one-f1\x00] PASSED [ 34%]
tests/test_feature_placement.py::test_invalid_exact_identity[None-f1] PASSED [ 34%]
tests/test_feature_placement.py::test_wrong_mode_exact_and_table_rejected[circular-above] PASSED [ 34%]
tests/test_feature_placement.py::test_wrong_mode_exact_and_table_rejected[linear-inward] PASSED [ 34%]
tests/test_feature_placement.py::test_duplicate_or_mixed_input_rejected[duplicate] PASSED [ 35%]
tests/test_feature_placement.py::test_duplicate_or_mixed_input_rejected[table] PASSED [ 35%]
tests/test_feature_placement.py::test_duplicate_or_mixed_input_rejected[file] PASSED [ 35%]
tests/test_feature_placement.py::test_duplicate_or_mixed_input_rejected[table_file] PASSED [ 35%]
tests/test_feature_placement.py::test_source_selector_zero_and_many_error[locus_tag=missing-0] PASSED [ 35%]
tests/test_feature_placement.py::test_source_selector_zero_and_many_error[type=CDS-3] PASSED [ 35%]
tests/test_feature_placement.py::test_selector_normalizes_auto_removes_table_and_keeps_original_dataframe PASSED [ 35%]
tests/test_feature_placement.py::test_file_table_supports_hash_record_index_and_drops_path PASSED [ 35%]
tests/test_feature_placement.py::test_invalid_table_rows[rows0] PASSED   [ 35%]
tests/test_feature_placement.py::test_invalid_table_rows[rows1] PASSED   [ 35%]
tests/test_feature_placement.py::test_invalid_table_rows[rows2] PASSED   [ 35%]
tests/test_feature_placement.py::test_invalid_table_rows[rows3] PASSED   [ 35%]
tests/test_feature_placement.py::test_invalid_table_rows[rows4] PASSED   [ 35%]
tests/test_feature_placement.py::test_invalid_table_rows[rows5] PASSED   [ 35%]
tests/test_feature_placement.py::test_invalid_table_rows[rows6] PASSED   [ 35%]
tests/test_feature_placement.py::test_dataframe_optional_levels_preserve_integer_lane_one PASSED [ 35%]
tests/test_feature_placement.py::test_exact_sort_and_duplicate_hashes_are_independent PASSED [ 35%]
tests/test_feature_placement.py::test_source_identity_intent_and_parts_survive_display_and_reverse[None-False-circular] PASSED [ 35%]
tests/test_feature_placement.py::test_source_identity_intent_and_parts_survive_display_and_reverse[None-False-linear] PASSED [ 35%]
tests/test_feature_placement.py::test_source_identity_intent_and_parts_survive_display_and_reverse[None-True-circular] PASSED [ 35%]
tests/test_feature_placement.py::test_source_identity_intent_and_parts_survive_display_and_reverse[None-True-linear] PASSED [ 35%]
tests/test_feature_placement.py::test_source_identity_intent_and_parts_survive_display_and_reverse[1-False-circular] PASSED [ 35%]
tests/test_feature_placement.py::test_source_identity_intent_and_parts_survive_display_and_reverse[1-False-linear] PASSED [ 35%]
tests/test_feature_placement.py::test_source_identity_intent_and_parts_survive_display_and_reverse[1-True-circular] PASSED [ 35%]
tests/test_feature_placement.py::test_source_identity_intent_and_parts_survive_display_and_reverse[1-True-linear] PASSED [ 35%]
tests/test_feature_placement.py::test_source_identity_intent_and_parts_survive_display_and_reverse[25-False-circular] PASSED [ 35%]
tests/test_feature_placement.py::test_source_identity_intent_and_parts_survive_display_and_reverse[25-False-linear] PASSED [ 35%]
tests/test_feature_placement.py::test_source_identity_intent_and_parts_survive_display_and_reverse[25-True-circular] PASSED [ 35%]
tests/test_feature_placement.py::test_source_identity_intent_and_parts_survive_display_and_reverse[25-True-linear] PASSED [ 35%]
tests/test_feature_placement.py::test_request_crop_known_dormant_and_materialized_request_rebind[False-25-70-foreground] PASSED [ 35%]
tests/test_feature_placement.py::test_request_crop_known_dormant_and_materialized_request_rebind[False-80-120-crop_excluded] PASSED [ 35%]
tests/test_feature_placement.py::test_request_crop_known_dormant_and_materialized_request_rebind[True-25-70-foreground] PASSED [ 35%]
tests/test_feature_placement.py::test_request_crop_known_dormant_and_materialized_request_rebind[True-80-120-crop_excluded] PASSED [ 35%]
tests/test_feature_placement.py::test_selector_uses_original_source_before_crop PASSED [ 35%]
tests/test_feature_placement.py::test_existing_visibility_and_rendering_owners_classify_occupancy[hidden] PASSED [ 35%]
tests/test_feature_placement.py::test_existing_visibility_and_rendering_owners_classify_occupancy[underlay] PASSED [ 35%]
tests/test_feature_placement.py::test_existing_visibility_and_rendering_owners_classify_occupancy[foreground] PASSED [ 35%]
tests/test_feature_placement.py::test_default_underlay_and_type_hidden_are_dormant PASSED [ 35%]
tests/test_feature_placement.py::test_unknown_or_rendered_identity_never_becomes_dormant[one-stale] PASSED [ 35%]
tests/test_feature_placement.py::test_unknown_or_rendered_identity_never_becomes_dormant[missing-stale] PASSED [ 35%]
tests/test_feature_placement.py::test_unknown_or_rendered_identity_never_becomes_dormant[one-f1234_record_1] PASSED [ 35%]
tests/test_feature_placement.py::test_caller_precropped_record_does_not_infer_unseen_source PASSED [ 35%]
tests/test_feature_placement.py::test_duplicate_biological_record_ids_are_isolated_and_reordered_by_key[False] PASSED [ 35%]
tests/test_feature_placement.py::test_duplicate_biological_record_ids_are_isolated_and_reordered_by_key[True] PASSED [ 36%]
tests/test_feature_placement.py::test_resource_catalog_is_built_once_and_reused_across_crop_reverse_display PASSED [ 36%]
tests/test_feature_placement.py::test_current_writer_encodes_exact_and_rejects_unmaterialized_placement[circular] PASSED [ 36%]
tests/test_feature_placement.py::test_current_writer_encodes_exact_and_rejects_unmaterialized_placement[linear] PASSED [ 36%]
tests/test_feature_placement.py::test_auto_only_materializes_empty_and_retains_current_writer PASSED [ 36%]
tests/test_feature_placement.py::test_source_catalog_is_immutable_and_only_requested_types_are_public PASSED [ 36%]
tests/test_feature_placement.py::test_batch_projects_only_each_instances_intent_and_binding PASSED [ 36%]
tests/test_feature_placement.py::test_annotation_single_selector_still_allows_multiple_source_matches PASSED [ 36%]
tests/test_feature_placement.py::test_historical_reader_does_not_admit_placement_fields PASSED [ 36%]
tests/test_feature_placement.py::test_gff_source_catalog_retains_features_before_loader_visibility_filter PASSED [ 36%]
tests/test_feature_placement.py::test_gff_catalog_capture_keeps_duplicate_biological_records_instance_aligned PASSED [ 36%]
tests/test_feature_placement.py::test_shared_planner_reserves_fixed_main_before_auto PASSED [ 36%]
tests/test_feature_placement.py::test_undefined_shares_negative_pool_for_fixed_and_auto[None-19-fixed0-False-circular-split] PASSED [ 36%]
tests/test_feature_placement.py::test_undefined_shares_negative_pool_for_fixed_and_auto[None-19-fixed0-False-linear-overlay] PASSED [ 36%]
tests/test_feature_placement.py::test_undefined_shares_negative_pool_for_fixed_and_auto[None-19-fixed0-True-circular-split] PASSED [ 36%]
tests/test_feature_placement.py::test_undefined_shares_negative_pool_for_fixed_and_auto[None-19-fixed0-True-linear-overlay] PASSED [ 36%]
tests/test_feature_placement.py::test_undefined_shares_negative_pool_for_fixed_and_auto[None-19-fixed1-False-circular-split] PASSED [ 36%]
tests/test_feature_placement.py::test_undefined_shares_negative_pool_for_fixed_and_auto[None-19-fixed1-False-linear-overlay] PASSED [ 36%]
tests/test_feature_placement.py::test_undefined_shares_negative_pool_for_fixed_and_auto[None-19-fixed1-True-circular-split] PASSED [ 36%]
tests/test_feature_placement.py::test_undefined_shares_negative_pool_for_fixed_and_auto[None-19-fixed1-True-linear-overlay] PASSED [ 36%]
tests/test_feature_placement.py::test_undefined_shares_negative_pool_for_fixed_and_auto[None-19-fixed2-False-circular-split] PASSED [ 36%]
tests/test_feature_placement.py::test_undefined_shares_negative_pool_for_fixed_and_auto[None-19-fixed2-False-linear-overlay] PASSED [ 36%]
tests/test_feature_placement.py::test_undefined_shares_negative_pool_for_fixed_and_auto[None-19-fixed2-True-circular-split] PASSED [ 36%]
tests/test_feature_placement.py::test_undefined_shares_negative_pool_for_fixed_and_auto[None-19-fixed2-True-linear-overlay] PASSED [ 36%]
tests/test_feature_placement.py::test_undefined_shares_negative_pool_for_fixed_and_auto[None-19-fixed3-False-circular-split] PASSED [ 36%]
tests/test_feature_placement.py::test_undefined_shares_negative_pool_for_fixed_and_auto[None-19-fixed3-False-linear-overlay] PASSED [ 36%]
tests/test_feature_placement.py::test_undefined_shares_negative_pool_for_fixed_and_auto[None-19-fixed3-True-circular-split] PASSED [ 36%]
tests/test_feature_placement.py::test_undefined_shares_negative_pool_for_fixed_and_auto[None-19-fixed3-True-linear-overlay] PASSED [ 36%]
tests/test_feature_placement.py::test_undefined_shares_negative_pool_for_fixed_and_auto[None-20-fixed0-False-circular-split] PASSED [ 36%]
tests/test_feature_placement.py::test_undefined_shares_negative_pool_for_fixed_and_auto[None-20-fixed0-False-linear-overlay] PASSED [ 36%]
tests/test_feature_placement.py::test_undefined_shares_negative_pool_for_fixed_and_auto[None-20-fixed0-True-circular-split] PASSED [ 36%]
tests/test_feature_placement.py::test_undefined_shares_negative_pool_for_fixed_and_auto[None-20-fixed0-True-linear-overlay] PASSED [ 36%]
tests/test_feature_placement.py::test_undefined_shares_negative_pool_for_fixed_and_auto[None-20-fixed1-False-circular-split] PASSED [ 36%]
tests/test_feature_placement.py::test_undefined_shares_negative_pool_for_fixed_and_auto[None-20-fixed1-False-linear-overlay] PASSED [ 36%]
tests/test_feature_placement.py::test_undefined_shares_negative_pool_for_fixed_and_auto[None-20-fixed1-True-circular-split] PASSED [ 36%]
tests/test_feature_placement.py::test_undefined_shares_negative_pool_for_fixed_and_auto[None-20-fixed1-True-linear-overlay] PASSED [ 36%]
tests/test_feature_placement.py::test_undefined_shares_negative_pool_for_fixed_and_auto[None-20-fixed2-False-circular-split] PASSED [ 36%]
tests/test_feature_placement.py::test_undefined_shares_negative_pool_for_fixed_and_auto[None-20-fixed2-False-linear-overlay] PASSED [ 36%]
tests/test_feature_placement.py::test_undefined_shares_negative_pool_for_fixed_and_auto[None-20-fixed2-True-circular-split] PASSED [ 36%]
tests/test_feature_placement.py::test_undefined_shares_negative_pool_for_fixed_and_auto[None-20-fixed2-True-linear-overlay] PASSED [ 36%]
tests/test_feature_placement.py::test_undefined_shares_negative_pool_for_fixed_and_auto[None-20-fixed3-False-circular-split] PASSED [ 36%]
tests/test_feature_placement.py::test_undefined_shares_negative_pool_for_fixed_and_auto[None-20-fixed3-False-linear-overlay] PASSED [ 36%]
tests/test_feature_placement.py::test_undefined_shares_negative_pool_for_fixed_and_auto[None-20-fixed3-True-circular-split] PASSED [ 36%]
tests/test_feature_placement.py::test_undefined_shares_negative_pool_for_fixed_and_auto[None-20-fixed3-True-linear-overlay] PASSED [ 37%]
tests/test_feature_placement.py::test_undefined_shares_negative_pool_for_fixed_and_auto[0-19-fixed0-False-circular-split] PASSED [ 37%]
tests/test_feature_placement.py::test_undefined_shares_negative_pool_for_fixed_and_auto[0-19-fixed0-False-linear-overlay] PASSED [ 37%]
tests/test_feature_placement.py::test_undefined_shares_negative_pool_for_fixed_and_auto[0-19-fixed0-True-circular-split] PASSED [ 37%]
tests/test_feature_placement.py::test_undefined_shares_negative_pool_for_fixed_and_auto[0-19-fixed0-True-linear-overlay] PASSED [ 37%]
tests/test_feature_placement.py::test_undefined_shares_negative_pool_for_fixed_and_auto[0-19-fixed1-False-circular-split] PASSED [ 37%]
tests/test_feature_placement.py::test_undefined_shares_negative_pool_for_fixed_and_auto[0-19-fixed1-False-linear-overlay] PASSED [ 37%]
tests/test_feature_placement.py::test_undefined_shares_negative_pool_for_fixed_and_auto[0-19-fixed1-True-circular-split] PASSED [ 37%]
tests/test_feature_placement.py::test_undefined_shares_negative_pool_for_fixed_and_auto[0-19-fixed1-True-linear-overlay] PASSED [ 37%]
tests/test_feature_placement.py::test_undefined_shares_negative_pool_for_fixed_and_auto[0-19-fixed2-False-circular-split] PASSED [ 37%]
tests/test_feature_placement.py::test_undefined_shares_negative_pool_for_fixed_and_auto[0-19-fixed2-False-linear-overlay] PASSED [ 37%]
tests/test_feature_placement.py::test_undefined_shares_negative_pool_for_fixed_and_auto[0-19-fixed2-True-circular-split] PASSED [ 37%]
tests/test_feature_placement.py::test_undefined_shares_negative_pool_for_fixed_and_auto[0-19-fixed2-True-linear-overlay] PASSED [ 37%]
tests/test_feature_placement.py::test_undefined_shares_negative_pool_for_fixed_and_auto[0-19-fixed3-False-circular-split] PASSED [ 37%]
tests/test_feature_placement.py::test_undefined_shares_negative_pool_for_fixed_and_auto[0-19-fixed3-False-linear-overlay] PASSED [ 37%]
tests/test_feature_placement.py::test_undefined_shares_negative_pool_for_fixed_and_auto[0-19-fixed3-True-circular-split] PASSED [ 37%]
tests/test_feature_placement.py::test_undefined_shares_negative_pool_for_fixed_and_auto[0-19-fixed3-True-linear-overlay] PASSED [ 37%]
tests/test_feature_placement.py::test_undefined_shares_negative_pool_for_fixed_and_auto[0-20-fixed0-False-circular-split] PASSED [ 37%]
tests/test_feature_placement.py::test_undefined_shares_negative_pool_for_fixed_and_auto[0-20-fixed0-False-linear-overlay] PASSED [ 37%]
tests/test_feature_placement.py::test_undefined_shares_negative_pool_for_fixed_and_auto[0-20-fixed0-True-circular-split] PASSED [ 37%]
tests/test_feature_placement.py::test_undefined_shares_negative_pool_for_fixed_and_auto[0-20-fixed0-True-linear-overlay] PASSED [ 37%]
tests/test_feature_placement.py::test_undefined_shares_negative_pool_for_fixed_and_auto[0-20-fixed1-False-circular-split] PASSED [ 37%]
tests/test_feature_placement.py::test_undefined_shares_negative_pool_for_fixed_and_auto[0-20-fixed1-False-linear-overlay] PASSED [ 37%]
tests/test_feature_placement.py::test_undefined_shares_negative_pool_for_fixed_and_auto[0-20-fixed1-True-circular-split] PASSED [ 37%]
tests/test_feature_placement.py::test_undefined_shares_negative_pool_for_fixed_and_auto[0-20-fixed1-True-linear-overlay] PASSED [ 37%]
tests/test_feature_placement.py::test_undefined_shares_negative_pool_for_fixed_and_auto[0-20-fixed2-False-circular-split] PASSED [ 37%]
tests/test_feature_placement.py::test_undefined_shares_negative_pool_for_fixed_and_auto[0-20-fixed2-False-linear-overlay] PASSED [ 37%]
tests/test_feature_placement.py::test_undefined_shares_negative_pool_for_fixed_and_auto[0-20-fixed2-True-circular-split] PASSED [ 37%]
tests/test_feature_placement.py::test_undefined_shares_negative_pool_for_fixed_and_auto[0-20-fixed2-True-linear-overlay] PASSED [ 37%]
tests/test_feature_placement.py::test_undefined_shares_negative_pool_for_fixed_and_auto[0-20-fixed3-False-circular-split] PASSED [ 37%]
tests/test_feature_placement.py::test_undefined_shares_negative_pool_for_fixed_and_auto[0-20-fixed3-False-linear-overlay] PASSED [ 37%]
tests/test_feature_placement.py::test_undefined_shares_negative_pool_for_fixed_and_auto[0-20-fixed3-True-circular-split] PASSED [ 37%]
tests/test_feature_placement.py::test_undefined_shares_negative_pool_for_fixed_and_auto[0-20-fixed3-True-linear-overlay] PASSED [ 37%]
tests/test_feature_placement.py::test_resolved_slot_main_and_auto_matrix[False-False-circular-split] PASSED [ 37%]
tests/test_feature_placement.py::test_resolved_slot_main_and_auto_matrix[False-False-circular-inside] PASSED [ 37%]
tests/test_feature_placement.py::test_resolved_slot_main_and_auto_matrix[False-False-circular-outside] PASSED [ 37%]
tests/test_feature_placement.py::test_resolved_slot_main_and_auto_matrix[False-False-linear-overlay] PASSED [ 37%]
tests/test_feature_placement.py::test_resolved_slot_main_and_auto_matrix[False-False-linear-above] PASSED [ 37%]
tests/test_feature_placement.py::test_resolved_slot_main_and_auto_matrix[False-False-linear-below] PASSED [ 37%]
tests/test_feature_placement.py::test_resolved_slot_main_and_auto_matrix[False-True-circular-split] PASSED [ 37%]
tests/test_feature_placement.py::test_resolved_slot_main_and_auto_matrix[False-True-circular-inside] PASSED [ 37%]
tests/test_feature_placement.py::test_resolved_slot_main_and_auto_matrix[False-True-circular-outside] PASSED [ 37%]
tests/test_feature_placement.py::test_resolved_slot_main_and_auto_matrix[False-True-linear-overlay] PASSED [ 37%]
tests/test_feature_placement.py::test_resolved_slot_main_and_auto_matrix[False-True-linear-above] PASSED [ 37%]
tests/test_feature_placement.py::test_resolved_slot_main_and_auto_matrix[False-True-linear-below] PASSED [ 38%]
tests/test_feature_placement.py::test_resolved_slot_main_and_auto_matrix[True-False-circular-split] PASSED [ 38%]
tests/test_feature_placement.py::test_resolved_slot_main_and_auto_matrix[True-False-circular-inside] PASSED [ 38%]
tests/test_feature_placement.py::test_resolved_slot_main_and_auto_matrix[True-False-circular-outside] PASSED [ 38%]
tests/test_feature_placement.py::test_resolved_slot_main_and_auto_matrix[True-False-linear-overlay] PASSED [ 38%]
tests/test_feature_placement.py::test_resolved_slot_main_and_auto_matrix[True-False-linear-above] PASSED [ 38%]
tests/test_feature_placement.py::test_resolved_slot_main_and_auto_matrix[True-False-linear-below] PASSED [ 38%]
tests/test_feature_placement.py::test_resolved_slot_main_and_auto_matrix[True-True-circular-split] PASSED [ 38%]
tests/test_feature_placement.py::test_resolved_slot_main_and_auto_matrix[True-True-circular-inside] PASSED [ 38%]
tests/test_feature_placement.py::test_resolved_slot_main_and_auto_matrix[True-True-circular-outside] PASSED [ 38%]
tests/test_feature_placement.py::test_resolved_slot_main_and_auto_matrix[True-True-linear-overlay] PASSED [ 38%]
tests/test_feature_placement.py::test_resolved_slot_main_and_auto_matrix[True-True-linear-above] PASSED [ 38%]
tests/test_feature_placement.py::test_resolved_slot_main_and_auto_matrix[True-True-linear-below] PASSED [ 38%]
tests/test_feature_placement.py::test_fixed_directional_resolver_matrix_and_distinct_physical_lanes[False-circular-split-outward] PASSED [ 38%]
tests/test_feature_placement.py::test_fixed_directional_resolver_matrix_and_distinct_physical_lanes[False-circular-split-inward] PASSED [ 38%]
tests/test_feature_placement.py::test_fixed_directional_resolver_matrix_and_distinct_physical_lanes[False-linear-overlay-above] PASSED [ 38%]
tests/test_feature_placement.py::test_fixed_directional_resolver_matrix_and_distinct_physical_lanes[False-linear-overlay-below] PASSED [ 38%]
tests/test_feature_placement.py::test_fixed_directional_resolver_matrix_and_distinct_physical_lanes[True-circular-split-outward] PASSED [ 38%]
tests/test_feature_placement.py::test_fixed_directional_resolver_matrix_and_distinct_physical_lanes[True-circular-split-inward] PASSED [ 38%]
tests/test_feature_placement.py::test_fixed_directional_resolver_matrix_and_distinct_physical_lanes[True-linear-overlay-above] PASSED [ 38%]
tests/test_feature_placement.py::test_fixed_directional_resolver_matrix_and_distinct_physical_lanes[True-linear-overlay-below] PASSED [ 38%]
tests/test_feature_placement.py::test_separate_circular_fixed_placement_uses_the_requested_physical_pool[False-outward] PASSED [ 38%]
tests/test_feature_placement.py::test_separate_circular_fixed_placement_uses_the_requested_physical_pool[False-inward] PASSED [ 38%]
tests/test_feature_placement.py::test_separate_circular_fixed_placement_uses_the_requested_physical_pool[True-outward] PASSED [ 38%]
tests/test_feature_placement.py::test_separate_circular_fixed_placement_uses_the_requested_physical_pool[True-inward] PASSED [ 38%]
tests/test_feature_placement.py::test_unsupported_resolved_slot_directions_are_errors[False-circular-inside-False] PASSED [ 38%]
tests/test_feature_placement.py::test_unsupported_resolved_slot_directions_are_errors[False-circular-outside-False] PASSED [ 38%]
tests/test_feature_placement.py::test_unsupported_resolved_slot_directions_are_errors[False-circular-inside-True] PASSED [ 38%]
tests/test_feature_placement.py::test_unsupported_resolved_slot_directions_are_errors[False-circular-outside-True] PASSED [ 38%]
tests/test_feature_placement.py::test_unsupported_resolved_slot_directions_are_errors[False-linear-above-False] PASSED [ 38%]
tests/test_feature_placement.py::test_unsupported_resolved_slot_directions_are_errors[False-linear-below-False] PASSED [ 38%]
tests/test_feature_placement.py::test_unsupported_resolved_slot_directions_are_errors[False-linear-overlay-True] PASSED [ 38%]
tests/test_feature_placement.py::test_unsupported_resolved_slot_directions_are_errors[False-linear-above-True] PASSED [ 38%]
tests/test_feature_placement.py::test_unsupported_resolved_slot_directions_are_errors[False-linear-below-True] PASSED [ 38%]
tests/test_feature_placement.py::test_unsupported_resolved_slot_directions_are_errors[True-circular-inside-False] PASSED [ 38%]
tests/test_feature_placement.py::test_unsupported_resolved_slot_directions_are_errors[True-circular-outside-False] PASSED [ 38%]
tests/test_feature_placement.py::test_unsupported_resolved_slot_directions_are_errors[True-circular-inside-True] PASSED [ 38%]
tests/test_feature_placement.py::test_unsupported_resolved_slot_directions_are_errors[True-circular-outside-True] PASSED [ 38%]
tests/test_feature_placement.py::test_unsupported_resolved_slot_directions_are_errors[True-linear-above-False] PASSED [ 38%]
tests/test_feature_placement.py::test_unsupported_resolved_slot_directions_are_errors[True-linear-below-False] PASSED [ 38%]
tests/test_feature_placement.py::test_unsupported_resolved_slot_directions_are_errors[True-linear-overlay-True] PASSED [ 38%]
tests/test_feature_placement.py::test_unsupported_resolved_slot_directions_are_errors[True-linear-above-True] PASSED [ 38%]
tests/test_feature_placement.py::test_unsupported_resolved_slot_directions_are_errors[True-linear-below-True] PASSED [ 38%]
tests/test_feature_placement.py::test_fixed_conflict_threshold_is_independent_of_resolver[19-main-False] PASSED [ 39%]
tests/test_feature_placement.py::test_fixed_conflict_threshold_is_independent_of_resolver[19-main-True] PASSED [ 39%]
tests/test_feature_placement.py::test_fixed_conflict_threshold_is_independent_of_resolver[19-outward-False] PASSED [ 39%]
tests/test_feature_placement.py::test_fixed_conflict_threshold_is_independent_of_resolver[19-outward-True] PASSED [ 39%]
tests/test_feature_placement.py::test_fixed_conflict_threshold_is_independent_of_resolver[19-inward-False] PASSED [ 39%]
tests/test_feature_placement.py::test_fixed_conflict_threshold_is_independent_of_resolver[19-inward-True] PASSED [ 39%]
tests/test_feature_placement.py::test_fixed_conflict_threshold_is_independent_of_resolver[20-main-False] PASSED [ 39%]
tests/test_feature_placement.py::test_fixed_conflict_threshold_is_independent_of_resolver[20-main-True] PASSED [ 39%]
tests/test_feature_placement.py::test_fixed_conflict_threshold_is_independent_of_resolver[20-outward-False] PASSED [ 39%]
tests/test_feature_placement.py::test_fixed_conflict_threshold_is_independent_of_resolver[20-outward-True] PASSED [ 39%]
tests/test_feature_placement.py::test_fixed_conflict_threshold_is_independent_of_resolver[20-inward-False] PASSED [ 39%]
tests/test_feature_placement.py::test_fixed_conflict_threshold_is_independent_of_resolver[20-inward-True] PASSED [ 39%]
tests/test_feature_placement.py::test_fixed_conflict_threshold_is_independent_of_resolver[21-main-False] PASSED [ 39%]
tests/test_feature_placement.py::test_fixed_conflict_threshold_is_independent_of_resolver[21-main-True] PASSED [ 39%]
tests/test_feature_placement.py::test_fixed_conflict_threshold_is_independent_of_resolver[21-outward-False] PASSED [ 39%]
tests/test_feature_placement.py::test_fixed_conflict_threshold_is_independent_of_resolver[21-outward-True] PASSED [ 39%]
tests/test_feature_placement.py::test_fixed_conflict_threshold_is_independent_of_resolver[21-inward-False] PASSED [ 39%]
tests/test_feature_placement.py::test_fixed_conflict_threshold_is_independent_of_resolver[21-inward-True] PASSED [ 39%]
tests/test_feature_placement.py::test_fixed_opposite_sides_can_overlap_and_auto_off_keeps_nominal[False] PASSED [ 39%]
tests/test_feature_placement.py::test_fixed_opposite_sides_can_overlap_and_auto_off_keeps_nominal[True] PASSED [ 39%]
tests/test_feature_placement.py::test_fresh_auto_removal_and_a_b_a_never_reuse_derived_lanes PASSED [ 39%]
tests/test_feature_placement.py::test_transformed_binding_occupancy_and_source_nonmutation[False-False-None] PASSED [ 39%]
tests/test_feature_placement.py::test_transformed_binding_occupancy_and_source_nonmutation[False-False-1] PASSED [ 39%]
tests/test_feature_placement.py::test_transformed_binding_occupancy_and_source_nonmutation[False-False-51] PASSED [ 39%]
tests/test_feature_placement.py::test_transformed_binding_occupancy_and_source_nonmutation[False-True-None] PASSED [ 39%]
tests/test_feature_placement.py::test_transformed_binding_occupancy_and_source_nonmutation[False-True-1] PASSED [ 39%]
tests/test_feature_placement.py::test_transformed_binding_occupancy_and_source_nonmutation[False-True-51] PASSED [ 39%]
tests/test_feature_placement.py::test_transformed_binding_occupancy_and_source_nonmutation[True-False-None] PASSED [ 39%]
tests/test_feature_placement.py::test_transformed_binding_occupancy_and_source_nonmutation[True-False-1] PASSED [ 39%]
tests/test_feature_placement.py::test_transformed_binding_occupancy_and_source_nonmutation[True-False-51] PASSED [ 39%]
tests/test_feature_placement.py::test_transformed_binding_occupancy_and_source_nonmutation[True-True-None] PASSED [ 39%]
tests/test_feature_placement.py::test_transformed_binding_occupancy_and_source_nonmutation[True-True-1] PASSED [ 39%]
tests/test_feature_placement.py::test_transformed_binding_occupancy_and_source_nonmutation[True-True-51] PASSED [ 39%]
tests/test_feature_placement.py::test_nested_multipart_and_artificial_display_seam_are_one_envelope PASSED [ 39%]
tests/test_feature_placement.py::test_dormant_bindings_reserve_no_foreground_lane_and_reactivate[hidden] PASSED [ 39%]
tests/test_feature_placement.py::test_dormant_bindings_reserve_no_foreground_lane_and_reactivate[underlay] PASSED [ 39%]
tests/test_feature_placement.py::test_dormant_bindings_reserve_no_foreground_lane_and_reactivate[crop_excluded] PASSED [ 39%]
tests/test_feature_placement.py::test_actual_typed_build_transports_instance_context_and_custom_slot[circular-split] PASSED [ 39%]
tests/test_feature_placement.py::test_actual_typed_build_transports_instance_context_and_custom_slot[linear-overlay] PASSED [ 39%]
tests/test_feature_placement.py::test_nondefault_tolerance_preserves_current_wire_and_copy[raw-circular] PASSED [ 39%]
tests/test_feature_placement.py::test_nondefault_tolerance_preserves_current_wire_and_copy[raw-linear] PASSED [ 39%]
tests/test_feature_placement.py::test_nondefault_tolerance_preserves_current_wire_and_copy[typed-circular] PASSED [ 39%]
tests/test_feature_placement.py::test_nondefault_tolerance_preserves_current_wire_and_copy[typed-linear] PASSED [ 39%]
tests/test_feature_placement.py::test_nondefault_tolerance_preserves_current_wire_and_copy[overrides-circular] PASSED [ 40%]
tests/test_feature_placement.py::test_nondefault_tolerance_preserves_current_wire_and_copy[overrides-linear] PASSED [ 40%]
tests/test_feature_placement.py::test_default_tolerance_has_canonical_canvas_owner[circular] PASSED [ 40%]
tests/test_feature_placement.py::test_default_tolerance_has_canonical_canvas_owner[linear] PASSED [ 40%]
tests/test_feature_placement.py::test_manual_origin_wrap_envelope_and_opposite_strand_pool[circular] PASSED [ 40%]
tests/test_feature_placement.py::test_manual_origin_wrap_envelope_and_opposite_strand_pool[linear] PASSED [ 40%]
tests/test_feature_placement.py::test_fixed_first_skips_occupied_directional_lane_and_preserves_auto_priority PASSED [ 40%]
tests/test_feature_placement.py::test_circular_batch_uses_each_item_placement_context PASSED [ 40%]
tests/test_feature_placement.py::test_negative_multipart_requested_side_is_independent_of_native_strand[circular-outward-split] PASSED [ 40%]
tests/test_feature_placement.py::test_negative_multipart_requested_side_is_independent_of_native_strand[circular-inward-split] PASSED [ 40%]
tests/test_feature_placement.py::test_negative_multipart_requested_side_is_independent_of_native_strand[linear-above-overlay] PASSED [ 40%]
tests/test_feature_placement.py::test_negative_multipart_requested_side_is_independent_of_native_strand[linear-below-overlay] PASSED [ 40%]
tests/test_feature_placement.py::test_actual_build_rejects_custom_one_sided_slot_even_under_middle_preset[circular-inside] PASSED [ 40%]
tests/test_feature_placement.py::test_actual_build_rejects_custom_one_sided_slot_even_under_middle_preset[linear-above] PASSED [ 40%]
tests/test_feature_placement.py::test_historical_reader_does_not_admit_nondefault_tolerance[config] PASSED [ 40%]
tests/test_feature_placement.py::test_historical_reader_does_not_admit_nondefault_tolerance[configOverrides] PASSED [ 40%]
tests/test_feature_placement.py::test_actual_build_requires_an_existing_feature_slot[circular] PASSED [ 40%]
tests/test_feature_placement.py::test_actual_build_requires_an_existing_feature_slot[linear] PASSED [ 40%]
tests/test_feature_placement.py::test_final_svg_isolated_secondary_lane_keeps_empty_main[False-circular-outward-horizontal-None-False] PASSED [ 40%]
tests/test_feature_placement.py::test_final_svg_isolated_secondary_lane_keeps_empty_main[False-circular-inward-horizontal-None-False] PASSED [ 40%]
tests/test_feature_placement.py::test_final_svg_isolated_secondary_lane_keeps_empty_main[False-linear-above-auto-None-False] PASSED [ 40%]
tests/test_feature_placement.py::test_final_svg_isolated_secondary_lane_keeps_empty_main[False-linear-below-auto-None-False] PASSED [ 40%]
tests/test_feature_placement.py::test_final_svg_isolated_secondary_lane_keeps_empty_main[False-circular-inward-radial-1301-False] PASSED [ 40%]
tests/test_feature_placement.py::test_final_svg_isolated_secondary_lane_keeps_empty_main[False-circular-outward-radial-1301-True] PASSED [ 40%]
tests/test_feature_placement.py::test_final_svg_isolated_secondary_lane_keeps_empty_main[False-linear-above-above_feature-1301-False] PASSED [ 40%]
tests/test_feature_placement.py::test_final_svg_isolated_secondary_lane_keeps_empty_main[False-linear-below-above_feature-1301-True] PASSED [ 40%]
tests/test_feature_placement.py::test_final_svg_isolated_secondary_lane_keeps_empty_main[True-circular-outward-horizontal-None-False] PASSED [ 40%]
tests/test_feature_placement.py::test_final_svg_isolated_secondary_lane_keeps_empty_main[True-circular-inward-horizontal-None-False] PASSED [ 40%]
tests/test_feature_placement.py::test_final_svg_isolated_secondary_lane_keeps_empty_main[True-linear-above-auto-None-False] PASSED [ 40%]
tests/test_feature_placement.py::test_final_svg_isolated_secondary_lane_keeps_empty_main[True-linear-below-auto-None-False] PASSED [ 40%]
tests/test_feature_placement.py::test_final_svg_isolated_secondary_lane_keeps_empty_main[True-circular-inward-radial-1301-False] PASSED [ 40%]
tests/test_feature_placement.py::test_final_svg_isolated_secondary_lane_keeps_empty_main[True-circular-outward-radial-1301-True] PASSED [ 40%]
tests/test_feature_placement.py::test_final_svg_isolated_secondary_lane_keeps_empty_main[True-linear-above-above_feature-1301-False] PASSED [ 40%]
tests/test_feature_placement.py::test_final_svg_isolated_secondary_lane_keeps_empty_main[True-linear-below-above_feature-1301-True] PASSED [ 40%]
tests/test_feature_placement.py::test_radial_preflight_replans_final_slot_without_stale_assignment PASSED [ 40%]
tests/test_feature_placement.py::test_final_svg_placement_a_b_a_reuses_source_cache[circular-inward] PASSED [ 40%]
tests/test_feature_placement.py::test_final_svg_placement_a_b_a_reuses_source_cache[linear-below] PASSED [ 40%]
tests/test_feature_placement.py::test_final_placement_ribbons_follow_paint_with_four_unit_clearance[False-ribbon-False-None] PASSED [ 40%]
tests/test_feature_placement.py::test_final_placement_ribbons_follow_paint_with_four_unit_clearance[False-ribbon-False-41] PASSED [ 40%]
tests/test_feature_placement.py::test_final_placement_ribbons_follow_paint_with_four_unit_clearance[True-ribbon-False-None] PASSED [ 40%]
tests/test_feature_placement.py::test_final_placement_ribbons_follow_paint_with_four_unit_clearance[True-ribbon-False-41] PASSED [ 40%]
tests/test_feature_placement.py::test_final_placement_ribbons_follow_paint_with_four_unit_clearance[True-curve-False-None] PASSED [ 40%]
tests/test_feature_placement.py::test_final_placement_ribbons_follow_paint_with_four_unit_clearance[True-curve-False-41] PASSED [ 40%]
tests/test_feature_placement.py::test_final_placement_ribbons_follow_paint_with_four_unit_clearance[True-curve-True-None] PASSED [ 41%]
tests/test_feature_placement.py::test_final_placement_ribbons_follow_paint_with_four_unit_clearance[True-curve-True-41] PASSED [ 41%]
tests/test_feature_placement.py::test_circular_existing_cli_keeps_separate_strand_resolver PASSED [ 41%]
tests/test_feature_placement.py::test_final_svg_undefined_uses_negative_geometry_pool[False-None-circular] PASSED [ 41%]
tests/test_feature_placement.py::test_final_svg_undefined_uses_negative_geometry_pool[False-None-linear] PASSED [ 41%]
tests/test_feature_placement.py::test_final_svg_undefined_uses_negative_geometry_pool[False-0-circular] PASSED [ 41%]
tests/test_feature_placement.py::test_final_svg_undefined_uses_negative_geometry_pool[False-0-linear] PASSED [ 41%]
tests/test_feature_placement.py::test_final_svg_undefined_uses_negative_geometry_pool[True-None-circular] PASSED [ 41%]
tests/test_feature_placement.py::test_final_svg_undefined_uses_negative_geometry_pool[True-None-linear] PASSED [ 41%]
tests/test_feature_placement.py::test_final_svg_undefined_uses_negative_geometry_pool[True-0-circular] PASSED [ 41%]
tests/test_feature_placement.py::test_final_svg_undefined_uses_negative_geometry_pool[True-0-linear] PASSED [ 41%]
tests/test_feature_placement.py::test_conflicting_custom_slot_is_rejected_before_radial_reflow PASSED [ 41%]
tests/test_feature_placement.py::test_final_svg_intron_child_reserves_main_against_whole_parent[False-circular] PASSED [ 41%]
tests/test_feature_placement.py::test_final_svg_intron_child_reserves_main_against_whole_parent[False-linear] PASSED [ 41%]
tests/test_feature_placement.py::test_final_svg_intron_child_reserves_main_against_whole_parent[True-circular] PASSED [ 41%]
tests/test_feature_placement.py::test_final_svg_intron_child_reserves_main_against_whole_parent[True-linear] PASSED [ 41%]
tests/test_feature_selector_values.py::test_selector_values_match_visibility_supported_selectors PASSED [ 41%]
tests/test_feature_selector_values.py::test_selector_values_match_compound_location_semantics PASSED [ 41%]
tests/test_feature_selector_values.py::test_selector_values_normalize_strand_tokens PASSED [ 41%]
tests/test_feature_selector_values.py::test_selector_values_do_not_invent_display_id_or_name_qualifiers PASSED [ 41%]
tests/test_feature_shapes.py::test_parse_feature_shape_assignment_valid PASSED [ 41%]
tests/test_feature_shapes.py::test_feature_rendering_defaults_and_resolvers PASSED [ 41%]
tests/test_feature_shapes.py::test_python_and_web_feature_rendering_defaults_stay_in_sync PASSED [ 41%]
tests/test_feature_shapes.py::test_parse_feature_shape_assignment_invalid[CDSarrow] PASSED [ 41%]
tests/test_feature_shapes.py::test_parse_feature_shape_assignment_invalid[=arrow] PASSED [ 41%]
tests/test_feature_shapes.py::test_parse_feature_shape_assignment_invalid[CDS=] PASSED [ 41%]
tests/test_feature_shapes.py::test_parse_feature_shape_assignment_invalid[CDS=arrowhead] PASSED [ 41%]
tests/test_feature_shapes.py::test_parse_feature_shape_assignment_invalid[CDS=triangle] PASSED [ 41%]
tests/test_feature_shapes.py::test_parse_feature_shape_overrides_last_wins PASSED [ 41%]
tests/test_feature_shapes.py::test_resolve_directional_feature_types_with_overrides PASSED [ 41%]
tests/test_feature_shapes.py::test_feature_object_glyph_is_the_directionality_source_of_truth PASSED [ 41%]
tests/test_feature_shapes.py::test_create_feature_dict_applies_directional_feature_types PASSED [ 41%]
tests/test_feature_shapes.py::test_create_feature_layers_partitions_underlays_before_lane_assignment PASSED [ 41%]
tests/test_feature_shapes.py::test_explicit_repeat_foreground_rendering[rectangle] PASSED [ 41%]
tests/test_feature_shapes.py::test_explicit_repeat_foreground_rendering[arrow] PASSED [ 41%]
tests/test_feature_shapes.py::test_typed_options_validate_and_normalize_feature_shapes[CircularDiagramOptions] PASSED [ 41%]
tests/test_feature_shapes.py::test_typed_options_validate_and_normalize_feature_shapes[LinearDiagramOptions] PASSED [ 41%]
tests/test_feature_shapes.py::test_linear_feature_paths_change_with_directionality PASSED [ 41%]
tests/test_feature_shapes.py::test_circular_feature_paths_change_with_directionality PASSED [ 41%]
tests/test_feature_shapes.py::test_hmmtdna_origin_spanning_d_loop_arrow_renders_as_single_block PASSED [ 41%]
tests/test_feature_shapes.py::test_linear_multipart_feature_paths_have_unique_dom_ids_and_shared_feature_id PASSED [ 41%]
tests/test_feature_shapes.py::test_linear_multipart_features_with_shared_first_exon_get_distinct_feature_ids PASSED [ 41%]
tests/test_feature_shapes.py::test_circular_multipart_feature_connector_shares_feature_id PASSED [ 41%]
tests/test_feature_shapes.py::test_circular_cli_feature_shape_forwards PASSED [ 41%]
tests/test_feature_shapes.py::test_linear_cli_feature_shape_forwards PASSED [ 42%]
tests/test_feature_shapes.py::test_cli_feature_shape_validation[cmd_args0-_get_args0] PASSED [ 42%]
tests/test_feature_shapes.py::test_cli_feature_shape_validation[cmd_args0-_get_args1] PASSED [ 42%]
tests/test_feature_shapes.py::test_cli_feature_shape_validation[cmd_args1-_get_args0] PASSED [ 42%]
tests/test_feature_shapes.py::test_cli_feature_shape_validation[cmd_args1-_get_args1] PASSED [ 42%]
tests/test_feature_shapes.py::test_cli_feature_shape_validation[cmd_args2-_get_args0] PASSED [ 42%]
tests/test_feature_shapes.py::test_cli_feature_shape_validation[cmd_args2-_get_args1] PASSED [ 42%]
tests/test_feature_shapes.py::test_cli_arrow_geometry_validation[option_and_value0-_get_args0] PASSED [ 42%]
tests/test_feature_shapes.py::test_cli_arrow_geometry_validation[option_and_value0-_get_args1] PASSED [ 42%]
tests/test_feature_shapes.py::test_cli_arrow_geometry_validation[option_and_value1-_get_args0] PASSED [ 42%]
tests/test_feature_shapes.py::test_cli_arrow_geometry_validation[option_and_value1-_get_args1] PASSED [ 42%]
tests/test_feature_shapes.py::test_cli_arrow_geometry_validation[option_and_value2-_get_args0] PASSED [ 42%]
tests/test_feature_shapes.py::test_cli_arrow_geometry_validation[option_and_value2-_get_args1] PASSED [ 42%]
tests/test_feature_shapes.py::test_cli_arrow_geometry_validation[option_and_value3-_get_args0] PASSED [ 42%]
tests/test_feature_shapes.py::test_cli_arrow_geometry_validation[option_and_value3-_get_args1] PASSED [ 42%]
tests/test_feature_shapes.py::test_cli_arrow_geometry_validation[option_and_value4-_get_args0] PASSED [ 42%]
tests/test_feature_shapes.py::test_cli_arrow_geometry_validation[option_and_value4-_get_args1] PASSED [ 42%]
tests/test_feature_shapes.py::test_cli_arrow_geometry_validation[option_and_value5-_get_args0] PASSED [ 42%]
tests/test_feature_shapes.py::test_cli_arrow_geometry_validation[option_and_value5-_get_args1] PASSED [ 42%]
tests/test_feature_tracks.py::test_get_feature_ends_negative_multipart_is_not_origin_spanning PASSED [ 42%]
tests/test_feature_tracks.py::test_get_feature_ends_detects_origin_spanning_when_touching_both_edges PASSED [ 42%]
tests/test_feature_tracks.py::test_arrange_feature_tracks_avoids_false_displacement_for_negative_multipart PASSED [ 42%]
tests/test_feature_tracks.py::test_arrange_feature_tracks_non_stranded_resolve_keeps_legacy_indices_when_split_disabled PASSED [ 42%]
tests/test_feature_tracks.py::test_arrange_feature_tracks_non_stranded_resolve_splits_inner_outer_indices PASSED [ 42%]
tests/test_feature_tracks.py::test_arrange_feature_tracks_indexes_origin_spanning_features_conservatively PASSED [ 42%]
tests/test_feature_tracks.py::test_arrange_feature_tracks_treats_touching_intervals_as_non_overlapping PASSED [ 42%]
tests/test_feature_tracks.py::test_arrange_feature_tracks_origin_span_can_touch_neighbor_without_overlap PASSED [ 42%]
tests/test_feature_tracks.py::test_arrange_feature_tracks_raises_when_all_feature_lanes_are_occupied PASSED [ 42%]
tests/test_feature_tracks.py::test_shared_overlap_length_and_tolerance_boundary PASSED [ 42%]
tests/test_feature_tracks.py::test_undefined_negative_collision_uses_one_pool_in_both_orders[19] PASSED [ 42%]
tests/test_feature_tracks.py::test_undefined_negative_collision_uses_one_pool_in_both_orders[20] PASSED [ 42%]
tests/test_feature_tracks.py::test_every_auto_path_uses_shared_tolerance[False-False-positive-0-0] PASSED [ 42%]
tests/test_feature_tracks.py::test_every_auto_path_uses_shared_tolerance[False-False-positive-0-1] PASSED [ 42%]
tests/test_feature_tracks.py::test_every_auto_path_uses_shared_tolerance[False-False-positive-0-2] PASSED [ 42%]
tests/test_feature_tracks.py::test_every_auto_path_uses_shared_tolerance[False-False-positive-0-3] PASSED [ 42%]
tests/test_feature_tracks.py::test_every_auto_path_uses_shared_tolerance[False-False-positive-1-0] PASSED [ 42%]
tests/test_feature_tracks.py::test_every_auto_path_uses_shared_tolerance[False-False-positive-1-1] PASSED [ 42%]
tests/test_feature_tracks.py::test_every_auto_path_uses_shared_tolerance[False-False-positive-1-2] PASSED [ 42%]
tests/test_feature_tracks.py::test_every_auto_path_uses_shared_tolerance[False-False-positive-1-3] PASSED [ 42%]
tests/test_feature_tracks.py::test_every_auto_path_uses_shared_tolerance[False-False-positive-2-0] PASSED [ 42%]
tests/test_feature_tracks.py::test_every_auto_path_uses_shared_tolerance[False-False-positive-2-1] PASSED [ 42%]
tests/test_feature_tracks.py::test_every_auto_path_uses_shared_tolerance[False-False-positive-2-2] PASSED [ 42%]
tests/test_feature_tracks.py::test_every_auto_path_uses_shared_tolerance[False-False-positive-2-3] PASSED [ 42%]
tests/test_feature_tracks.py::test_every_auto_path_uses_shared_tolerance[True-False-negative-0-0] PASSED [ 43%]
tests/test_feature_tracks.py::test_every_auto_path_uses_shared_tolerance[True-False-negative-0-1] PASSED [ 43%]
tests/test_feature_tracks.py::test_every_auto_path_uses_shared_tolerance[True-False-negative-0-2] PASSED [ 43%]
tests/test_feature_tracks.py::test_every_auto_path_uses_shared_tolerance[True-False-negative-0-3] PASSED [ 43%]
tests/test_feature_tracks.py::test_every_auto_path_uses_shared_tolerance[True-False-negative-1-0] PASSED [ 43%]
tests/test_feature_tracks.py::test_every_auto_path_uses_shared_tolerance[True-False-negative-1-1] PASSED [ 43%]
tests/test_feature_tracks.py::test_every_auto_path_uses_shared_tolerance[True-False-negative-1-2] PASSED [ 43%]
tests/test_feature_tracks.py::test_every_auto_path_uses_shared_tolerance[True-False-negative-1-3] PASSED [ 43%]
tests/test_feature_tracks.py::test_every_auto_path_uses_shared_tolerance[True-False-negative-2-0] PASSED [ 43%]
tests/test_feature_tracks.py::test_every_auto_path_uses_shared_tolerance[True-False-negative-2-1] PASSED [ 43%]
tests/test_feature_tracks.py::test_every_auto_path_uses_shared_tolerance[True-False-negative-2-2] PASSED [ 43%]
tests/test_feature_tracks.py::test_every_auto_path_uses_shared_tolerance[True-False-negative-2-3] PASSED [ 43%]
tests/test_feature_tracks.py::test_every_auto_path_uses_shared_tolerance[True-False-positive-0-0] PASSED [ 43%]
tests/test_feature_tracks.py::test_every_auto_path_uses_shared_tolerance[True-False-positive-0-1] PASSED [ 43%]
tests/test_feature_tracks.py::test_every_auto_path_uses_shared_tolerance[True-False-positive-0-2] PASSED [ 43%]
tests/test_feature_tracks.py::test_every_auto_path_uses_shared_tolerance[True-False-positive-0-3] PASSED [ 43%]
tests/test_feature_tracks.py::test_every_auto_path_uses_shared_tolerance[True-False-positive-1-0] PASSED [ 43%]
tests/test_feature_tracks.py::test_every_auto_path_uses_shared_tolerance[True-False-positive-1-1] PASSED [ 43%]
tests/test_feature_tracks.py::test_every_auto_path_uses_shared_tolerance[True-False-positive-1-2] PASSED [ 43%]
tests/test_feature_tracks.py::test_every_auto_path_uses_shared_tolerance[True-False-positive-1-3] PASSED [ 43%]
tests/test_feature_tracks.py::test_every_auto_path_uses_shared_tolerance[True-False-positive-2-0] PASSED [ 43%]
tests/test_feature_tracks.py::test_every_auto_path_uses_shared_tolerance[True-False-positive-2-1] PASSED [ 43%]
tests/test_feature_tracks.py::test_every_auto_path_uses_shared_tolerance[True-False-positive-2-2] PASSED [ 43%]
tests/test_feature_tracks.py::test_every_auto_path_uses_shared_tolerance[True-False-positive-2-3] PASSED [ 43%]
tests/test_feature_tracks.py::test_every_auto_path_uses_shared_tolerance[False-True-negative-0-0] PASSED [ 43%]
tests/test_feature_tracks.py::test_every_auto_path_uses_shared_tolerance[False-True-negative-0-1] PASSED [ 43%]
tests/test_feature_tracks.py::test_every_auto_path_uses_shared_tolerance[False-True-negative-0-2] PASSED [ 43%]
tests/test_feature_tracks.py::test_every_auto_path_uses_shared_tolerance[False-True-negative-0-3] PASSED [ 43%]
tests/test_feature_tracks.py::test_every_auto_path_uses_shared_tolerance[False-True-negative-1-0] PASSED [ 43%]
tests/test_feature_tracks.py::test_every_auto_path_uses_shared_tolerance[False-True-negative-1-1] PASSED [ 43%]
tests/test_feature_tracks.py::test_every_auto_path_uses_shared_tolerance[False-True-negative-1-2] PASSED [ 43%]
tests/test_feature_tracks.py::test_every_auto_path_uses_shared_tolerance[False-True-negative-1-3] PASSED [ 43%]
tests/test_feature_tracks.py::test_every_auto_path_uses_shared_tolerance[False-True-negative-2-0] PASSED [ 43%]
tests/test_feature_tracks.py::test_every_auto_path_uses_shared_tolerance[False-True-negative-2-1] PASSED [ 43%]
tests/test_feature_tracks.py::test_every_auto_path_uses_shared_tolerance[False-True-negative-2-2] PASSED [ 43%]
tests/test_feature_tracks.py::test_every_auto_path_uses_shared_tolerance[False-True-negative-2-3] PASSED [ 43%]
tests/test_feature_tracks.py::test_every_auto_path_uses_shared_tolerance[False-True-positive-0-0] PASSED [ 43%]
tests/test_feature_tracks.py::test_every_auto_path_uses_shared_tolerance[False-True-positive-0-1] PASSED [ 43%]
tests/test_feature_tracks.py::test_every_auto_path_uses_shared_tolerance[False-True-positive-0-2] PASSED [ 43%]
tests/test_feature_tracks.py::test_every_auto_path_uses_shared_tolerance[False-True-positive-0-3] PASSED [ 43%]
tests/test_feature_tracks.py::test_every_auto_path_uses_shared_tolerance[False-True-positive-1-0] PASSED [ 43%]
tests/test_feature_tracks.py::test_every_auto_path_uses_shared_tolerance[False-True-positive-1-1] PASSED [ 43%]
tests/test_feature_tracks.py::test_every_auto_path_uses_shared_tolerance[False-True-positive-1-2] PASSED [ 43%]
tests/test_feature_tracks.py::test_every_auto_path_uses_shared_tolerance[False-True-positive-1-3] PASSED [ 44%]
tests/test_feature_tracks.py::test_every_auto_path_uses_shared_tolerance[False-True-positive-2-0] PASSED [ 44%]
tests/test_feature_tracks.py::test_every_auto_path_uses_shared_tolerance[False-True-positive-2-1] PASSED [ 44%]
tests/test_feature_tracks.py::test_every_auto_path_uses_shared_tolerance[False-True-positive-2-2] PASSED [ 44%]
tests/test_feature_tracks.py::test_every_auto_path_uses_shared_tolerance[False-True-positive-2-3] PASSED [ 44%]
tests/test_feature_tracks.py::test_fixed_reservations_keep_index_candidate_filter PASSED [ 44%]
tests/test_feature_tracks.py::test_auto_retains_all_100_lanes_with_fixed_first[False-False] PASSED [ 44%]
tests/test_feature_tracks.py::test_auto_retains_all_100_lanes_with_fixed_first[False-True] PASSED [ 44%]
tests/test_feature_tracks.py::test_auto_retains_all_100_lanes_with_fixed_first[True-False] PASSED [ 44%]
tests/test_feature_tracks.py::test_auto_retains_all_100_lanes_with_fixed_first[True-True] PASSED [ 44%]
tests/test_feature_underlay_rendering.py::test_linear_underlay_preserves_public_axis_sides[axis-start] PASSED [ 44%]
tests/test_feature_underlay_rendering.py::test_linear_underlay_preserves_public_axis_sides[axis-middle-incident] PASSED [ 44%]
tests/test_feature_underlay_rendering.py::test_linear_underlay_preserves_public_axis_sides[axis-end] PASSED [ 44%]
tests/test_feature_underlay_rendering.py::test_linear_underlay_with_axis_omitted_keeps_explicit_sides PASSED [ 44%]
tests/test_feature_underlay_rendering.py::test_linear_multi_record_underlay_keeps_axis_during_final_relayout PASSED [ 44%]
tests/test_feature_underlay_rendering.py::test_default_repeat_underlay_has_feature_identity_and_paints_first[circular] PASSED [ 44%]
tests/test_feature_underlay_rendering.py::test_default_repeat_underlay_has_feature_identity_and_paints_first[linear] PASSED [ 44%]
tests/test_feature_underlay_rendering.py::test_underlays_keep_each_specific_color_rule_fill[circular] PASSED [ 44%]
tests/test_feature_underlay_rendering.py::test_underlays_keep_each_specific_color_rule_fill[linear] PASSED [ 44%]
tests/test_feature_underlay_rendering.py::test_empty_feature_color_keeps_defensive_underlay_fill PASSED [ 44%]
tests/test_feature_underlay_rendering.py::test_compound_underlay_preserves_blocks_without_connector[circular] PASSED [ 44%]
tests/test_feature_underlay_rendering.py::test_compound_underlay_preserves_blocks_without_connector[linear] PASSED [ 44%]
tests/test_feature_underlay_rendering.py::test_underlay_uses_actual_custom_feature_slot[circular] PASSED [ 44%]
tests/test_feature_underlay_rendering.py::test_underlay_uses_actual_custom_feature_slot[linear] PASSED [ 44%]
tests/test_feature_underlay_rendering.py::test_visible_underlay_requires_enabled_feature_slot[circular] PASSED [ 44%]
tests/test_feature_underlay_rendering.py::test_visible_underlay_requires_enabled_feature_slot[linear] PASSED [ 44%]
tests/test_feature_underlay_rendering.py::test_explicit_repeat_rectangle_disables_private_underlay[circular] PASSED [ 44%]
tests/test_feature_underlay_rendering.py::test_explicit_repeat_rectangle_disables_private_underlay[linear] PASSED [ 44%]
tests/test_feature_visibility.py::test_read_feature_visibility_file_ok PASSED [ 44%]
tests/test_feature_visibility.py::test_read_feature_visibility_file_missing_columns_raises_validation_error PASSED [ 44%]
tests/test_feature_visibility.py::test_read_feature_visibility_file_extra_columns_raises_parse_error PASSED [ 44%]
tests/test_feature_visibility.py::test_read_feature_visibility_file_not_found_raises_input_file_error PASSED [ 44%]
tests/test_feature_visibility.py::test_compile_feature_visibility_rules_skips_header_and_normalizes_actions PASSED [ 44%]
tests/test_feature_visibility.py::test_compile_feature_visibility_rules_warns_for_deprecated_suppress PASSED [ 44%]
tests/test_feature_visibility.py::test_compile_feature_visibility_rules_invalid_regex_raises_parse_error PASSED [ 44%]
tests/test_feature_visibility.py::test_compile_feature_visibility_rules_invalid_action_raises_validation_error PASSED [ 44%]
tests/test_feature_visibility.py::test_compile_feature_visibility_rules_rejects_bare_exclude PASSED [ 44%]
tests/test_feature_visibility.py::test_should_render_feature_matches_supported_qualifiers[hash-^f[0-9a-f]{8}$] PASSED [ 44%]
tests/test_feature_visibility.py::test_should_render_feature_matches_supported_qualifiers[location-^10\\.\\.90$] PASSED [ 44%]
tests/test_feature_visibility.py::test_should_render_feature_matches_supported_qualifiers[record_location-^rec1:10\\.\\.90:\\+$] PASSED [ 44%]
tests/test_feature_visibility.py::test_should_render_feature_matches_supported_qualifiers[gene-^geneA$] PASSED [ 44%]
tests/test_feature_visibility.py::test_should_render_feature_first_match_wins PASSED [ 44%]
tests/test_feature_visibility.py::test_should_render_feature_exclude_matching_preserves_base_drawing_decision PASSED [ 44%]
tests/test_feature_visibility.py::test_should_include_feature_in_analysis_off_and_exclude_matching_exclude PASSED [ 45%]
tests/test_feature_visibility.py::test_should_include_feature_in_analysis_first_match_wins PASSED [ 45%]
tests/test_feature_visibility.py::test_should_render_feature_feature_object_origin_spanning_hash_rule_matches PASSED [ 45%]
tests/test_feature_visibility.py::test_should_render_feature_feature_object_origin_spanning_record_location_rule_matches PASSED [ 45%]
tests/test_feature_visibility.py::test_create_feature_dict_applies_show_and_off_overrides PASSED [ 45%]
tests/test_feature_visibility.py::test_legend_presence_and_color_usage_follow_visibility_rules PASSED [ 45%]
tests/test_feature_visibility.py::test_specific_color_rule_draws_matching_feature_outside_selected_types PASSED [ 45%]
tests/test_feature_visibility.py::test_specific_color_rule_can_reveal_unselected_underlay_with_resolved_color PASSED [ 45%]
tests/test_feature_visibility.py::test_extract_cds_proteins_off_and_exclude_matching_remove_cds PASSED [ 45%]
tests/test_feature_visibility.py::test_extract_features_from_genbank_json_applies_visibility_table PASSED [ 45%]
tests/test_feature_visibility.py::test_resolve_candidate_feature_types_uses_concrete_table_types PASSED [ 45%]
tests/test_feature_visibility.py::test_resolve_candidate_feature_types_wildcard_requests_all_features PASSED [ 45%]
tests/test_feature_visibility.py::test_legend_partition_tracks_actual_rule_membership[L-C1-default-CDS] PASSED [ 45%]
tests/test_feature_visibility.py::test_legend_partition_tracks_actual_rule_membership[L-C2-matched-CDS-and-remainder] PASSED [ 45%]
tests/test_feature_visibility.py::test_legend_partition_tracks_actual_rule_membership[L-C3-unused-rule] PASSED [ 45%]
tests/test_feature_visibility.py::test_legend_partition_tracks_actual_rule_membership[non-CDS-control] PASSED [ 45%]
tests/test_feature_visibility.py::test_prepare_legend_table_falls_back_to_default_color_for_gene_other_entry PASSED [ 45%]
tests/test_feature_visibility.py::test_prepare_legend_table_skips_gene_other_entry_without_default_usage PASSED [ 45%]
tests/test_feature_visibility.py::test_prepare_legend_table_plain_gene_entry_uses_default_fallback_color PASSED [ 45%]
tests/test_feature_visibility.py::test_circular_cli_feature_visibility_table_is_forwarded PASSED [ 45%]
tests/test_feature_visibility.py::test_linear_cli_feature_visibility_table_is_forwarded PASSED [ 45%]
tests/test_feature_visibility.py::test_circular_gff_loader_uses_candidate_features_when_feature_visibility_table_given PASSED [ 45%]
tests/test_feature_visibility.py::test_linear_gff_loader_uses_candidate_features_when_feature_visibility_table_given PASSED [ 45%]
tests/test_gallery_capture_contracts.py::test_linear_comparison_panels_capture_the_command_and_current_status PASSED [ 45%]
tests/test_gallery_capture_contracts.py::test_losatp_mode_captures_show_both_levels[BGC0000708-BGC0000713] PASSED [ 45%]
tests/test_gallery_capture_contracts.py::test_losatp_mode_captures_show_both_levels[hepatoplasmataceae_orthogroup] PASSED [ 45%]
tests/test_gallery_capture_contracts.py::test_losatp_mode_captures_show_both_levels[hepatoplasmataceae_collinear] PASSED [ 45%]
tests/test_gallery_capture_contracts.py::test_losatp_mode_captures_show_both_levels[majanivirus_orthogroup] PASSED [ 45%]
tests/test_gallery_capture_contracts.py::test_losatp_mode_captures_show_both_levels[vibrio-harveyi-group-collinear] PASSED [ 45%]
tests/test_gallery_capture_contracts.py::test_linear_comparison_tutorials_do_not_use_the_retired_search_method_api PASSED [ 45%]
tests/test_gallery_capture_contracts.py::test_first_linear_comparison_boundary_has_an_exact_capture_contract PASSED [ 45%]
tests/test_gallery_capture_contracts.py::test_first_raw_result_has_an_exact_advanced_capture_contract PASSED [ 45%]
tests/test_gallery_capture_contracts.py::test_vibrio_capture_keeps_publication_comparisons_active PASSED [ 45%]
tests/test_gallery_capture_contracts.py::test_layout_sensitive_gallery_results_have_exact_capture_contracts[HmmtDNA_basic_circular] PASSED [ 45%]
tests/test_gallery_capture_contracts.py::test_layout_sensitive_gallery_results_have_exact_capture_contracts[lambda_basic_linear] PASSED [ 45%]
tests/test_gallery_capture_contracts.py::test_layout_sensitive_gallery_results_have_exact_capture_contracts[tobacco-chloroplast] PASSED [ 45%]
tests/test_gallery_capture_contracts.py::test_layout_sensitive_gallery_results_have_exact_capture_contracts[Vnig_TUMSAT-TG-2018] PASSED [ 45%]
tests/test_gallery_capture_contracts.py::test_layout_sensitive_gallery_results_have_exact_capture_contracts[vibrio-harveyi-group-collinear] PASSED [ 45%]
tests/test_gallery_capture_contracts.py::test_layout_sensitive_gallery_results_have_exact_capture_contracts[HmmtDNA_ATskew] PASSED [ 45%]
tests/test_gallery_capture_contracts.py::test_basic_gallery_operations_have_owned_semantic_capture_contracts[HmmtDNA_basic_circular] PASSED [ 45%]
tests/test_gallery_capture_contracts.py::test_basic_gallery_operations_have_owned_semantic_capture_contracts[lambda_basic_linear] PASSED [ 45%]
tests/test_gallery_capture_contracts.py::test_basic_gallery_capture_session_contains_the_named_record[HmmtDNA_basic_circular] PASSED [ 45%]
tests/test_gallery_capture_contracts.py::test_basic_gallery_capture_session_contains_the_named_record[lambda_basic_linear] PASSED [ 45%]
tests/test_gallery_capture_contracts.py::test_ready_gallery_media_passes_capture_contract_validation PASSED [ 45%]
tests/test_gallery_capture_contracts.py::test_data_dependent_capture_rejects_cross_example_media PASSED [ 46%]
tests/test_gallery_capture_contracts.py::test_cross_example_media_is_explicitly_generic PASSED [ 46%]
tests/test_gallery_capture_contracts.py::test_web_app_readiness_waits_for_palette_without_starting_worker PASSED [ 46%]
tests/test_gallery_publication_performance.py::test_fixed_gallery_performance_baseline_enforces_125_percent_gate PASSED [ 46%]
tests/test_gallery_publication_performance.py::test_runtime_baseline_compares_trials_from_the_same_environment PASSED [ 46%]
tests/test_gallery_publication_performance.py::test_complete_refresh_performance_gate_is_manual_only PASSED [ 46%]
tests/test_gallery_publication_performance.py::test_projection_failure_retains_all_trials_and_measures_fixed_base[peakRssKiB] PASSED [ 46%]
tests/test_gallery_publication_performance.py::test_projection_failure_retains_all_trials_and_measures_fixed_base[wallSeconds] PASSED [ 46%]
tests/test_gallery_publication_performance.py::test_gallery_gate_rejects_other_trial_counts[0] PASSED [ 46%]
tests/test_gallery_publication_performance.py::test_gallery_gate_rejects_other_trial_counts[1] PASSED [ 46%]
tests/test_gallery_publication_performance.py::test_gallery_gate_rejects_other_trial_counts[2] PASSED [ 46%]
tests/test_gallery_publication_performance.py::test_gallery_gate_rejects_other_trial_counts[4] PASSED [ 46%]
tests/test_gallery_session_semantics.py::test_gallery_sessions_do_not_persist_overwrite_permission[HmmtDNA_basic_circular] PASSED [ 46%]
tests/test_gallery_session_semantics.py::test_gallery_sessions_do_not_persist_overwrite_permission[lambda_basic_linear] PASSED [ 46%]
tests/test_gallery_session_semantics.py::test_gallery_sessions_do_not_persist_overwrite_permission[HmmtDNA_ATskew] PASSED [ 46%]
tests/test_gallery_session_semantics.py::test_gallery_sessions_do_not_persist_overwrite_permission[tobacco-chloroplast] PASSED [ 46%]
tests/test_gallery_session_semantics.py::test_gallery_sessions_do_not_persist_overwrite_permission[Vnig_TUMSAT-TG-2018] PASSED [ 46%]
tests/test_gallery_session_semantics.py::test_gallery_sessions_do_not_persist_overwrite_permission[hepatoplasmataceae_collinear] PASSED [ 46%]
tests/test_gallery_session_semantics.py::test_gallery_sessions_do_not_persist_overwrite_permission[vibrio-harveyi-group-collinear] PASSED [ 46%]
tests/test_gallery_session_semantics.py::test_gallery_sessions_do_not_persist_overwrite_permission[hepatoplasmataceae_orthogroup] PASSED [ 46%]
tests/test_gallery_session_semantics.py::test_gallery_sessions_do_not_persist_overwrite_permission[BGC0000708-BGC0000713] PASSED [ 46%]
tests/test_gallery_session_semantics.py::test_gallery_sessions_do_not_persist_overwrite_permission[majanivirus_orthogroup] PASSED [ 46%]
tests/test_gallery_session_semantics.py::test_lambda_basic_linear_gallery_session_opts_out_of_comparisons PASSED [ 46%]
tests/test_gallery_session_semantics.py::test_hmmt_at_skew_session_keeps_tracks_palette_and_gene_labels PASSED [ 46%]
tests/test_gallery_session_semantics.py::test_hmmt_at_skew_session_and_visuals_keep_middle_feature_placement PASSED [ 46%]
tests/test_gallery_session_semantics.py::test_bgc_gallery_session_keeps_curated_presentation_and_styles PASSED [ 46%]
tests/test_gallery_session_semantics.py::test_majanivirus_gallery_session_keeps_record_labels_and_color_rules PASSED [ 46%]
tests/test_gallery_session_semantics.py::test_gallery_sessions_keep_precomputed_comparisons_and_orthogroups[hepatoplasmataceae_collinear-5-4-554] PASSED [ 46%]
tests/test_gallery_session_semantics.py::test_gallery_sessions_keep_precomputed_comparisons_and_orthogroups[hepatoplasmataceae_orthogroup-5-4-577] PASSED [ 46%]
tests/test_gallery_session_semantics.py::test_gallery_sessions_keep_precomputed_comparisons_and_orthogroups[majanivirus_orthogroup-9-8-152] PASSED [ 46%]
tests/test_gallery_session_semantics.py::test_hepatoplasmataceae_gallery_keeps_shared_track_spacing[hepatoplasmataceae_collinear] PASSED [ 46%]
tests/test_gallery_session_semantics.py::test_hepatoplasmataceae_gallery_keeps_shared_track_spacing[hepatoplasmataceae_orthogroup] PASSED [ 46%]
tests/test_gallery_session_semantics.py::test_hepatoplasmataceae_comparison_modes_share_record_local_track_geometry PASSED [ 46%]
tests/test_gc_content_percent.py::test_gc_content_config_defaults_preserve_deviation_mode PASSED [ 46%]
tests/test_gc_content_percent.py::test_gc_content_config_rejects_invalid_mode_ranges_and_ticks PASSED [ 46%]
tests/test_gc_content_percent.py::test_circular_dinucleotide_content_df_centers_window_at_origin PASSED [ 46%]
tests/test_gc_content_percent.py::test_circular_dinucleotide_content_df_handles_windows_larger_than_record PASSED [ 46%]
tests/test_gc_content_percent.py::test_gc_content_percent_df_preserves_source_percent_and_clips_normalized_values PASSED [ 46%]
tests/test_gc_content_percent.py::test_circular_gc_content_percent_mode_adds_percent_axis_without_depth_axis PASSED [ 46%]
tests/test_gc_content_percent.py::test_linear_gc_content_percent_mode_adds_percent_axis_without_depth_axis PASSED [ 46%]
tests/test_gc_content_percent.py::test_linear_gc_content_percent_mode_reserves_full_height_before_gc_skew PASSED [ 46%]
tests/test_gc_content_percent.py::test_default_gc_content_deviation_mode_does_not_emit_percent_axis PASSED [ 46%]
tests/test_gc_content_percent.py::test_circular_gc_content_percent_container_ids_are_slot_scoped PASSED [ 46%]
tests/test_gc_content_percent.py::test_circular_scalar_area_closure_is_opt_in_for_depth_paths PASSED [ 47%]
tests/test_gc_content_percent.py::test_circular_gc_content_percent_axis_inherits_depth_tick_font_size PASSED [ 47%]
tests/test_gc_content_percent.py::test_linear_gc_content_percent_axis_inherits_depth_tick_font_size PASSED [ 47%]
tests/test_gc_content_percent.py::test_circular_cli_gc_percent_options_forward_to_api PASSED [ 47%]
tests/test_gc_content_percent.py::test_linear_cli_gc_percent_options_forward_to_api PASSED [ 47%]
tests/test_gc_content_percent.py::test_gc_percent_cli_rejects_invalid_ranges PASSED [ 47%]
tests/test_gc_style_contract.py::test_gc_content_outline_contract_matches_in_both_modes[0.0] PASSED [ 47%]
tests/test_gc_style_contract.py::test_gc_content_outline_contract_matches_in_both_modes[2.5] PASSED [ 47%]
tests/test_gc_style_contract.py::test_gc_skew_outline_contract_matches_in_both_modes[0.0] PASSED [ 47%]
tests/test_gc_style_contract.py::test_gc_skew_outline_contract_matches_in_both_modes[2.5] PASSED [ 47%]
tests/test_gc_style_contract.py::test_none_stroke_remains_invisible_with_positive_width[GcContentDrawer-args0] PASSED [ 47%]
tests/test_gc_style_contract.py::test_none_stroke_remains_invisible_with_positive_width[GcContentDrawer-args1] PASSED [ 47%]
tests/test_genome_loading.py::test_record_loader_signatures_are_mode_neutral PASSED [ 47%]
tests/test_genome_loading.py::test_load_gbks_preserves_all_records_without_topology_policy PASSED [ 47%]
tests/test_genome_loading.py::test_load_gbks_keeps_neutral_selector_and_reverse_controls PASSED [ 47%]
tests/test_genome_loading.py::test_records_table_loader_forwards_only_neutral_record_controls PASSED [ 47%]
tests/test_gff_multipart.py::test_load_gff_fasta_preserves_fasta_record_order PASSED [ 47%]
tests/test_gff_multipart.py::test_load_gff_fasta_collapses_same_id_rows_into_compound_location PASSED [ 47%]
tests/test_gff_multipart.py::test_load_gff_fasta_orders_negative_multipart_rows_in_transcription_direction PASSED [ 47%]
tests/test_gff_multipart.py::test_nc_013668_gff3_orf10_matches_genbank_compound_cds PASSED [ 47%]
tests/test_gui_interactive_capture_contracts.py::test_interactive_flows_use_whole_natural_source_records PASSED [ 47%]
tests/test_gui_interactive_capture_contracts.py::test_interactive_flows_use_raw_inputs_and_visible_actions PASSED [ 47%]
tests/test_gui_interactive_capture_contracts.py::test_h_gui_13_persists_real_edits_and_keeps_group_semantics_distinct PASSED [ 47%]
tests/test_gui_interactive_capture_contracts.py::test_h_gui_14_writes_current_gzip_session_and_uses_a_fresh_context PASSED [ 47%]
tests/test_gui_interactive_capture_contracts.py::test_h_gui_15_validates_every_actual_export PASSED [ 47%]
tests/test_gui_interactive_capture_contracts.py::test_interactive_accessibility_labels_are_public_ui_contracts PASSED [ 47%]
tests/test_gui_interactive_capture_contracts.py::test_manifest_runner_and_screenshot_evidence_contracts_match PASSED [ 47%]
tests/test_gui_interactive_capture_contracts.py::test_interactive_screenshots_are_deterministic_pngs PASSED [ 47%]
tests/test_gui_nucleotide_comparison_capture_contracts.py::test_linear_evidence_uses_whole_lambda_and_de3_records_only PASSED [ 47%]
tests/test_gui_nucleotide_comparison_capture_contracts.py::test_frozen_tlosatx_evidence_has_397_rows_and_seven_qualified_links PASSED [ 47%]
tests/test_gui_nucleotide_comparison_capture_contracts.py::test_circular_ring_flow_uses_four_complete_natural_mitochondria PASSED [ 47%]
tests/test_gui_nucleotide_comparison_capture_contracts.py::test_h_gui_03_to_06_flows_use_visible_controls_without_state_injection PASSED [ 47%]
tests/test_gui_nucleotide_comparison_capture_contracts.py::test_nucleotide_capture_accessibility_labels_are_in_the_public_ui PASSED [ 47%]
tests/test_gui_nucleotide_comparison_capture_contracts.py::test_nucleotide_manifest_records_the_executable_evidence PASSED [ 47%]
tests/test_gui_nucleotide_comparison_capture_contracts.py::test_nucleotide_screenshots_are_full_pinned_viewports PASSED [ 47%]
tests/test_gui_presentation_capture_contracts.py::test_presentation_flows_use_one_complete_natural_mitochondrial_record PASSED [ 47%]
tests/test_gui_presentation_capture_contracts.py::test_presentation_rule_tables_are_frozen_and_gene_first PASSED [ 47%]
tests/test_gui_presentation_capture_contracts.py::test_presentation_flows_use_visible_controls_without_state_injection PASSED [ 47%]
tests/test_gui_presentation_capture_contracts.py::test_presentation_capture_has_semantic_svg_guards PASSED [ 47%]
tests/test_gui_presentation_capture_contracts.py::test_presentation_accessibility_labels_are_public_ui_contracts PASSED [ 47%]
tests/test_gui_presentation_capture_contracts.py::test_presentation_evidence_matches_scenarios_and_screenshots PASSED [ 47%]
tests/test_gui_presentation_capture_contracts.py::test_committed_presentation_screenshots_are_full_pinned_viewports PASSED [ 47%]
tests/test_gui_protein_comparison_capture_contracts.py::test_bgc_capture_uses_five_frozen_whole_native_linear_records PASSED [ 47%]
tests/test_gui_protein_comparison_capture_contracts.py::test_bgc_fixture_manifest_keeps_native_sources_and_scenario_ownership PASSED [ 48%]
tests/test_gui_protein_comparison_capture_contracts.py::test_hepatoplasmataceae_fixture_owns_all_collinear_tutorial_variants PASSED [ 48%]
tests/test_gui_protein_comparison_capture_contracts.py::test_protein_flows_separate_bgc_groups_from_hepatoplasma_collinear PASSED [ 48%]
tests/test_gui_protein_comparison_capture_contracts.py::test_bgc_flow_pins_gallery_presentation_and_losatp_values PASSED [ 48%]
tests/test_gui_protein_comparison_capture_contracts.py::test_gallery_svg_is_the_frozen_similarity_group_reference PASSED [ 48%]
tests/test_gui_protein_comparison_capture_contracts.py::test_hepatoplasmataceae_collinear_guards_pin_evidence_and_span_fasta PASSED [ 48%]
tests/test_gui_protein_comparison_capture_contracts.py::test_protein_comparison_tutorials_and_evidence_record_the_complete_recipe PASSED [ 48%]
tests/test_gui_protein_comparison_capture_contracts.py::test_protein_comparison_screenshots_are_full_pinned_viewports PASSED [ 48%]
tests/test_gui_protein_comparison_capture_contracts.py::test_protein_popup_state_uses_catalog_commit_path PASSED [ 48%]
tests/test_gui_tracks_capture_contracts.py::test_quantitative_capture_uses_one_complete_record_and_607_real_bins PASSED [ 48%]
tests/test_gui_tracks_capture_contracts.py::test_annotation_capture_uses_the_complete_plastome_and_four_regions PASSED [ 48%]
tests/test_gui_tracks_capture_contracts.py::test_track_flows_use_visible_accessible_controls_without_state_injection PASSED [ 48%]
tests/test_gui_tracks_capture_contracts.py::test_track_capture_accessibility_labels_are_part_of_the_public_ui PASSED [ 48%]
tests/test_gui_tracks_capture_contracts.py::test_track_evidence_matches_the_approved_manifest PASSED [ 48%]
tests/test_gui_tracks_capture_contracts.py::test_committed_track_screenshots_are_full_pinned_viewports PASSED [ 48%]
tests/test_interactive_svg_cli_format.py::test_enrich_svg_embeds_selected_schema_three_catalog_item_exactly PASSED [ 48%]
tests/test_interactive_svg_cli_format.py::test_enrich_svg_rejects_external_catalog_feature_with_conflicting_dom_identity PASSED [ 48%]
tests/test_interactive_svg_cli_format.py::test_enrich_svg_rejects_conflicting_duplicate_dom_feature_identity_with_catalog PASSED [ 48%]
tests/test_interactive_svg_cli_format.py::test_enrich_svg_binds_external_catalog_matches_by_unique_id PASSED [ 48%]
tests/test_interactive_svg_cli_format.py::test_enrich_svg_rejects_conflicting_dom_match_id_aliases PASSED [ 48%]
tests/test_interactive_svg_cli_format.py::test_enrich_svg_internal_catalog_rejects_invalid_match_ids[<svg xmlns="http://www.w3.org/2000/svg">\n              <path data-gbdraw-match-id="M1"\n                data-gbdraw-pairwise-match-id="M2" data-match-kind="pairwise" />\n            </svg>-conflicting match ID aliases] PASSED [ 48%]
tests/test_interactive_svg_cli_format.py::test_enrich_svg_internal_catalog_rejects_invalid_match_ids[<svg xmlns="http://www.w3.org/2000/svg">\n              <path data-gbdraw-match-id="M1" data-match-kind="pairwise" />\n              <path data-gbdraw-pairwise-match-id="M1" data-match-kind="pairwise" />\n            </svg>-duplicate match IDs] PASSED [ 48%]
tests/test_interactive_svg_cli_format.py::test_interactive_types_and_builder_are_public PASSED [ 48%]
tests/test_interactive_svg_cli_format.py::test_linear_interactive_context_keeps_stable_feature_ids_until_svg_enrichment PASSED [ 48%]
tests/test_interactive_svg_cli_format.py::test_orthogroup_enrichment_requires_record_index_for_ambiguous_stable_ids PASSED [ 48%]
tests/test_interactive_svg_cli_format.py::test_orthogroup_enrichment_requires_matching_record_scoped_identity PASSED [ 48%]
tests/test_interactive_svg_cli_format.py::test_orthogroup_enrichment_requires_complete_unique_alias_agreement PASSED [ 48%]
tests/test_interactive_svg_cli_format.py::test_orthogroup_enrichment_rejects_duplicate_member_identity PASSED [ 48%]
tests/test_interactive_svg_cli_format.py::test_orthogroup_enrichment_keeps_source_and_rendered_ids_in_separate_namespaces PASSED [ 48%]
tests/test_interactive_svg_cli_format.py::test_orthogroup_enrichment_rejects_conflicting_member_source_id_aliases PASSED [ 48%]
tests/test_interactive_svg_cli_format.py::test_feature_payloads_do_not_rebind_duplicate_explicit_rendered_handle PASSED [ 48%]
tests/test_interactive_svg_cli_format.py::test_feature_payloads_keep_rendered_and_stable_dom_ids_in_separate_namespaces PASSED [ 48%]
tests/test_interactive_svg_cli_format.py::test_feature_payloads_reject_rendered_handle_with_conflicting_dom_identity PASSED [ 48%]
tests/test_interactive_svg_cli_format.py::test_feature_payloads_do_not_treat_recordless_stable_id_as_rendered_handle PASSED [ 48%]
tests/test_interactive_svg_cli_format.py::test_feature_payloads_reject_conflicting_duplicate_dom_identity PASSED [ 48%]
tests/test_interactive_svg_cli_format.py::test_parse_formats_accepts_interactive_svg_alias_and_dedupes PASSED [ 48%]
tests/test_interactive_svg_cli_format.py::test_format_classification_and_filename_resolution PASSED [ 48%]
tests/test_interactive_svg_cli_format.py::test_handle_output_formats_keeps_interactive_when_cairosvg_missing PASSED [ 48%]
tests/test_interactive_svg_cli_format.py::test_enrich_svg_marks_features_matches_and_embeds_assets PASSED [ 48%]
tests/test_interactive_svg_cli_format.py::test_enrich_svg_embeds_valid_regexp_escape_runtime PASSED [ 48%]
tests/test_interactive_svg_cli_format.py::test_enrich_svg_embeds_match_sequence_sources_once PASSED [ 48%]
tests/test_interactive_svg_cli_format.py::test_enrich_svg_generates_fallback_feature_payload PASSED [ 48%]
tests/test_interactive_svg_cli_format.py::test_enrich_svg_v3_embeds_sequences_without_precomputed_fastas PASSED [ 48%]
tests/test_interactive_svg_cli_format.py::test_enrich_svg_v3_deduplicates_translation_sequence PASSED [ 49%]
tests/test_interactive_svg_cli_format.py::test_enrich_svg_v3_metadata_is_at_least_35_percent_smaller_than_v1_fixture PASSED [ 49%]
tests/test_interactive_svg_cli_format.py::test_enrich_svg_matches_record_suffixed_session_feature_ids PASSED [ 49%]
tests/test_interactive_svg_cli_format.py::test_enrich_svg_rejects_malformed_svg PASSED [ 49%]
tests/test_interactive_svg_cli_format.py::test_records_metadata_uses_shared_feature_id_helper PASSED [ 49%]
tests/test_interactive_svg_cli_format.py::test_linear_cli_interactive_context_includes_orthogroup_payload PASSED [ 49%]
tests/test_interactive_svg_cli_format.py::test_linear_cli_interactive_context_orthogroup_members_use_absolute_region_coordinates PASSED [ 49%]
tests/test_interactive_svg_cli_format.py::test_enrich_svg_uses_orthogroup_payload_for_feature_and_match_metadata PASSED [ 49%]
tests/test_interactive_svg_cli_format.py::test_enrich_svg_uses_stable_orthogroup_member_feature_ids PASSED [ 49%]
tests/test_interactive_svg_cli_format.py::test_enrich_svg_keeps_hidden_biological_features_and_orthogroup_members PASSED [ 49%]
tests/test_interactive_svg_cli_format.py::test_enrich_svg_match_metadata_matches_standalone_pairwise_sections PASSED [ 49%]
tests/test_interactive_svg_cli_format.py::test_enrich_svg_match_metadata_matches_standalone_collinear_sections PASSED [ 49%]
tests/test_interactive_svg_cli_format.py::test_save_figure_to_interactive_png_uses_cairosvg_only_for_png PASSED [ 49%]
tests/test_interactive_svg_cli_format.py::test_save_figure_to_returns_interactive_path_and_checks_overwrite PASSED [ 49%]
tests/test_interactive_svg_cli_format.py::test_save_figure_to_overwrite_replaces_existing_binary PASSED [ 49%]
tests/test_interactive_svg_cli_format.py::test_save_figure_to_preflights_all_formats_before_overwrite_removal[directory] PASSED [ 49%]
tests/test_interactive_svg_cli_format.py::test_save_figure_to_preflights_all_formats_before_overwrite_removal[fifo] PASSED [ 49%]
tests/test_interactive_svg_cli_format.py::test_save_figure_to_rejects_invalid_output_parent_before_writing[file] PASSED [ 49%]
tests/test_interactive_svg_cli_format.py::test_save_figure_to_rejects_invalid_output_parent_before_writing[fifo] PASSED [ 49%]
tests/test_interactive_svg_cli_format.py::test_save_figure_to_rejects_invalid_output_parent_before_writing[dangling-symlink] PASSED [ 49%]
tests/test_interactive_svg_cli_format.py::test_save_figure_to_does_not_follow_binary_target_created_after_preflight PASSED [ 49%]
tests/test_interactive_svg_cli_format.py::test_render_to_bytes_supports_interactive_svg PASSED [ 49%]
tests/test_interactive_svg_cli_format.py::test_save_figure_to_raises_when_cairosvg_is_unavailable PASSED [ 49%]
tests/test_interactive_svg_cli_format.py::test_save_figure_to_reports_partial_conversion_failure PASSED [ 49%]
tests/test_interactive_svg_cli_format.py::test_render_to_bytes_wraps_converter_failure PASSED [ 49%]
tests/test_interactive_svg_cli_format.py::test_cli_help_lists_interactive_svg PASSED [ 49%]
tests/test_joint_display_placement_surfaces.py::test_public_placement_types_are_the_existing_typed_classes PASSED [ 49%]
tests/test_joint_display_placement_surfaces.py::test_joint_root_typed_cli_intent_and_svg[dataframe-circular] PASSED [ 49%]
tests/test_joint_display_placement_surfaces.py::test_joint_root_typed_cli_intent_and_svg[dataframe-linear] PASSED [ 49%]
tests/test_joint_display_placement_surfaces.py::test_joint_root_typed_cli_intent_and_svg[path-circular] PASSED [ 49%]
tests/test_joint_display_placement_surfaces.py::test_joint_root_typed_cli_intent_and_svg[path-linear] PASSED [ 49%]
tests/test_joint_display_placement_surfaces.py::test_joint_root_typed_cli_intent_and_svg[exact-circular] PASSED [ 49%]
tests/test_joint_display_placement_surfaces.py::test_joint_root_typed_cli_intent_and_svg[exact-linear] PASSED [ 49%]
tests/test_joint_display_placement_surfaces.py::test_joint_canonical_round_trip[circular] PASSED [ 49%]
tests/test_joint_display_placement_surfaces.py::test_joint_canonical_round_trip[linear] PASSED [ 49%]
tests/test_joint_display_placement_surfaces.py::test_historical_v40_schema6_typed_promotion_without_render PASSED [ 49%]
tests/test_joint_display_placement_surfaces.py::test_current_codec_rejects_non_requested_or_invalid_intent[display-field] PASSED [ 49%]
tests/test_joint_display_placement_surfaces.py::test_current_codec_rejects_non_requested_or_invalid_intent[linear-start] PASSED [ 49%]
tests/test_joint_display_placement_surfaces.py::test_current_codec_rejects_non_requested_or_invalid_intent[placement-field] PASSED [ 49%]
tests/test_joint_display_placement_surfaces.py::test_current_codec_rejects_non_requested_or_invalid_intent[auto] PASSED [ 49%]
tests/test_joint_display_placement_surfaces.py::test_current_codec_rejects_non_requested_or_invalid_intent[level] PASSED [ 49%]
tests/test_joint_display_placement_surfaces.py::test_current_codec_rejects_non_requested_or_invalid_intent[side] PASSED [ 49%]
tests/test_label_overrides.py::test_read_label_override_file_ok PASSED   [ 49%]
tests/test_label_overrides.py::test_read_label_override_file_missing_columns_raises_validation_error PASSED [ 50%]
tests/test_label_overrides.py::test_read_label_override_file_extra_columns_raises_parse_error PASSED [ 50%]
tests/test_label_overrides.py::test_read_label_override_file_not_found_raises_input_file_error PASSED [ 50%]
tests/test_label_overrides.py::test_read_label_override_file_empty_label_text_allowed PASSED [ 50%]
tests/test_label_overrides.py::test_get_label_text_row_order_first_wins PASSED [ 50%]
tests/test_label_overrides.py::test_get_label_text_record_constraint_works PASSED [ 50%]
tests/test_label_overrides.py::test_get_label_text_hash_override_works PASSED [ 50%]
tests/test_label_overrides.py::test_get_label_text_record_location_override_works PASSED [ 50%]
tests/test_label_overrides.py::test_get_label_text_feature_type_constraint_works PASSED [ 50%]
tests/test_label_overrides.py::test_get_label_text_does_not_override_hidden_label PASSED [ 50%]
tests/test_label_overrides.py::test_get_label_text_blacklist_matching_is_case_insensitive PASSED [ 50%]
tests/test_label_overrides.py::test_get_label_text_hash_override_bypasses_blacklist PASSED [ 50%]
tests/test_label_overrides.py::test_get_label_text_hash_override_bypasses_whitelist PASSED [ 50%]
tests/test_label_overrides.py::test_get_label_text_whitelist_regex_matches_product PASSED [ 50%]
tests/test_label_overrides.py::test_get_label_text_whitelist_regex_is_case_insensitive PASSED [ 50%]
tests/test_label_overrides.py::test_get_label_text_whitelist_anchored_regex_matches_exact_label PASSED [ 50%]
tests/test_label_overrides.py::test_get_label_text_whitelist_literal_pattern_still_matches PASSED [ 50%]
tests/test_label_overrides.py::test_get_label_text_whitelist_hash_rule_matches_feature_hash_regex PASSED [ 50%]
tests/test_label_overrides.py::test_get_label_text_whitelist_location_rule_matches_feature_regex PASSED [ 50%]
tests/test_label_overrides.py::test_get_label_text_whitelist_record_location_rule_matches_feature_regex PASSED [ 50%]
tests/test_label_overrides.py::test_get_label_text_whitelist_record_location_rule_non_matching_hides_label PASSED [ 50%]
tests/test_label_overrides.py::test_get_label_text_hash_override_empty_text_hides_label PASSED [ 50%]
tests/test_label_overrides.py::test_get_label_text_feature_object_hash_override_works PASSED [ 50%]
tests/test_label_overrides.py::test_get_label_text_feature_object_record_location_override_works PASSED [ 50%]
tests/test_label_overrides.py::test_get_label_text_feature_object_origin_spanning_hash_override_uses_coordinates PASSED [ 50%]
tests/test_label_overrides.py::test_get_label_text_feature_object_origin_spanning_record_location_override_uses_coordinates PASSED [ 50%]
tests/test_label_overrides.py::test_get_label_text_hmmtdna_d_loop_hash_override_matches_origin_spanning_feature_object PASSED [ 50%]
tests/test_label_overrides.py::test_prepare_label_list_hmmtdna_d_loop_hash_override_survives_feature_object_recheck PASSED [ 50%]
tests/test_label_overrides.py::test_get_label_text_invalid_override_regex_raises_parse_error PASSED [ 50%]
tests/test_label_overrides.py::test_get_label_text_invalid_whitelist_regex_raises_parse_error PASSED [ 50%]
tests/test_label_overrides.py::test_get_label_text_location_override_works PASSED [ 50%]
tests/test_label_overrides.py::test_get_label_text_normal_qualifier_override_works PASSED [ 50%]
tests/test_label_overrides.py::test_circular_cli_label_table_injects_override_df PASSED [ 50%]
tests/test_label_overrides.py::test_linear_cli_label_table_injects_override_df PASSED [ 50%]
tests/test_label_rendering_policy.py::test_circular_label_rendering_policy_filters_embedding_classes PASSED [ 50%]
tests/test_label_rendering_policy.py::test_linear_label_rendering_policy_filters_embedding_classes PASSED [ 50%]
tests/test_label_rendering_policy.py::test_linear_label_rendering_policy_rejects_above_feature_conflict PASSED [ 50%]
tests/test_legend_measurement.py::test_circular_legend_measurement_carries_the_render_layout PASSED [ 50%]
tests/test_legend_measurement.py::test_linear_legend_measurement_is_the_renderer_geometry_authority[solid-only-bottom] PASSED [ 50%]
tests/test_legend_measurement.py::test_linear_legend_measurement_is_the_renderer_geometry_authority[solid-only-right] PASSED [ 50%]
tests/test_legend_measurement.py::test_linear_legend_measurement_is_the_renderer_geometry_authority[single-gradient-only-bottom] PASSED [ 50%]
tests/test_legend_measurement.py::test_linear_legend_measurement_is_the_renderer_geometry_authority[single-gradient-only-right] PASSED [ 50%]
tests/test_legend_measurement.py::test_linear_legend_measurement_is_the_renderer_geometry_authority[multi-gradient-only-bottom] PASSED [ 50%]
tests/test_legend_measurement.py::test_linear_legend_measurement_is_the_renderer_geometry_authority[multi-gradient-only-right] PASSED [ 50%]
tests/test_legend_measurement.py::test_linear_legend_measurement_is_the_renderer_geometry_authority[mixed-bottom] PASSED [ 51%]
tests/test_legend_measurement.py::test_linear_legend_measurement_is_the_renderer_geometry_authority[mixed-right] PASSED [ 51%]
tests/test_legend_measurement.py::test_empty_legend_measurement_is_an_immutable_zero_value[circular] PASSED [ 51%]
tests/test_legend_measurement.py::test_empty_legend_measurement_is_an_immutable_zero_value[linear] PASSED [ 51%]
tests/test_legend_measurement.py::test_legend_mode_dispatch_uses_the_render_profile PASSED [ 51%]
tests/test_legend_measurement.py::test_legend_local_bounds_include_stroke_at_its_painted_position[circular] PASSED [ 51%]
tests/test_legend_measurement.py::test_legend_local_bounds_include_stroke_at_its_painted_position[linear] PASSED [ 51%]
tests/test_legend_measurement.py::test_legend_measurement_rejects_invalid_wrap_width[-1.0] PASSED [ 51%]
tests/test_legend_measurement.py::test_legend_measurement_rejects_invalid_wrap_width[inf] PASSED [ 51%]
tests/test_legend_measurement.py::test_legend_measurement_rejects_invalid_wrap_width[nan] PASSED [ 51%]
tests/test_linear_annotation_tracks.py::test_linear_annotation_renderer_parses_typed_params PASSED [ 51%]
tests/test_linear_annotation_tracks.py::test_linear_annotation_track_renders_metadata_and_hatch PASSED [ 51%]
tests/test_linear_annotation_tracks.py::test_linear_highlight_automatically_renders_behind_features PASSED [ 51%]
tests/test_linear_annotation_tracks.py::test_linear_mixed_annotation_set_splits_highlight_from_lane_marks PASSED [ 51%]
tests/test_linear_annotation_tracks.py::test_linear_annotation_overlay_requires_anchor_and_consistent_z PASSED [ 51%]
tests/test_linear_annotation_tracks.py::test_linear_annotation_overlay_rejects_unknown_anchor_in_complete_list PASSED [ 51%]
tests/test_linear_annotation_tracks.py::test_linear_annotation_overlay_rejects_annotation_anchor PASSED [ 51%]
tests/test_linear_annotation_tracks.py::test_linear_annotation_overlay_rejects_spacer_anchor PASSED [ 51%]
tests/test_linear_annotation_tracks.py::test_linear_annotation_cover_anchor_expands_overlay_to_feature_band PASSED [ 51%]
tests/test_linear_annotation_tracks.py::test_linear_annotation_clip_policy_creates_clip_path PASSED [ 51%]
tests/test_linear_annotation_tracks.py::test_annotation_hatch_is_used_in_shared_legend_preview PASSED [ 51%]
tests/test_linear_annotation_tracks.py::test_multi_record_annotation_lanes_use_final_sequence_width PASSED [ 51%]
tests/test_linear_comparison_browser_contracts.py::test_linear_comparison_browser_contracts FAILED [ 51%]
tests/test_linear_composition.py::test_linear_composition_uses_exact_dock_gap_and_orthogonal_center[left] PASSED [ 51%]
tests/test_linear_composition.py::test_linear_composition_uses_exact_dock_gap_and_orthogonal_center[right] PASSED [ 51%]
tests/test_linear_composition.py::test_linear_composition_uses_exact_dock_gap_and_orthogonal_center[top] PASSED [ 51%]
tests/test_linear_composition.py::test_linear_composition_uses_exact_dock_gap_and_orthogonal_center[bottom] PASSED [ 51%]
tests/test_linear_composition.py::test_linear_composition_emits_schema_one_without_legacy_viewboxes PASSED [ 51%]
tests/test_linear_composition.py::test_linear_title_uses_shared_gap_or_center_overlay[top] PASSED [ 51%]
tests/test_linear_composition.py::test_linear_title_uses_shared_gap_or_center_overlay[bottom] PASSED [ 51%]
tests/test_linear_composition.py::test_linear_title_uses_shared_gap_or_center_overlay[center] PASSED [ 51%]
tests/test_linear_composition.py::test_linear_same_side_legend_is_nearest_plot_and_title_is_outward[top] PASSED [ 51%]
tests/test_linear_composition.py::test_linear_same_side_legend_is_nearest_plot_and_title_is_outward[bottom] PASSED [ 51%]
tests/test_linear_composition.py::test_linear_legend_side_does_not_change_record_local_geometry PASSED [ 51%]
tests/test_linear_composition.py::test_linear_multi_row_track_metadata_uses_final_primary_translation PASSED [ 51%]
tests/test_linear_definition_alignment.py::test_linear_definition_group_follows_record_offset_by_default PASSED [ 51%]
tests/test_linear_definition_alignment.py::test_linear_definition_group_can_stay_in_left_column PASSED [ 51%]
tests/test_linear_definition_alignment.py::test_locked_linear_definition_column_uses_rendered_svg_text_width PASSED [ 51%]
tests/test_linear_definition_alignment.py::test_locked_linear_definition_column_uses_configured_definition_gap PASSED [ 51%]
tests/test_linear_definition_alignment.py::test_locked_linear_definition_column_follows_global_horizontal_shift PASSED [ 51%]
tests/test_linear_definition_alignment.py::test_locked_linear_definition_column_gap_uses_records_column_left PASSED [ 51%]
tests/test_linear_definition_alignment.py::test_precalculated_max_definition_width_is_ceiled PASSED [ 51%]
tests/test_linear_definition_alignment.py::test_linear_definition_gap_defaults_to_twenty_for_legacy_config PASSED [ 51%]
tests/test_linear_definition_alignment.py::test_linear_definition_gap_reads_explicit_config_value PASSED [ 52%]
tests/test_linear_definition_alignment.py::test_linear_definition_band_matches_resolved_feature_center[above--1] PASSED [ 52%]
tests/test_linear_definition_alignment.py::test_linear_definition_band_matches_resolved_feature_center[below-1] PASSED [ 52%]
tests/test_linear_definition_alignment.py::test_liberation_sans_bundled_fonts_preferred_over_system_fontconfig PASSED [ 52%]
tests/test_linear_definition_alignment.py::test_definition_plain_lines_use_definition_font_weight PASSED [ 52%]
tests/test_linear_definition_alignment.py::test_definition_mixed_content_width_sums_style_aware_parts PASSED [ 52%]
tests/test_linear_definition_alignment.py::test_browser_rendered_definition_gap_is_at_least_configured_gap[Plain definition-normal] 